{"type":"FeatureCollection","name":"region_boundary","crs":{"type":"name","properties":{"name":"EPSG:4326"}},"features":[{"type":"Feature","properties":{"city_name":"濮阳市","city_code":"410900","province_name":"河南省","province_code":"410000"},"geometry":{"type":"Polygon","coordinates":[[[115.14202900043824,36.20842000038289],[115.11874599962835,36.208961000150225],[115.10599499976956,36.19170800042406],[115.10363799989398,36.17177200017784],[115.06121100028759,36.175377000048684],[115.05249799958324,36.17005199999994],[115.04335000040237,36.152588000436026],[115.04373900035478,36.114352999891196],[115.03510299960396,36.11128999983379],[115.03719299975728,36.101069999780805],[115.01970700007814,36.10031099985292],[115.02283500043507,36.09151499981755],[115.00279199975114,36.08674600022789],[114.99894000018105,36.080848999881596],[115.0018650001698,36.07845800023671],[115.00863700039747,36.07531400004126],[114.97682200003544,36.069115000157296],[114.93875099985894,36.06766499984002],[114.92239099994492,36.05502699979638],[114.9298690003543,36.040436999667975],[114.9788540002121,36.02594999979283],[114.977424999964,36.019523000186496],[114.96858999992878,36.0123840001217],[114.96640299979879,35.999453000056064],[114.96998500040763,35.997238000433526],[114.97764700030905,36.00271300020495],[114.97605799987696,35.980629999874736],[114.98247299982927,35.96636000011409],[114.97262900002852,35.939164999665195],[114.96848999981387,35.93998100042302],[114.9665789998212,35.91968799990144],[114.9735609998404,35.91053200035168],[114.9551940000033,35.862980000027164],[114.92591299958542,35.851878999816165],[114.92696300034231,35.82463099962109],[114.93568999989373,35.82679599963586],[114.9447100003664,35.81804599992313],[114.93469199973617,35.78897900038072],[114.90990100043098,35.78051000013659],[114.89125899960334,35.76117499972662],[114.87941800034059,35.75927900042569],[114.88251700025955,35.73372700020104],[114.8967409996975,35.73081800005082],[114.90974200029325,35.70699599956589],[114.89796799962369,35.70442999994469],[114.89793699999268,35.69499600016542],[114.90746300041735,35.69671999962844],[114.91497599974275,35.68585200026979],[114.91136000026393,35.667969000269295],[114.9006399996365,35.65973800020873],[114.89672099967459,35.64527399959559],[114.89029500011429,35.64275400029703],[114.88800100044602,35.63568199972468],[114.87782000039283,35.63578299988569],[114.86972700040087,35.62995700011561],[114.87093799958916,35.617249999587955],[114.86703799960412,35.60921300037984],[114.89532900023335,35.59216200007643],[114.91215500005342,35.58747199963324],[114.9262879997915,35.5902829997608],[114.95353599998657,35.57842899989862],[114.957470999787,35.571850999624075],[114.95391899966228,35.553278000179716],[114.96360100008621,35.5402599996994],[114.9650490003113,35.51949099971006],[114.96468599975924,35.50676500010485],[114.93722799977252,35.498310999653086],[114.93145399970251,35.48334700026402],[114.93633499996042,35.47864500016681],[114.95616599986113,35.48248900026732],[114.9668590001429,35.47917400028007],[114.96093300025791,35.46058600014396],[114.96424800024522,35.45448999961394],[114.95857999966745,35.450117000299485],[114.95710700008817,35.4393280000873],[114.97545800008686,35.43552400003273],[114.97909899981914,35.416647000059186],[114.97256299968285,35.40316999999567],[114.96137399991039,35.39758000031691],[114.94492699958153,35.38075499964367],[114.94154300000957,35.371029999934706],[114.95762000036291,35.3627199998283],[114.98734699976444,35.33531100030257],[115.0136410000323,35.33264799980549],[115.0097729997243,35.36098900004248],[115.01392399959309,35.36951800035558],[115.02586399982386,35.375858000446556],[115.06657400029007,35.37805199999997],[115.07953599998655,35.39271499989752],[115.07656100039003,35.41022499978408],[115.08241299956046,35.41437200036768],[115.08728800044105,35.415344000225616],[115.08948500013287,35.40876399985888],[115.10874199964371,35.39876900028929],[115.10581200032368,35.4192430001645],[115.11386100008531,35.423877999869944],[115.11458600024389,35.39608799986149],[115.12239100044451,35.39779300024691],[115.12409199974616,35.425338999795144],[115.12872300016647,35.427532000201836],[115.15651700035949,35.428993000127036],[115.18601299990019,35.41785199987004],[115.2273250002487,35.42363400030905],[115.25511200011886,35.4487379996591],[115.25926199994149,35.4559169997699],[115.25730100034104,35.46263100002079],[115.26373300017804,35.46710600044173],[115.27957899977116,35.464428000152225],[115.2920150003921,35.47220600000708],[115.29672199982065,35.47030300038335],[115.31790900020042,35.48588600043871],[115.34574100034706,35.49481200017385],[115.34941899998705,35.50111400031102],[115.34276599985117,35.52947599971776],[115.35834499972214,35.53892900037323],[115.33786799970858,35.54739400043292],[115.33982800016224,35.551589999678924],[115.3490599996195,35.55186799990844],[115.3471450003417,35.56658899978265],[115.36009999971543,35.57429099973001],[115.36937700034844,35.572364999944966],[115.39756799996337,35.59404799981553],[115.40182500022377,35.62536199955679],[115.42109700042636,35.619616999924745],[115.43017600002258,35.62184099996233],[115.42582700001617,35.62790299982373],[115.41994500036162,35.62790299982373],[115.42183700037742,35.640555999659796],[115.4248049996512,35.64667100016669],[115.44166500013978,35.65037500010635],[115.41401700038443,35.65707000038037],[115.45816800035311,35.667453999902364],[115.44617400033007,35.674713000105044],[115.46187599957784,35.67538799975654],[115.47116099968059,35.69868500031271],[115.49462900002845,35.711348999756694],[115.50299800015773,35.724518000005844],[115.55123100041055,35.72627600013749],[115.55228400040642,35.732616000228404],[115.58185599985472,35.7248690000045],[115.58185599985472,35.73578299968585],[115.61142700015614,35.737896000000546],[115.65712500041866,35.750461000275095],[115.68534799971064,35.750567999813484],[115.69591499957778,35.8044279996526],[115.70858700028998,35.80126200024131],[115.70822899996858,35.81322899991858],[115.71914699983438,35.813934000054246],[115.72738800035609,35.83178699957057],[115.75395999995419,35.83731800012578],[115.76630399992985,35.853683000270394],[115.80920399976492,35.84391400033104],[115.81380499970112,35.85288999967389],[115.83368700015512,35.847800999716526],[115.83396100020013,35.85525099973404],[115.85665900011293,35.856425999960095],[115.86952499987899,35.864996000365295],[115.8822549996687,35.89725100033354],[115.87792999986982,35.90868799985145],[115.86573000023952,35.9089429999197],[115.86485300026595,35.91431400029103],[115.89900999981182,35.92852399998276],[115.90092499998889,35.951476999963745],[115.90856899995958,35.962132000291774],[115.97961399998633,35.974975999942615],[116.03262300015149,35.96759799964815],[116.03972600035479,35.97141999963344],[116.04351799985602,35.982478999706245],[116.05610700033799,36.027896999647],[116.06627699988383,36.02560800020922],[116.07009100039954,36.03882600002004],[116.06881700010467,36.056110000276476],[116.08457900032079,36.08050900039024],[116.09275599968976,36.11046599960639],[116.05631299994513,36.10499600006551],[116.01735700032543,36.06333899999504],[115.99741399975642,36.052115999553905],[115.94092600013494,36.037063999704],[115.92543799996395,36.02585199977011],[115.89026700042189,36.0249410000273],[115.85331000035637,36.00663000007461],[115.82877300017401,36.01464099988243],[115.80311599960385,36.01005199960025],[115.7484969998369,35.97412100008427],[115.72787500033121,35.969246000103],[115.70843499957573,35.97034100023711],[115.68595900000798,35.96349300010206],[115.67533100002584,35.94376000022402],[115.6448099999817,35.930571999997994],[115.64478299963594,35.930561000390014],[115.63008099973854,35.92486200018135],[115.58512100023415,35.925056000134475],[115.54286899970475,35.89764399957107],[115.50988800043103,35.893653999932326],[115.46704100034208,35.87456500007488],[115.43067899983612,35.8511510004185],[115.3988719998431,35.81025300027591],[115.35540800007936,35.78444700002922],[115.34047300022894,35.79783400043891],[115.33192499993902,35.804111000322564],[115.32768300037037,35.81964499991699],[115.33116099978054,35.85797100016168],[115.33950000032496,35.87802499955427],[115.35524000042585,35.894042999884675],[115.36087000015061,35.909247999595664],[115.34718300029544,35.94689199986607],[115.34849499964469,35.96639299983724],[115.3612590001029,35.977104000049735],[115.39351700020961,35.986220999599595],[115.41066699968246,35.996386999860306],[115.42884799993544,36.0000000001001],[115.44029199977615,36.01330200018731],[115.44608299973083,36.07029299962238],[115.48091900001202,36.12660199998248],[115.47287000025051,36.1693609996106],[115.43391399973143,36.13498699995023],[115.4229129996354,36.13196900016936],[115.4002909996301,36.13577700040838],[115.3856279997326,36.132056999730935],[115.35760499977107,36.09438700006018],[115.33845499979861,36.08675000041234],[115.32349399964858,36.086680999928376],[115.3000110004075,36.09480999978183],[115.29371599969386,36.10645699999071],[115.2958300000546,36.128447999675586],[115.29099300002713,36.133460999725514],[115.27204100019219,36.13657400029007],[115.2550889999576,36.17609399983837],[115.24029600036033,36.188839000319774],[115.21136499989495,36.2005879998365],[115.16139999981033,36.191596999801845],[115.14202900043824,36.20842000038289]]]}},{"type":"Feature","properties":{"city_name":"安阳市","city_code":"410500","province_name":"河南省","province_code":"410000"},"geometry":{"type":"Polygon","coordinates":[[[113.80010999987678,36.337341000187166],[113.74717000019552,36.374184000391494],[113.73640500019076,36.36360199983261],[113.7243419996837,36.36000100014621],[113.72236600029089,36.34142299957193],[113.73004199993852,36.324672999659356],[113.71848300019053,36.30573999980129],[113.70210300025349,36.29609300009207],[113.69926399973394,36.26516300007256],[113.687949999593,36.25313899956535],[113.69215400010717,36.24530799996438],[113.69034600036775,36.23554999963295],[113.67794100027709,36.22017300008406],[113.69588500039265,36.20884700028898],[113.6883469999143,36.202683000220475],[113.6656799996324,36.20015299956145],[113.69232199976068,36.18793500000044],[113.69076599995117,36.181618000070785],[113.65591399983145,36.17779900022384],[113.65091000019652,36.16582100003927],[113.66874699987432,36.16121699996472],[113.67529299957243,36.15198899979265],[113.69169599967086,36.15284699978935],[113.69738000008715,36.149024999804055],[113.69773100008581,36.131179999757364],[113.67890199962778,36.12571699963996],[113.65704399978097,36.13559300001708],[113.64716300007262,36.12342500006389],[113.66529800000285,36.11347199973318],[113.65479999972035,36.11200300033835],[113.6499479999004,36.10648699957551],[113.66285699985087,36.09961300004011],[113.66574099974753,36.08336299980277],[113.67840600013699,36.06402200001543],[113.67769599977078,36.057620999809444],[113.65519700004165,36.04305299979626],[113.65419799983795,36.03482800001234],[113.66394000033097,36.02966300014748],[113.68886599956636,36.026870999996845],[113.69274899966683,36.02254099996736],[113.67446900024436,36.01493800008882],[113.68507400006524,36.006213999776435],[113.68901099995787,35.99566699993227],[113.68018300024539,35.98656800031313],[113.67254599969829,35.98592400029253],[113.63703899995005,35.99299199978111],[113.63163799999393,35.988674000305025],[113.63067599969781,35.97609300019195],[113.6412499998878,35.964545000051885],[113.6482469996995,35.91741899958731],[113.63121800041051,35.87015199981511],[113.63366700003223,35.86029799955321],[113.6506730000591,35.836863999873856],[113.66749299960247,35.83973199993204],[113.69523600014145,35.83612600001504],[113.7074369998179,35.82014599963833],[113.7347680002432,35.81766300024742],[113.75038199992957,35.79590799975455],[113.75569100013968,35.773398999564336],[113.75202600019998,35.76873400027404],[113.76922700022601,35.76359799994793],[113.79068699970549,35.744160000184024],[113.79972900029327,35.74347700016358],[113.7861059997922,35.70167699979385],[113.7886880001513,35.695600000140075],[113.77181099977804,35.68669599962084],[113.77978499967821,35.67509199959625],[113.799888000431,35.67309800027266],[113.80621199978418,35.67723400034902],[113.86286199968174,35.681196999642],[113.87779200020077,35.68837499970664],[113.89381900004696,35.67775199995498],[113.91983600013145,35.68445399965253],[113.92893699984279,35.70487099959712],[113.9604349999754,35.68717199998798],[113.9907070002281,35.70620499996096],[113.99301399959654,35.723201000426],[114.01379700023153,35.726260000298964],[114.03703699995776,35.745441999948525],[114.05249000031347,35.74960799960968],[114.0619149996777,35.757313999741484],[114.06513299968833,35.76719999968043],[114.06002799989244,35.7755420003632],[114.07496099965056,35.78206800003835],[114.07091800026569,35.79975900017786],[114.07895899965831,35.80371199990901],[114.06246199972168,35.805414000156134],[114.04007999999214,35.797268999564835],[114.01739299968733,35.79710700018808],[114.01629100012974,35.80369600007049],[114.02765699997076,35.82200800006933],[114.00174100004733,35.85775900027778],[114.03892199965071,35.85920899969574],[114.0486440001207,35.868512999775305],[114.06238499976814,35.871245999903124],[114.07942100027913,35.90883400028906],[114.07321099988792,35.916949000396244],[114.02648199974465,35.941264000233616],[114.0237800001471,35.965749999862794],[114.02767800003983,35.97514699973442],[114.063730999786,35.96065599967483],[114.06767199986302,35.97534599991815],[114.07045399955257,35.97166500013981],[114.10330600007205,35.983867999908455],[114.09765200013987,35.99721100008776],[114.11413400028403,36.028085000222745],[114.1395169999098,36.03389300006205],[114.14624900009142,36.046534000244094],[114.16985699970098,36.05207999969241],[114.17391699986979,36.03742200002546],[114.1645959999056,35.99847700001368],[114.17647700011366,35.98275799998186],[114.18974799967066,35.98432400025257],[114.192070999777,35.988591000074734],[114.21119999968039,35.994082999730836],[114.23913400003426,35.9726050003207],[114.27536699998723,35.974967999573664],[114.27252600027487,35.94801899967723],[114.28231400019115,35.94834100013719],[114.28919800018775,35.960230999860926],[114.30381399971645,35.95921199963425],[114.30219299960743,35.94884099981243],[114.28939700037142,35.94058300030537],[114.29747699976394,35.93113099969605],[114.29438300007553,35.92530900011042],[114.27177099963205,35.925936000246395],[114.26597799958517,35.90963500035514],[114.2649289997737,35.900179999607474],[114.2685349996907,35.89587799996991],[114.28644199989856,35.8929940000732],[114.25635199994497,35.871001000296076],[114.24813399958464,35.875194000303054],[114.24257899972122,35.87287100019665],[114.24262099985947,35.86336499979507],[114.2249020002273,35.85467099996686],[114.22511200001895,35.84941600044823],[114.22947399972543,35.84889199966619],[114.23162199985563,35.80950399990985],[114.23635799972203,35.80738200007943],[114.23915099991893,35.7938059999471],[114.2464819998446,35.793711000062785],[114.25799800030768,35.777240999572655],[114.2506959999206,35.77450500020575],[114.2500550000384,35.76739200044062],[114.26385699980085,35.76119799988794],[114.27539100019465,35.76959899969427],[114.27047500012134,35.780669000274315],[114.28501000041138,35.787798999924064],[114.2887629999127,35.796038000353576],[114.32408400007671,35.79599400012319],[114.3289860004038,35.79903099988093],[114.3357189997322,35.81754500020179],[114.39464999959796,35.81628200041416],[114.4056509996941,35.82678199988953],[114.41896300024246,35.82672199982062],[114.4361539998074,35.81862399959806],[114.44048599992914,35.8231000000651],[114.46851400012122,35.828349000206344],[114.4698840003465,35.836070000130576],[114.48792699963155,35.841282000364174],[114.51159200007089,35.83875799998185],[114.54549999982532,35.82660900000553],[114.55328099981841,35.830301000291115],[114.55759199987108,35.83818200039917],[114.58184899973173,35.842459999829316],[114.58865000039737,35.8285919997212],[114.62006000006909,35.79740000021002],[114.65659999979039,35.790892999612424],[114.66283699962798,35.783559999594445],[114.69902200006538,35.78878899971272],[114.71287400033498,35.77894700000422],[114.72525700031053,35.779223000141485],[114.7447550001433,35.75847200008292],[114.74672500015879,35.73942999969489],[114.73685700015062,35.71565300038583],[114.7209169998199,35.69746599985615],[114.70255700030555,35.69473599986668],[114.68315999973436,35.68567700029348],[114.6681399995615,35.65223899973023],[114.65756800036309,35.64947499997146],[114.6410399998963,35.65506000031894],[114.61363200041671,35.64726999991075],[114.60802099976945,35.63148400038648],[114.58235699977593,35.617467999748555],[114.57661899956736,35.62126500037965],[114.57176499965522,35.61617899966126],[114.55464599981326,35.61435199994503],[114.54530399977989,35.617703999839875],[114.53833200022177,35.60100699967347],[114.531598999994,35.602884999942944],[114.51969300043174,35.5986350000054],[114.4939559997697,35.609741000447],[114.48784000011608,35.596346999714456],[114.49493299985818,35.59125899980319],[114.4967099999667,35.58182399997776],[114.48741000007158,35.58738400007172],[114.48031100005278,35.58658199995949],[114.46762100030912,35.56431600018345],[114.42514800038009,35.54158799978654],[114.3884899997139,35.51369500042409],[114.38665300043579,35.510148999676744],[114.39801600013845,35.49569799966309],[114.41381500026228,35.483069000034504],[114.41389000012362,35.474711000412526],[114.42253600043625,35.469836999578035],[114.42581000033147,35.459719999778315],[114.41659499985951,35.458105999992085],[114.41124999978786,35.44010800008431],[114.40099099973497,35.434026000199935],[114.39737300016395,35.42243299978327],[114.40100999971185,35.414440999952376],[114.40864700025907,35.410527000221066],[114.4107880000663,35.39124799969562],[114.41892300019651,35.38206599984619],[114.40719199971124,35.37310500029571],[114.3993850003177,35.356324999899016],[114.41807399971549,35.352163999569086],[114.41991299998517,35.339509999686925],[114.43299900000397,35.336620000412836],[114.41716900024937,35.32568099957865],[114.39594099977751,35.32532800038706],[114.39746399986393,35.31549800033264],[114.4115379995792,35.309040000196035],[114.4024379999139,35.29302900018837],[114.39243700006773,35.29586899985463],[114.3874949996947,35.29224399996082],[114.40199300007703,35.272767000197064],[114.3978780000698,35.266293000221935],[114.389736999663,35.26580300010852],[114.3852119996343,35.254435000175306],[114.3882769997839,35.2429500002425],[114.4018339999393,35.23942499956422],[114.39542200012534,35.22975599973978],[114.38438300007556,35.22695400002726],[114.38884499989695,35.21840699978338],[114.39131100030261,35.226353000190954],[114.40451500036716,35.22900300008854],[114.42556499982504,35.22130700041788],[114.4235569998558,35.20911000002667],[114.42864899995152,35.20665099994386],[114.44238300017548,35.21613900041473],[114.45514000031096,35.21811699989979],[114.48186199963175,35.210957999812024],[114.4903580002217,35.22563300026292],[114.51321100008772,35.23447599976777],[114.52650899999048,35.23089400005824],[114.53686500001993,35.23893700044238],[114.54159399956359,35.243149999573006],[114.5431929995575,35.25709399958856],[114.5602550003681,35.275503999610066],[114.58242600025983,35.27739200034068],[114.59063600025138,35.28728899988761],[114.6221549995538,35.29854700014408],[114.63331399974152,35.29943799986398],[114.66529100037951,35.288774000020226],[114.67611599955387,35.29178600042377],[114.67814300039936,35.298819000096955],[114.6941690001994,35.30484300000461],[114.69571100026258,35.343311999649245],[114.73613600017643,35.34671900028178],[114.75301299965042,35.337053999742466],[114.76771500044708,35.34258100011323],[114.7960250001538,35.34472199992052],[114.80182100033903,35.34945699974094],[114.8036569995711,35.36070100025114],[114.80950400030952,35.357836000331304],[114.81923999962646,35.36194900024634],[114.82168700005514,35.368257999806985],[114.85486600036575,35.389259999749356],[114.87702799984254,35.39203399996927],[114.94492699958153,35.38075499964367],[114.96137399991039,35.39758000031691],[114.97256299968285,35.40316999999567],[114.97909899981914,35.416647000059186],[114.97545800008686,35.43552400003273],[114.95710700008817,35.4393280000873],[114.95857999966745,35.450117000299485],[114.96424800024522,35.45448999961394],[114.96093300025791,35.46058600014396],[114.9668590001429,35.47917400028007],[114.95616599986113,35.48248900026732],[114.93633499996042,35.47864500016681],[114.93145399970251,35.48334700026402],[114.93722799977252,35.498310999653086],[114.96468599975924,35.50676500010485],[114.9650490003113,35.51949099971006],[114.96360100008621,35.5402599996994],[114.95391899966228,35.553278000179716],[114.957470999787,35.571850999624075],[114.95353599998657,35.57842899989862],[114.9262879997915,35.5902829997608],[114.91215500005342,35.58747199963324],[114.89532900023335,35.59216200007643],[114.86703799960412,35.60921300037984],[114.87093799958916,35.617249999587955],[114.86972700040087,35.62995700011561],[114.87782000039283,35.63578299988569],[114.88800100044602,35.63568199972468],[114.89029500011429,35.64275400029703],[114.89672099967459,35.64527399959559],[114.9006399996365,35.65973800020873],[114.91136000026393,35.667969000269295],[114.91497599974275,35.68585200026979],[114.90746300041735,35.69671999962844],[114.89793699999268,35.69499600016542],[114.89796799962369,35.70442999994469],[114.90974200029325,35.70699599956589],[114.8967409996975,35.73081800005082],[114.88251700025955,35.73372700020104],[114.87941800034059,35.75927900042569],[114.89125899960334,35.76117499972662],[114.90990100043098,35.78051000013659],[114.93469199973617,35.78897900038072],[114.9447100003664,35.81804599992313],[114.93568999989373,35.82679599963586],[114.92696300034231,35.82463099962109],[114.92591299958542,35.851878999816165],[114.9551940000033,35.862980000027164],[114.9735609998404,35.91053200035168],[114.9665789998212,35.91968799990144],[114.96848999981387,35.93998100042302],[114.97262900002852,35.939164999665195],[114.98247299982927,35.96636000011409],[114.97605799987696,35.980629999874736],[114.97764700030905,36.00271300020495],[114.96998500040763,35.997238000433526],[114.96640299979879,35.999453000056064],[114.96858999992878,36.0123840001217],[114.977424999964,36.019523000186496],[114.9788540002121,36.02594999979283],[114.9298690003543,36.040436999667975],[114.92239099994492,36.05502699979638],[114.91793100021562,36.046318000175745],[114.90184000011607,36.04907200037269],[114.89458500009789,36.06020400021458],[114.91317799956516,36.09824399986087],[114.89551599986373,36.13473099983594],[114.87683900011996,36.13709299994218],[114.77330800026414,36.127006999773414],[114.76221500042209,36.13262599989014],[114.75247199988303,36.14214700008415],[114.73970800032419,36.14569099983993],[114.6700440001307,36.137665000239735],[114.6258999995855,36.12460699971342],[114.59236099976056,36.12012099968456],[114.57871199985914,36.12546499971012],[114.53138700011016,36.16820500026074],[114.48094200037315,36.1760860003688],[114.45420899964574,36.2009510003885],[114.42890800020427,36.202240999622575],[114.41142299967191,36.20569199958629],[114.40231300044479,36.22435400043696],[114.37945600039427,36.22154200026324],[114.35126199974172,36.23368700005517],[114.33071900028176,36.24060099963657],[114.30955500006337,36.24737900014088],[114.289870999747,36.24525400017211],[114.25671399955161,36.26354199996348],[114.24762000016301,36.26377499991651],[114.2363199997684,36.25220100037603],[114.21100599972726,36.267890999969836],[114.18788900027732,36.2518999999852],[114.13268300042034,36.278797000181555],[114.08310700028801,36.268195999645854],[114.0617750004161,36.27267500025124],[114.04631799987601,36.27998700020004],[114.03271500029723,36.292827999712586],[114.01790599996207,36.32030499967618],[114.01561699962497,36.35150100027113],[113.99999999980037,36.34996799972356],[113.97287699997378,36.36032499979905],[113.96652200009044,36.3563229996069],[113.97596300019245,36.34724700014908],[113.9833910000948,36.34112500021877],[113.98563400010914,36.33032600044476],[113.97826400018369,36.32039300013702],[113.96998499970812,36.32002900043818],[113.96123499999544,36.32963900023981],[113.95394900034626,36.352893999758464],[113.94866999972089,36.35688400029653],[113.94145199961031,36.35221099973802],[113.94799800020769,36.34293400000428],[113.9314040002946,36.3377459999781],[113.92446100027507,36.319260000049155],[113.90271800033565,36.31378600032383],[113.90052800006731,36.32598900009242],[113.87349699998674,36.35642199967572],[113.84371900003202,36.35649500034418],[113.8365630000826,36.33281300002011],[113.80010999987678,36.337341000187166]]]}},{"type":"Feature","properties":{"city_name":"鹤壁市","city_code":"410600","province_name":"河南省","province_code":"410000"},"geometry":{"type":"Polygon","coordinates":[[[114.1645959999056,35.99847700001368],[114.17391699986979,36.03742200002546],[114.16985699970098,36.05207999969241],[114.14624900009142,36.046534000244094],[114.1395169999098,36.03389300006205],[114.11413400028403,36.028085000222745],[114.09765200013987,35.99721100008776],[114.10330600007205,35.983867999908455],[114.07045399955257,35.97166500013981],[114.06767199986302,35.97534599991815],[114.063730999786,35.96065599967483],[114.02767800003983,35.97514699973442],[114.0237800001471,35.965749999862794],[114.02648199974465,35.941264000233616],[114.07321099988792,35.916949000396244],[114.07942100027913,35.90883400028906],[114.06238499976814,35.871245999903124],[114.0486440001207,35.868512999775305],[114.03892199965071,35.85920899969574],[114.00174100004733,35.85775900027778],[114.02765699997076,35.82200800006933],[114.01629100012974,35.80369600007049],[114.01739299968733,35.79710700018808],[114.04007999999214,35.797268999564835],[114.06246199972168,35.805414000156134],[114.07895899965831,35.80371199990901],[114.07091800026569,35.79975900017786],[114.07496099965056,35.78206800003835],[114.06002799989244,35.7755420003632],[114.06513299968833,35.76719999968043],[114.0619149996777,35.757313999741484],[114.05249000031347,35.74960799960968],[114.03703699995776,35.745441999948525],[114.01379700023153,35.726260000298964],[113.99301399959654,35.723201000426],[113.9907070002281,35.70620499996096],[113.99752299978684,35.69871299980525],[114.023739000055,35.69255399996729],[114.02160399962509,35.682924000142634],[114.04506100036508,35.67520899959584],[114.05007999979239,35.66064199962875],[114.04601300019999,35.64583999961644],[114.05827499999145,35.63675499974363],[114.05032000006815,35.62512200018034],[114.05490200002748,35.598020999569655],[114.06427599973779,35.592531000005806],[114.06639300023699,35.580191000214654],[114.07548300034034,35.56668100042799],[114.09376799999336,35.55614900037625],[114.11329800040255,35.5521769997689],[114.14994899984663,35.528062000161356],[114.18358699974044,35.521942000323236],[114.18507500001147,35.52554400005573],[114.20637800034467,35.52703699965798],[114.21721700016462,35.522955000273214],[114.21833499956074,35.517689000247344],[114.23766299964791,35.510611000297615],[114.25252199959084,35.49675599988967],[114.2615810000633,35.501514999917504],[114.28342400011763,35.50107600035727],[114.27785699970093,35.49087600032732],[114.26561700002469,35.48182600026985],[114.26381000033143,35.465606999663464],[114.29358700024,35.45974700012414],[114.29942000033293,35.44987700002372],[114.32181899994703,35.44413999986125],[114.3351109995732,35.45187300033888],[114.33817299958446,35.46262000041287],[114.34889000007365,35.46788799963167],[114.37301099995784,35.46322000020302],[114.38250199966774,35.47792900042322],[114.38984300005461,35.478734999820574],[114.40449700043644,35.46969400017815],[114.41389000012362,35.474711000412526],[114.41381500026228,35.483069000034504],[114.39801600013845,35.49569799966309],[114.38665300043579,35.510148999676744],[114.3884899997139,35.51369500042409],[114.42514800038009,35.54158799978654],[114.46762100030912,35.56431600018345],[114.48031100005278,35.58658199995949],[114.48741000007158,35.58738400007172],[114.4967099999667,35.58182399997776],[114.49493299985818,35.59125899980319],[114.48784000011608,35.596346999714456],[114.4939559997697,35.609741000447],[114.51969300043174,35.5986350000054],[114.531598999994,35.602884999942944],[114.53833200022177,35.60100699967347],[114.54530399977989,35.617703999839875],[114.55464599981326,35.61435199994503],[114.57176499965522,35.61617899966126],[114.57661899956736,35.62126500037965],[114.58235699977593,35.617467999748555],[114.60802099976945,35.63148400038648],[114.61363200041671,35.64726999991075],[114.6410399998963,35.65506000031894],[114.65756800036309,35.64947499997146],[114.6681399995615,35.65223899973023],[114.68315999973436,35.68567700029348],[114.70255700030555,35.69473599986668],[114.7209169998199,35.69746599985615],[114.73685700015062,35.71565300038583],[114.74672500015879,35.73942999969489],[114.7447550001433,35.75847200008292],[114.72525700031053,35.779223000141485],[114.71287400033498,35.77894700000422],[114.69902200006538,35.78878899971272],[114.66283699962798,35.783559999594445],[114.65659999979039,35.790892999612424],[114.62006000006909,35.79740000021002],[114.58865000039737,35.8285919997212],[114.58184899973173,35.842459999829316],[114.55759199987108,35.83818200039917],[114.55328099981841,35.830301000291115],[114.54549999982532,35.82660900000553],[114.51159200007089,35.83875799998185],[114.48792699963155,35.841282000364174],[114.4698840003465,35.836070000130576],[114.46851400012122,35.828349000206344],[114.44048599992914,35.8231000000651],[114.4361539998074,35.81862399959806],[114.41896300024246,35.82672199982062],[114.4056509996941,35.82678199988953],[114.39464999959796,35.81628200041416],[114.3357189997322,35.81754500020179],[114.3289860004038,35.79903099988093],[114.32408400007671,35.79599400012319],[114.2887629999127,35.796038000353576],[114.28501000041138,35.787798999924064],[114.27047500012134,35.780669000274315],[114.27539100019465,35.76959899969427],[114.26385699980085,35.76119799988794],[114.2500550000384,35.76739200044062],[114.2506959999206,35.77450500020575],[114.25799800030768,35.777240999572655],[114.2464819998446,35.793711000062785],[114.23915099991893,35.7938059999471],[114.23635799972203,35.80738200007943],[114.23162199985563,35.80950399990985],[114.22947399972543,35.84889199966619],[114.22511200001895,35.84941600044823],[114.2249020002273,35.85467099996686],[114.24262099985947,35.86336499979507],[114.24257899972122,35.87287100019665],[114.24813399958464,35.875194000303054],[114.25635199994497,35.871001000296076],[114.28644199989856,35.8929940000732],[114.2685349996907,35.89587799996991],[114.2649289997737,35.900179999607474],[114.26597799958517,35.90963500035514],[114.27177099963205,35.925936000246395],[114.29438300007553,35.92530900011042],[114.29747699976394,35.93113099969605],[114.28939700037142,35.94058300030537],[114.30219299960743,35.94884099981243],[114.30381399971645,35.95921199963425],[114.28919800018775,35.960230999860926],[114.28231400019115,35.94834100013719],[114.27252600027487,35.94801899967723],[114.27536699998723,35.974967999573664],[114.23913400003426,35.9726050003207],[114.21119999968039,35.994082999730836],[114.192070999777,35.988591000074734],[114.18974799967066,35.98432400025257],[114.17647700011366,35.98275799998186],[114.1645959999056,35.99847700001368]]]}},{"type":"Feature","properties":{"city_name":"新乡市","city_code":"410700","province_name":"河南省","province_code":"410000"},"geometry":{"type":"Polygon","coordinates":[[[113.69523600014145,35.83612600001504],[113.66749299960247,35.83973199993204],[113.6506730000591,35.836863999873856],[113.64893399990433,35.83092100010424],[113.63504799986549,35.82276199976667],[113.61765299988622,35.831783000285384],[113.60323300040284,35.82568000033194],[113.58002200021531,35.826669000074446],[113.5719300002695,35.82172399956312],[113.56989299986219,35.81326299968788],[113.59297899968124,35.77539099969505],[113.58975200015482,35.75938800005633],[113.58064300007459,35.74433099997583],[113.5817030003933,35.73700300018845],[113.59969299993213,35.697776999808866],[113.5998229996319,35.6796949996247],[113.6120610001152,35.662009999761835],[113.6185990003438,35.636570000205495],[113.60561399958658,35.63000499963118],[113.59606199976167,35.63005400009217],[113.55655700000568,35.64810599979222],[113.54445600044426,35.64770900037024],[113.54046599990613,35.64017500007634],[113.54345700024055,35.625739999901214],[113.54031400009126,35.617289999633954],[113.52323899958037,35.58807400041496],[113.50034300042933,35.5662080001992],[113.50022100019919,35.548817000404426],[113.49054700014415,35.53054799969061],[113.44127699973387,35.50901400039595],[113.39357799982497,35.51125300022596],[113.37366099955568,35.49456899975968],[113.37912999994967,35.49411899969226],[113.38508899955787,35.48549600044021],[113.38508400022658,35.473182000049405],[113.39244499973711,35.46031600028334],[113.42906100026516,35.443250000187504],[113.46528399975693,35.39986799970859],[113.46375999962447,35.39374000040084],[113.45782800036216,35.39135900031778],[113.47674799962067,35.37365100029359],[113.47071700028948,35.36378400033152],[113.45833000012954,35.364859000442664],[113.45954600044774,35.348259000252824],[113.47663799994393,35.33701199960427],[113.47781200012389,35.3329939995736],[113.4711670003569,35.3254659995564],[113.48085900034278,35.316883000350344],[113.47835600002952,35.298805000350626],[113.50376600000106,35.29810999977684],[113.507563999779,35.290602999828764],[113.51472600000511,35.29065699962098],[113.51352799961762,35.27312100033407],[113.50553699983288,35.258987999696615],[113.50962500039361,35.254752000404665],[113.52423299955342,35.25406100001533],[113.54257900022083,35.228596000205414],[113.54165299978627,35.224117999646126],[113.51737699994874,35.22036099996035],[113.51826400038351,35.215047000418906],[113.51138999994873,35.21069700036645],[113.51418800037607,35.193696999716906],[113.50939799981802,35.187786999670436],[113.5139379996391,35.17930799986448],[113.52750100007131,35.17690100038101],[113.52551700030949,35.15121899955733],[113.5378580001468,35.141067999988366],[113.55936099981045,35.142923000096516],[113.55986799980849,35.124392999937186],[113.57462500044358,35.123350000402354],[113.57376100017018,35.12630499997596],[113.59896799977355,35.13209399983839],[113.60106900043422,35.12325999984927],[113.5959059997623,35.11251699995972],[113.6014380003636,35.08524599960339],[113.61553300014805,35.06289899968925],[113.62335100004884,35.06311299966535],[113.62418299974581,35.05511100027263],[113.64348000020198,35.03447500012135],[113.64115600004959,35.0227269997514],[113.6269840003115,35.0164220003752],[113.63519400030304,35.007406000086974],[113.63081599985867,35.00000499963119],[113.60687600022743,34.993112000118856],[113.58003199977713,34.945766000300864],[113.59421099983797,34.93437700029847],[113.62224899959187,34.93012200013038],[113.63346999994076,34.9241130000151],[113.68549399964854,34.91834100003729],[113.71798100042304,34.90287700007366],[113.79084699988925,34.8909929997273],[113.8507879995667,34.883219000056954],[113.89699599996561,34.88110000036488],[113.93337000012559,34.88508899995753],[114.00077899975122,34.940036999608026],[114.03275999967445,34.95013999966142],[114.11141900008693,34.952967999673604],[114.20602400020766,34.91256800001338],[114.22988099960867,34.90701999957349],[114.24014800003033,34.897612000093886],[114.25055199957535,34.895197000241524],[114.27767400025505,34.90497999992721],[114.34577600036232,34.90394399981591],[114.36575800003186,34.91637300011405],[114.37949799963314,34.935512999625416],[114.3922739997455,34.94069000004362],[114.40780700019309,34.93630099999132],[114.42834300022946,34.92301799988098],[114.45774900011645,34.91074499958222],[114.49681500031215,34.906984999758095],[114.52076400035855,34.89944299999462],[114.53627899997605,34.90129800010277],[114.56506700014211,34.915022999911685],[114.58952000004808,34.90498800029616],[114.60122700032593,34.906791999851066],[114.65247600026737,34.897911000392526],[114.67578200033927,34.899858000246695],[114.69245600034435,34.906427000106135],[114.74741499960271,34.89039299993715],[114.76365200013981,34.89579800007783],[114.7728810003581,34.90628199971468],[114.77645799983702,34.919009000265305],[114.73943000009456,34.94912100033406],[114.75061699977493,34.96882599982018],[114.77661699997475,34.99183000035441],[114.79429200027573,35.007226999926274],[114.80437000007566,35.01189600030034],[114.8072649995803,35.01165299988622],[114.8317029996939,35.018557999951895],[114.84571099996288,35.02934299997963],[114.84812899995359,35.037556000109475],[114.8445820000594,35.04206100011521],[114.82687400003522,35.04254499995193],[114.81496400028857,35.048179999907234],[114.81061500028227,35.068466000106014],[114.81286599976625,35.07522599978023],[114.86668400036649,35.086590000428316],[114.87815100036858,35.10541199966423],[114.87139099979493,35.12022400013768],[114.840476999614,35.15467499975159],[114.84144600023285,35.169162999672835],[114.85496500043462,35.18236499964519],[114.87171200020884,35.19073499982056],[114.92451499986748,35.196853999612586],[114.92611699999975,35.24557900007096],[114.96112800025719,35.273003000288384],[114.95951100033255,35.28652999995967],[114.99129500016431,35.31181300036985],[115.00748500033262,35.332268000268186],[115.00972700030104,35.32387499993149],[115.01503699965804,35.32387499993149],[115.0136410000323,35.33264799980549],[114.98734699976444,35.33531100030257],[114.95762000036291,35.3627199998283],[114.94154300000957,35.371029999934706],[114.94492699958153,35.38075499964367],[114.87702799984254,35.39203399996927],[114.85486600036575,35.389259999749356],[114.82168700005514,35.368257999806985],[114.81923999962646,35.36194900024634],[114.80950400030952,35.357836000331304],[114.8036569995711,35.36070100025114],[114.80182100033903,35.34945699974094],[114.7960250001538,35.34472199992052],[114.76771500044708,35.34258100011323],[114.75301299965042,35.337053999742466],[114.73613600017643,35.34671900028178],[114.69571100026258,35.343311999649245],[114.6941690001994,35.30484300000461],[114.67814300039936,35.298819000096955],[114.67611599955387,35.29178600042377],[114.66529100037951,35.288774000020226],[114.63331399974152,35.29943799986398],[114.6221549995538,35.29854700014408],[114.59063600025138,35.28728899988761],[114.58242600025983,35.27739200034068],[114.5602550003681,35.275503999610066],[114.5431929995575,35.25709399958856],[114.54159399956359,35.243149999573006],[114.53686500001993,35.23893700044238],[114.52650899999048,35.23089400005824],[114.51321100008772,35.23447599976777],[114.4903580002217,35.22563300026292],[114.48186199963175,35.210957999812024],[114.45514000031096,35.21811699989979],[114.44238300017548,35.21613900041473],[114.42864899995152,35.20665099994386],[114.4235569998558,35.20911000002667],[114.42556499982504,35.22130700041788],[114.40451500036716,35.22900300008854],[114.39131100030261,35.226353000190954],[114.38884499989695,35.21840699978338],[114.38438300007556,35.22695400002726],[114.39542200012534,35.22975599973978],[114.4018339999393,35.23942499956422],[114.3882769997839,35.2429500002425],[114.3852119996343,35.254435000175306],[114.389736999663,35.26580300010852],[114.3978780000698,35.266293000221935],[114.40199300007703,35.272767000197064],[114.3874949996947,35.29224399996082],[114.39243700006773,35.29586899985463],[114.4024379999139,35.29302900018837],[114.4115379995792,35.309040000196035],[114.39746399986393,35.31549800033264],[114.39594099977751,35.32532800038706],[114.41716900024937,35.32568099957865],[114.43299900000397,35.336620000412836],[114.41991299998517,35.339509999686925],[114.41807399971549,35.352163999569086],[114.3993850003177,35.356324999899016],[114.40719199971124,35.37310500029571],[114.41892300019651,35.38206599984619],[114.4107880000663,35.39124799969562],[114.40864700025907,35.410527000221066],[114.40100999971185,35.414440999952376],[114.39737300016395,35.42243299978327],[114.40099099973497,35.434026000199935],[114.41124999978786,35.44010800008431],[114.41659499985951,35.458105999992085],[114.42581000033147,35.459719999778315],[114.42253600043625,35.469836999578035],[114.41389000012362,35.474711000412526],[114.40449700043644,35.46969400017815],[114.38984300005461,35.478734999820574],[114.38250199966774,35.47792900042322],[114.37301099995784,35.46322000020302],[114.34889000007365,35.46788799963167],[114.33817299958446,35.46262000041287],[114.3351109995732,35.45187300033888],[114.32181899994703,35.44413999986125],[114.29942000033293,35.44987700002372],[114.29358700024,35.45974700012414],[114.26381000033143,35.465606999663464],[114.26561700002469,35.48182600026985],[114.27785699970093,35.49087600032732],[114.28342400011763,35.50107600035727],[114.2615810000633,35.501514999917504],[114.25252199959084,35.49675599988967],[114.23766299964791,35.510611000297615],[114.21833499956074,35.517689000247344],[114.21721700016462,35.522955000273214],[114.20637800034467,35.52703699965798],[114.18507500001147,35.52554400005573],[114.18358699974044,35.521942000323236],[114.14994899984663,35.528062000161356],[114.11329800040255,35.5521769997689],[114.09376799999336,35.55614900037625],[114.07548300034034,35.56668100042799],[114.06639300023699,35.580191000214654],[114.06427599973779,35.592531000005806],[114.05490200002748,35.598020999569655],[114.05032000006815,35.62512200018034],[114.05827499999145,35.63675499974363],[114.04601300019999,35.64583999961644],[114.05007999979239,35.66064199962875],[114.04506100036508,35.67520899959584],[114.02160399962509,35.682924000142634],[114.023739000055,35.69255399996729],[113.99752299978684,35.69871299980525],[113.9907070002281,35.70620499996096],[113.9604349999754,35.68717199998798],[113.92893699984279,35.70487099959712],[113.91983600013145,35.68445399965253],[113.89381900004696,35.67775199995498],[113.87779200020077,35.68837499970664],[113.86286199968174,35.681196999642],[113.80621199978418,35.67723400034902],[113.799888000431,35.67309800027266],[113.77978499967821,35.67509199959625],[113.77181099977804,35.68669599962084],[113.7886880001513,35.695600000140075],[113.7861059997922,35.70167699979385],[113.79972900029327,35.74347700016358],[113.79068699970549,35.744160000184024],[113.76922700022601,35.76359799994793],[113.75202600019998,35.76873400027404],[113.75569100013968,35.773398999564336],[113.75038199992957,35.79590799975455],[113.7347680002432,35.81766300024742],[113.7074369998179,35.82014599963833],[113.69523600014145,35.83612600001504]]]}},{"type":"Feature","properties":{"city_name":"焦作市","city_code":"410800","province_name":"河南省","province_code":"410000"},"geometry":{"type":"Polygon","coordinates":[[[113.38508899955787,35.48549600044021],[113.37912999994967,35.49411899969226],[113.37366099955568,35.49456899975968],[113.3625560000595,35.48275399989734],[113.34398699990027,35.474116999999694],[113.29434999965292,35.47701299955048],[113.29177899980118,35.46626300023746],[113.29733299961845,35.454117000399435],[113.28914599978827,35.44132200031021],[113.29666899957488,35.429169000149386],[113.29328199986458,35.42528900018738],[113.23615200031475,35.44535099994886],[113.20276600035083,35.44199399982341],[113.18183099990085,35.423161000080256],[113.17608600026892,35.411956999615995],[113.1605000000751,35.41368099997834],[113.16191100039248,35.392605000220726],[113.13905300029592,35.36963300026292],[113.13732099956462,35.357593999963285],[113.1337890003623,35.35047499992146],[113.12626599967632,35.347369999725856],[113.11110700028803,35.334118000145736],[113.09205600038433,35.33482699956653],[113.0737000001551,35.34594000033093],[113.024016999585,35.36350299996366],[113.00776700024699,35.36076699969743],[112.98664900035124,35.352043000284425],[112.98231300004511,35.314414999852545],[112.99321800021073,35.304501000421],[112.98252099974457,35.292110000076605],[112.9357609999704,35.28890999999669],[112.92960300017853,35.26373299997812],[112.92178400023158,35.24999599961586],[112.88407899984611,35.241879000315805],[112.86051899975223,35.24556000009409],[112.8332900004333,35.2558630003773],[112.81047000029048,35.25439099994486],[112.79869100028964,35.23819699959205],[112.78985600025442,35.23746099982543],[112.78396600023086,35.24408699961549],[112.77145399970254,35.24040599983721],[112.77145399970254,35.222004000184654],[112.75175499959369,35.20385200036969],[112.75605900022288,35.18925099973404],[112.76497500039613,35.182753999597594],[112.7513630004023,35.14989000032341],[112.75795500042307,35.145028000042316],[112.75802800019221,35.11947699986382],[112.76597899993112,35.110545999898136],[112.74767800043958,35.10088999977381],[112.74529900044865,35.08564500001688],[112.74001100030762,35.0850979999729],[112.73739300008708,35.078437000367444],[112.74365099999386,35.07611400026104],[112.74167999993222,35.067465999856154],[112.73070199999745,35.06222400003776],[112.73172599955547,35.05004200033824],[112.726089999554,35.043581000063284],[112.72884899998155,35.0421729998842],[112.72897200025773,35.03872199992054],[112.70036200020627,35.03009599963082],[112.6694550003482,34.9948589997432],[112.64930199998753,34.997857000400415],[112.64206099971557,34.98155999979434],[112.63737400031005,34.980326000444734],[112.61315200026479,34.98284899988158],[112.58824800024524,34.97193800033858],[112.57362699958651,34.97592399979294],[112.5692920002258,34.97364299982473],[112.57019300040679,34.96669599962087],[112.56308900015745,34.9559020000774],[112.56676100042,34.944337000052656],[112.57572199997048,34.943608999755725],[112.57320700000321,34.93222299989168],[112.58054999958301,34.924545000151795],[112.61381300017001,34.919580999663594],[112.62883799967415,34.92733100002579],[112.63253500019027,34.916914999927485],[112.62810399999978,34.90420900034525],[112.63331100000278,34.89870099995136],[112.64268799985143,34.90092099980444],[112.64377300042383,34.88946100012521],[112.63458999962893,34.888069999830805],[112.6338349998855,34.85631100025262],[112.65549499959468,34.86022800012228],[112.72014499969214,34.830083000330376],[112.74905199994998,34.82980700019306],[112.77960699976336,34.83886699981235],[112.80784399970105,34.83346099962557],[112.83525500021824,34.815549000086435],[112.84527600008755,34.81447500002139],[112.85934599961831,34.825156999795865],[112.86985999973933,34.84256300028238],[112.89045899998303,34.84991999960846],[112.9023970001216,34.84628500015282],[112.91488200030426,34.832027000046196],[112.9245910001747,34.82969999975535],[113.00006400025359,34.86211399986138],[113.04885600020441,34.85704299983473],[113.09712100013428,34.872953999727486],[113.10268799965161,34.85993900028478],[113.11473500032014,34.85570400013967],[113.13852200009046,34.856748999766694],[113.142337999799,34.857064999949955],[113.13407199992298,34.88548600027883],[113.21762100010926,34.908553000121],[113.250590999775,34.94687500018125],[113.35375899997803,34.97812499966915],[113.45149000036338,34.98417299978428],[113.51039900011392,34.9714219999255],[113.5371370001726,34.96668099982844],[113.58003199977713,34.945766000300864],[113.60687600022743,34.993112000118856],[113.63081599985867,35.00000499963119],[113.63519400030304,35.007406000086974],[113.6269840003115,35.0164220003752],[113.64115600004959,35.0227269997514],[113.64348000020198,35.03447500012135],[113.62418299974581,35.05511100027263],[113.62335100004884,35.06311299966535],[113.61553300014805,35.06289899968925],[113.6014380003636,35.08524599960339],[113.5959059997623,35.11251699995972],[113.60106900043422,35.12325999984927],[113.59896799977355,35.13209399983839],[113.57376100017018,35.12630499997596],[113.57462500044358,35.123350000402354],[113.55986799980849,35.124392999937186],[113.55936099981045,35.142923000096516],[113.5378580001468,35.141067999988366],[113.52551700030949,35.15121899955733],[113.52750100007131,35.17690100038101],[113.5139379996391,35.17930799986448],[113.50939799981802,35.187786999670436],[113.51418800037607,35.193696999716906],[113.51138999994873,35.21069700036645],[113.51826400038351,35.215047000418906],[113.51737699994874,35.22036099996035],[113.54165299978627,35.224117999646126],[113.54257900022083,35.228596000205414],[113.52423299955342,35.25406100001533],[113.50962500039361,35.254752000404665],[113.50553699983288,35.258987999696615],[113.51352799961762,35.27312100033407],[113.51472600000511,35.29065699962098],[113.507563999779,35.290602999828764],[113.50376600000106,35.29810999977684],[113.47835600002952,35.298805000350626],[113.48085900034278,35.316883000350344],[113.4711670003569,35.3254659995564],[113.47781200012389,35.3329939995736],[113.47663799994393,35.33701199960427],[113.45954600044774,35.348259000252824],[113.45833000012954,35.364859000442664],[113.47071700028948,35.36378400033152],[113.47674799962067,35.37365100029359],[113.45782800036216,35.39135900031778],[113.46375999962447,35.39374000040084],[113.46528399975693,35.39986799970859],[113.42906100026516,35.443250000187504],[113.39244499973711,35.46031600028334],[113.38508400022658,35.473182000049405],[113.38508899955787,35.48549600044021]]]}},{"type":"Feature","properties":{"city_name":"郑州市","city_code":"410100","province_name":"河南省","province_code":"410000"},"geometry":{"type":"Polygon","coordinates":[[[113.8507879995667,34.883219000056954],[113.79084699988925,34.8909929997273],[113.71798100042304,34.90287700007366],[113.68549399964854,34.91834100003729],[113.63346999994076,34.9241130000151],[113.62224899959187,34.93012200013038],[113.59421099983797,34.93437700029847],[113.58003199977713,34.945766000300864],[113.5371370001726,34.96668099982844],[113.51039900011392,34.9714219999255],[113.45149000036338,34.98417299978428],[113.35375899997803,34.97812499966915],[113.250590999775,34.94687500018125],[113.21762100010926,34.908553000121],[113.13407199992298,34.88548600027883],[113.142337999799,34.857064999949955],[113.13852200009046,34.856748999766694],[113.11473500032014,34.85570400013967],[113.10268799965161,34.85993900028478],[113.09712100013428,34.872953999727486],[113.04885600020441,34.85704299983473],[113.00006400025359,34.86211399986138],[112.9245910001747,34.82969999975535],[112.91488200030426,34.832027000046196],[112.9023970001216,34.84628500015282],[112.89045899998303,34.84991999960846],[112.86985999973933,34.84256300028238],[112.85934599961831,34.825156999795865],[112.84527600008755,34.81447500002139],[112.83525500021824,34.815549000086435],[112.80784399970105,34.83346099962557],[112.80535900021789,34.80016400016865],[112.80537800019476,34.783534000393956],[112.82448299989073,34.77156599977121],[112.8394310003406,34.77274700027402],[112.84414900027627,34.785713000155],[112.86162999972487,34.78294300011953],[112.86524099987241,34.78599799980799],[112.87626900031432,34.77831099965306],[112.88052599967534,34.77888500004286],[112.88179299964736,34.7852759997877],[112.89019100021471,34.78459199972116],[112.91069799981301,34.76397000021552],[112.90903899975024,34.75862400009771],[112.89478900001257,34.75392500013879],[112.9048950002043,34.73808800006134],[112.93304699981934,34.72429299972231],[112.92704500002685,34.71392700013109],[112.91069599972082,34.7122100000916],[112.89453900017486,34.69422099969955],[112.8636049999709,34.71070099975151],[112.82067200041263,34.69439100034458],[112.8213280000873,34.6743469996145],[112.82995599956985,34.66888200030422],[112.82674099969756,34.654964999735114],[112.84044300024448,34.6419239999928],[112.83793199956233,34.63046500035966],[112.81940799967958,34.630056000384286],[112.81919499974958,34.6266059995674],[112.8395209999943,34.62492500028867],[112.84768100037809,34.61729600011046],[112.84755700005564,34.608179999707374],[112.8332860002489,34.60492799992744],[112.8301389999151,34.59503000033442],[112.85552599972527,34.585727000301006],[112.87045400015211,34.561038000303654],[112.88929700035646,34.54877899975122],[112.96232199996052,34.54717400037998],[112.97427099970707,34.53542900014838],[112.92375500029323,34.52872799959766],[112.91401699998471,34.4880299996849],[112.91671999962841,34.47925499971865],[112.90130500012583,34.46910800033413],[112.88671600004352,34.47794400041545],[112.85952099959468,34.474839000219845],[112.85080399960509,34.4806550004281],[112.8019700004154,34.481088999757674],[112.76925399987238,34.50207499986152],[112.76297499989653,34.49665499992847],[112.73157599983267,34.492985999804205],[112.73717099974203,34.46908400012666],[112.7366289999286,34.44439600017546],[112.73019600004557,34.425318999972035],[112.72172599975522,34.417175000326154],[112.72334299967986,34.40806300010752],[112.72901300034982,34.40668400036651],[112.72705900017286,34.39546800024817],[112.71614799973054,34.389081999834616],[112.71479600033535,34.38291000029642],[112.72437000027548,34.37861299999014],[112.7261840002916,34.35239599967582],[112.75148699982537,34.35856399992883],[112.75384799988547,34.348567000266996],[112.77017199993804,34.34616700020706],[112.77882000034288,34.34646400041345],[112.78226500002995,34.3336739996555],[112.80347799981007,34.34076800034313],[112.8198330003928,34.33369699981688],[112.83656100019016,34.3370679996886],[112.8366689997747,34.326016999984745],[112.84822400023756,34.31910899978067],[112.83410800038405,34.312520999944354],[112.8349670004269,34.29949199985606],[112.8513729997643,34.30423199990702],[112.88648400013665,34.30155599970976],[112.90725500021824,34.29504499982704],[112.93941400025608,34.30025600001454],[112.98349299960239,34.297882000254276],[113.0004389995604,34.30177199977811],[113.03324000042585,34.2806939999283],[113.06304299973488,34.284228000122255],[113.07668100002832,34.26745099986391],[113.10490200012737,34.26404900036124],[113.1319950003691,34.27449099985989],[113.14783299959345,34.26737700004867],[113.17370300009361,34.2876260003398],[113.18833999969138,34.31275599998958],[113.20418199999949,34.312735999966606],[113.22225299967636,34.33831200039867],[113.2624689998446,34.338788999912595],[113.27104699971949,34.34343300003309],[113.27100400043446,34.352805999697296],[113.3097520003547,34.35373000003966],[113.30657500043606,34.37291699991977],[113.31473700001277,34.384893000012084],[113.30935600007956,34.39461100029757],[113.32276699979741,34.40638800020622],[113.34141600004853,34.405793999793445],[113.36000800036913,34.392563000282394],[113.36190799985445,34.38092300039631],[113.36902399975793,34.377720000178044],[113.40787499993144,34.37562599984017],[113.4025479997905,34.36138999984877],[113.40802499965423,34.35050000037489],[113.42429499991454,34.35135200009489],[113.44392999976981,34.338297999753024],[113.45961900021689,34.335642999624895],[113.47995199988509,34.344667000282016],[113.49556899970969,34.339548999886574],[113.5047789999511,34.34437600035233],[113.52356500022472,34.319247999895424],[113.54629699990676,34.313414999802546],[113.56110900038027,34.320852000119885],[113.5816420002783,34.321067000142136],[113.6121719998381,34.31067500025125],[113.6403879997066,34.28496700002722],[113.65579499973967,34.27589299976228],[113.66556999995566,34.277256999710914],[113.67315699999574,34.284288000191225],[113.6790019997427,34.284417999890934],[113.68727399989541,34.27608999985375],[113.69278999975882,34.277411999664196],[113.6990580001268,34.285223000141514],[113.69517099984193,34.28735000020254],[113.69643499967572,34.29251800020569],[113.70891899981211,34.29105300009604],[113.7122220001454,34.30598599985416],[113.72457499963673,34.311885000292705],[113.72889900028883,34.32024700009913],[113.76046800009829,34.31326400003371],[113.78626900011443,34.32434500022174],[113.78681500011237,34.33447699981383],[113.79367299980925,34.33688300015052],[113.80473600006655,34.33862999977481],[113.81449999977531,34.32923900017988],[113.83142699975645,34.325965000284725],[113.88292899967382,34.33168699975539],[113.88356700031693,34.34848600012896],[113.87385700040045,34.35726700037196],[113.8734529997563,34.36322299984175],[113.88227900027584,34.374600000190014],[113.8723799997374,34.38301099955817],[113.87125199988009,34.40599400002327],[113.87982300033138,34.43107900029577],[113.90045800043652,34.458446999729404],[113.90725800015673,34.45365099979398],[113.9067180004356,34.44520999994171],[113.91796700027703,34.4381560001994],[113.92195399977743,34.4384379997141],[113.92763600010153,34.45606699969244],[113.93553099995586,34.45775700028548],[113.94409800022265,34.45296000030396],[113.93994800040002,34.43688500004288],[113.94324100027211,34.43566300034735],[113.9530229999117,34.44031299984522],[113.98251600021342,34.43637599995259],[113.99869599992064,34.439844999847026],[114.0153829996259,34.44808000009209],[114.0144980001827,34.46407200012288],[113.99939099959511,34.47038599991413],[113.99885400001222,34.463924999639175],[113.99182499962421,34.46380300030836],[113.98985699970092,34.48214299979975],[113.99236300015252,34.48659199992102],[114.00940399999479,34.48409299979227],[114.01746600035585,34.4949189999121],[114.01791899966224,34.50565300028592],[114.04282000044282,34.50509199959629],[114.05402400000776,34.49839700022153],[114.06786199963176,34.47991400043094],[114.08917599957294,34.47656000044384],[114.09343099974103,34.4913819995798],[114.08539799981804,34.502018999977054],[114.08385000037742,34.514301999837585],[114.08706999958099,34.51206300000763],[114.09913700027255,34.52552300018647],[114.09691300023496,34.54883499963569],[114.10221700021452,34.56611799984597],[114.11207000043032,34.566432999983135],[114.126270999707,34.580718000435525],[114.12250200036715,34.59510500019576],[114.12682299998164,34.60169800026267],[114.12434700001427,34.59280600029683],[114.12789700004669,34.59217700006866],[114.13135999966448,34.606856999850834],[114.12001900007692,34.608954000327],[114.1211520001649,34.61605599958489],[114.12981799960119,34.618825999620356],[114.13996199974667,34.615714000001276],[114.13969399997825,34.60550799969462],[114.14952099989443,34.609380000187],[114.14587099974699,34.61588899997753],[114.14701999967338,34.6318250001238],[114.15490199982764,34.64047199958327],[114.14005599958489,34.65638000023699],[114.1495749996867,34.6628609996356],[114.15312399967297,34.67081200027377],[114.15562099970953,34.683168999949544],[114.15170199974762,34.69074100019719],[114.16282199993555,34.71593900028478],[114.15468699980534,34.71799099958514],[114.14307000008057,34.70880599959736],[114.13337900014096,34.728438000213714],[114.1516490000015,34.761234999995395],[114.16054400010569,34.76004199983856],[114.16723200005697,34.76458299970585],[114.16488199960475,34.77701400009619],[114.14723100041056,34.783163000372326],[114.13958200020932,34.796654000182116],[114.12979200020084,34.80233300036787],[114.11403600026142,34.803196999741886],[114.11129099958009,34.8191760000725],[114.11441399970647,34.82431499963769],[114.12065299963638,34.82123100041048],[114.13363999958653,34.82812499996896],[114.14775200015481,34.82961100014768],[114.15922599958037,34.83001399984636],[114.16473099983591,34.821036000411254],[114.17894000038086,34.81875999977433],[114.19232599984514,34.82335000010261],[114.1987890002124,34.843727000001195],[114.19549400024812,34.847376000102486],[114.20476499970516,34.869863000177475],[114.20119799978806,34.87106099966559],[114.19980400025463,34.88095399992733],[114.20602400020766,34.91256800001338],[114.11141900008693,34.952967999673604],[114.03275999967445,34.95013999966142],[114.00077899975122,34.940036999608026],[113.93337000012559,34.88508899995753],[113.89699599996561,34.88110000036488],[113.8507879995667,34.883219000056954]]]}},{"type":"Feature","properties":{"city_name":"三门峡市","city_code":"411200","province_name":"河南省","province_code":"410000"},"geometry":{"type":"Polygon","coordinates":[[[111.9752199996035,34.959348999856616],[111.97453600043627,34.97229899989907],[111.95101899962731,34.98307599955791],[111.93549000026348,34.98360299957892],[111.97479699988179,34.992378999591324],[111.97923200025679,35.00439000039836],[111.92831200019884,35.03584100016218],[111.93000800016927,35.041838999770164],[111.94934099958766,35.046586000143975],[111.95511799979602,35.06854200001345],[111.97099299982727,35.07054499975209],[111.94951599956391,35.081683999916834],[111.82230400032955,35.07237599965282],[111.80946399996378,35.0656469996095],[111.79741700019457,35.03108600031885],[111.77729799960315,35.03039599997561],[111.76080299975882,35.01765399963256],[111.73883800037362,35.0139499996929],[111.6839330000081,34.99226599977624],[111.66745800018674,34.990791000104764],[111.6647110003126,34.98628600009897],[111.67105100040351,34.96521399962654],[111.66918199964977,34.94942099977948],[111.64083900021984,34.9389459996583],[111.62995400007719,34.9303869997604],[111.61978899986264,34.9224319998371],[111.60695599981972,34.89462299985172],[111.59142300027145,34.88862600028983],[111.57951399967152,34.86156499972515],[111.56667300015903,34.848796999981744],[111.56097800013475,34.84913000004963],[111.53479000025845,34.8570979996731],[111.49279800002785,34.83230600032181],[111.45813000029943,34.83081399986639],[111.44718199994952,34.83683799977405],[111.43531799962614,34.83683799977405],[111.39286599976623,34.81838300037532],[111.3803710000218,34.81446799969859],[111.36096199979664,34.81637599955292],[111.33289300041179,34.82979999987026],[111.3012010003261,34.81370499958621],[111.26802099996934,34.808738999905074],[111.25100699957352,34.81441900013692],[111.22097799973506,34.79192699983133],[111.19479400004326,34.804752000404676],[111.16129300017201,34.80970000015503],[111.14402799989244,34.805148999826656],[111.13256900025931,34.79165499987852],[111.09356700031697,34.753708000024346],[111.07399799990793,34.7476009998864],[111.04345699984083,34.749103999949796],[111.02142299997166,34.738963999988755],[110.96022800002237,34.704666000235875],[110.95245400035202,34.70855000038239],[110.94901299995018,34.72402199981559],[110.93909500033419,34.7333310001257],[110.90665399988234,34.734230000214495],[110.9042670004219,34.69955099997884],[110.897766000101,34.6850280002422],[110.88237800004487,34.66335299984121],[110.85549899977917,34.64254399980592],[110.83772300021644,34.644928000027335],[110.82710299970387,34.632575999682786],[110.81366699973245,34.62607200012286],[110.77400199979263,34.65099700021153],[110.76032300030641,34.65636100026012],[110.74279000025848,34.655547999640646],[110.71330999965693,34.63192400019261],[110.69661699967497,34.608081999684714],[110.6838299999547,34.61566899972473],[110.67103599991162,34.59326900006448],[110.66337600010252,34.58991600012348],[110.64716399981893,34.59296799967359],[110.60537700004869,34.612685999759265],[110.52801500009235,34.583950000192544],[110.46369199978614,34.61936900037921],[110.4340820003842,34.60052900031326],[110.403136999673,34.58837099992189],[110.3912510001337,34.589477999710084],[110.3674929999022,34.601081999734674],[110.36473100023562,34.57897900028081],[110.35892499958925,34.56737500025622],[110.37854799979056,34.562121999930525],[110.39788800043107,34.567097000026706],[110.39816299962291,34.56157299979429],[110.39484400035053,34.55521799991095],[110.38545199981013,34.553837000077635],[110.35367600034732,34.535048999711705],[110.35552200004042,34.520042000138346],[110.35929899974923,34.508789000112415],[110.39724000022602,34.454192999607415],[110.40389200031575,34.43017199983808],[110.42462200030525,34.410685999659336],[110.44703699975793,34.40866099980548],[110.47540300024843,34.41518800042604],[110.47895799961219,34.40724200001847],[110.47284700018906,34.37894399996577],[110.48985300021599,34.35637699979884],[110.4951170001496,34.33678099994336],[110.481376999649,34.3232229997418],[110.4619369997929,34.31596400043844],[110.44567099971704,34.295020999619624],[110.42259999969042,34.28905499968863],[110.41948700002519,34.28166199960174],[110.43656199963675,34.247188999872606],[110.44387799977005,34.24275599958986],[110.47913399963454,34.23865500022822],[110.50173200033174,34.22192400029252],[110.53249299975232,34.21978000034693],[110.55664800030513,34.19619800013777],[110.57710999962694,34.196132999838255],[110.59961699972496,34.1814420004481],[110.62850900019038,34.176490999660075],[110.636336999653,34.172974000250065],[110.63819800003785,34.162031000130696],[110.62448099969856,34.141598000347585],[110.62389399960858,34.13265199969021],[110.5824589998831,34.102775999712776],[110.58724999958798,34.07927300044878],[110.57688900022737,34.06464400032053],[110.58051300007509,34.033561999586766],[110.58901199990407,34.02524600010298],[110.61620300016853,34.0301169998998],[110.63334700026405,34.00798800014627],[110.64143399997931,34.00470699992826],[110.6440510001537,33.97909899981914],[110.6679079995547,33.96327999967241],[110.67118100030308,33.95417799991492],[110.66242200017535,33.94164300012454],[110.62164300012455,33.93125899970323],[110.61911799969613,33.91243000014458],[110.59584000001615,33.90717699981883],[110.59102600014995,33.90204599972327],[110.58779899972421,33.88915599974973],[110.59744300019446,33.87344800022521],[110.60292800042703,33.85966500043958],[110.6202089996458,33.8519750001463],[110.62880700044292,33.84938799955671],[110.65503699955804,33.85697899978118],[110.69957700037844,33.83855800015175],[110.72855400026708,33.80403499991547],[110.77208000019203,33.801834000039264],[110.77929700025652,33.78821899990709],[110.79611999993824,33.77568800030116],[110.80974999986279,33.73979900002399],[110.8176269997864,33.728869999650954],[110.82050300021348,33.69089899958931],[110.82721699956505,33.67475099955914],[110.8605879997366,33.65814199985357],[110.87628200041416,33.63389599960084],[110.925338999995,33.6264689997447],[110.94785300041582,33.61492199965073],[110.95768000033195,33.605231999757166],[110.9867940002431,33.59241499955277],[110.99770299969384,33.58365600032431],[111.00199899995408,33.56310699968844],[111.01645600024437,33.55045299980628],[111.02540400009468,33.54970600043174],[111.05212700036094,33.555680999878405],[111.06644100035209,33.56704499962717],[111.08263499980558,33.56226500042959],[111.09926799971856,33.57593899968526],[111.10862000021302,33.57793800013877],[111.12870099995138,33.61607399971547],[111.12676399965903,33.628588000336094],[111.13825199973019,33.63403699980785],[111.14656199983659,33.6447090000205],[111.14528600034879,33.653558999848144],[111.13035199964526,33.666057999777024],[111.12456599992112,33.678250999983845],[111.14073299992816,33.685415000302214],[111.16231699972991,33.682228999968515],[111.17391100019267,33.68616499981505],[111.1787130004048,33.70207000033042],[111.18964700010912,33.71422499968418],[111.1890199999732,33.756398000167735],[111.20174400038547,33.78105799972707],[111.21578400033155,33.799288999587816],[111.25412000013807,33.7978840004464],[111.25515500020327,33.82588100010821],[111.23353499964071,33.84373399962453],[111.22973499977059,33.857723999962786],[111.21054799989048,33.86411599975378],[111.21186200023129,33.87152499967914],[111.1992559998647,33.881252000379675],[111.19687299968933,33.890653000435805],[111.22183000035443,33.89044599988313],[111.23000000029992,33.897216000018545],[111.21859999979034,33.9179070000082],[111.22039799996787,33.926717999836],[111.23020399981493,33.93331700017956],[111.24403700010765,33.935079999642426],[111.25652899971374,33.92863900028982],[111.26839600017541,33.936229999614966],[111.27773600011648,33.934056000084524],[111.27881899969725,33.927067999788505],[111.29689300041184,33.92851600001353],[111.30607600030737,33.95271299980527],[111.32400599977723,33.968503999560085],[111.34039099994487,33.974217999561176],[111.35180400015469,33.98687699967394],[111.34536600004105,34.02636500044457],[111.33715800014176,34.036306000221884],[111.3368470001891,34.05573100028562],[111.34603200017682,34.08383899967026],[111.36259499955975,34.0918810000083],[111.35420200012237,34.10741899978717],[111.32907199957327,34.116780999843456],[111.30719899993409,34.11680600009697],[111.30285700025053,34.12406200016136],[111.30374099964757,34.13872600010501],[111.29940400019461,34.14235200004492],[111.28440900027533,34.147613999886346],[111.27497100031161,34.137983000015595],[111.27346600015596,34.14910800043401],[111.26531700027954,34.14923700008762],[111.26088500004289,34.14343200038667],[111.24688300005056,34.16175600003953],[111.23618100025311,34.16353999957147],[111.22700899996556,34.17935100024863],[111.20735099994886,34.176232000306754],[111.20170200024728,34.19876899998951],[111.16802600039978,34.21256300028239],[111.15174799977052,34.22596699967744],[111.17455900039772,34.22972800044704],[111.18135900011794,34.24881200007388],[111.17532799988749,34.259842999754824],[111.17489999993523,34.29092100030408],[111.18135199979514,34.28885699955106],[111.19402499965418,34.297809999631966],[111.1845610002901,34.30811299991518],[111.17728900038725,34.325378000194746],[111.1565150001673,34.33877200002797],[111.15596199984657,34.350091000399516],[111.13056499957526,34.36186700026201],[111.13536799983348,34.367306000171936],[111.13356500032467,34.372663999943825],[111.1391689997497,34.388492999652385],[111.1479879999464,34.395886999785375],[111.17947300037883,34.39980899988558],[111.18599800000788,34.40416200007638],[111.1808869999353,34.41238399972195],[111.18604200023827,34.418939999881275],[111.19349600044023,34.419121000134226],[111.20814899987664,34.42962799993239],[111.21125199997999,34.46097800043452],[111.22114800038008,34.461986000153956],[111.25588899987764,34.449031999927],[111.26984300035434,34.44799899995405],[111.267267000272,34.47245700009063],[111.29338100033306,34.49067000002066],[111.29701799988095,34.47713600002652],[111.31772499970913,34.47205599958488],[111.33981100017769,34.473806000246896],[111.36281899999705,34.482807999889474],[111.36409400033801,34.47369899980919],[111.3821930004068,34.47624100012223],[111.39273099983598,34.48438499976811],[111.44030200013736,34.50343499962571],[111.45119499974959,34.515181999949505],[111.47591400023111,34.52299000028847],[111.50039300043682,34.55002200041514],[111.50863500010536,34.54627700038344],[111.53915300001114,34.545551000178705],[111.5577329997783,34.569249000341244],[111.58175699968598,34.554512999775284],[111.58628900003748,34.55560399972495],[111.57714099995735,34.56045300030587],[111.57844900002152,34.57083299964336],[111.59289799994292,34.571203999665045],[111.6150249996042,34.55503000023447],[111.62988799973158,34.55444700032899],[111.67731899987211,34.53069500037412],[111.68867099996686,34.53222299979177],[111.68850599955243,34.53794700025401],[111.66361900031677,34.5738389997702],[111.6916430003244,34.57419399995331],[111.7034489997717,34.58507599995761],[111.70766499994,34.595169000449175],[111.71505599993463,34.59390399967003],[111.72887799972011,34.60572499980907],[111.74179800017777,34.60234500042162],[111.73529499976462,34.59932799978753],[111.73919000041838,34.59625300007605],[111.75360999990176,34.594296999806886],[111.7576819997247,34.596921000304064],[111.75529999959548,34.605149000226334],[111.76023599969182,34.61287400033501],[111.77615599999956,34.608550999729005],[111.7805890002823,34.616594000113196],[111.77831099955318,34.62531100010273],[111.79596299969285,34.63324099977251],[111.7998940002081,34.63866399984386],[111.81779200000096,34.6343610001602],[111.8149439999658,34.64560499977108],[111.82952100039404,34.65726200044111],[111.84610299975378,34.65411400006121],[111.85810200000748,34.64925700001072],[111.88060099973654,34.620813999566565],[111.8882390003298,34.61838399992183],[111.89453500019027,34.62506000021898],[111.90353000040938,34.62524899994156],[111.91377299972436,34.60886299972782],[111.92498799979654,34.60505100020367],[111.93018700032997,34.62024300021443],[111.93512000028795,34.61899200008088],[111.94050500040561,34.62542499996397],[111.94001700038444,34.640996000365305],[111.95668900029727,34.64089100001979],[111.9737189996323,34.6519550003232],[111.96523100031061,34.67176400010868],[111.97405900002303,34.67949100030961],[111.97316900034929,34.6956570002705],[111.9895680002632,34.693248999841614],[111.99251100018267,34.69635800022172],[111.98979199980113,34.69869600012049],[111.98962900037822,34.71035600002955],[112.00982500002385,34.72714299984972],[112.00839699982191,34.73283799987394],[111.98927900042571,34.738273999645514],[111.99252900011345,34.75219999973035],[112.01038399972197,34.749376999948765],[112.01295100028858,34.768807000243044],[112.02505199985012,34.77808600006904],[112.0241780000149,34.79259400001325],[112.0093679996337,34.79861499978256],[112.01570599963236,34.81226399968398],[111.97837300021399,34.84394099997735],[111.97753300014801,34.84771699964],[111.98675299995114,34.85447099993684],[111.98501499984252,34.858482999690864],[111.94356600037082,34.84984099956267],[111.94648700017507,34.85975900007793],[111.9412970000567,34.867121999680705],[111.91234200028327,34.886234999745625],[111.89764499971716,34.885826999816345],[111.89325000028748,34.89159200037068],[111.87846500015979,34.89449000001366],[111.87676800014327,34.8988109996281],[111.87764900030129,34.910991000134686],[111.8842709999069,34.922503000413315],[111.91869900025881,34.934679999882235],[111.92799600001558,34.94914399959606],[111.9503920003907,34.94906899973472],[111.9752199996035,34.959348999856616]]]}},{"type":"Feature","properties":{"city_name":"开封市","city_code":"410200","province_name":"河南省","province_code":"410000"},"geometry":{"type":"Polygon","coordinates":[[[114.87712900000349,35.02248800042105],[114.8698499997779,35.02560800040908],[114.86152699997126,35.02318200004942],[114.84973899955537,35.00168599980918],[114.80432099961456,35.011393999633526],[114.8072649995803,35.01165299988622],[114.80437000007566,35.01189600030034],[114.79429200027573,35.007226999926274],[114.77661699997475,34.99183000035441],[114.75061699977493,34.96882599982018],[114.73943000009456,34.94912100033406],[114.77645799983702,34.919009000265305],[114.7728810003581,34.90628199971468],[114.76365200013981,34.89579800007783],[114.74741499960271,34.89039299993715],[114.69245600034435,34.906427000106135],[114.67578200033927,34.899858000246695],[114.65247600026737,34.897911000392526],[114.60122700032593,34.906791999851066],[114.58952000004808,34.90498800029616],[114.56506700014211,34.915022999911685],[114.53627899997605,34.90129800010277],[114.52076400035855,34.89944299999462],[114.49681500031215,34.906984999758095],[114.45774900011645,34.91074499958222],[114.42834300022946,34.92301799988098],[114.40780700019309,34.93630099999132],[114.3922739997455,34.94069000004362],[114.37949799963314,34.935512999625416],[114.36575800003186,34.91637300011405],[114.34577600036232,34.90394399981591],[114.27767400025505,34.90497999992721],[114.25055199957535,34.895197000241524],[114.24014800003033,34.897612000093886],[114.22988099960867,34.90701999957349],[114.20602400020766,34.91256800001338],[114.19980400025463,34.88095399992733],[114.20119799978806,34.87106099966559],[114.20476499970516,34.869863000177475],[114.19549400024812,34.847376000102486],[114.1987890002124,34.843727000001195],[114.19232599984514,34.82335000010261],[114.17894000038086,34.81875999977433],[114.16473099983591,34.821036000411254],[114.15922599958037,34.83001399984636],[114.14775200015481,34.82961100014768],[114.13363999958653,34.82812499996896],[114.12065299963638,34.82123100041048],[114.11441399970647,34.82431499963769],[114.11129099958009,34.8191760000725],[114.11403600026142,34.803196999741886],[114.12979200020084,34.80233300036787],[114.13958200020932,34.796654000182116],[114.14723100041056,34.783163000372326],[114.16488199960475,34.77701400009619],[114.16723200005697,34.76458299970585],[114.16054400010569,34.76004199983856],[114.1516490000015,34.761234999995395],[114.13337900014096,34.728438000213714],[114.14307000008057,34.70880599959736],[114.15468699980534,34.71799099958514],[114.16282199993555,34.71593900028478],[114.15170199974762,34.69074100019719],[114.15562099970953,34.683168999949544],[114.15312399967297,34.67081200027377],[114.1495749996867,34.6628609996356],[114.14005599958489,34.65638000023699],[114.15490199982764,34.64047199958327],[114.14701999967338,34.6318250001238],[114.14587099974699,34.61588899997753],[114.14952099989443,34.609380000187],[114.13969399997825,34.60550799969462],[114.13996199974667,34.615714000001276],[114.12981799960119,34.618825999620356],[114.1211520001649,34.61605599958489],[114.12001900007692,34.608954000327],[114.13135999966448,34.606856999850834],[114.12789700004669,34.59217700006866],[114.12434700001427,34.59280600029683],[114.12682299998164,34.60169800026267],[114.12250200036715,34.59510500019576],[114.126270999707,34.580718000435525],[114.11207000043032,34.566432999983135],[114.10221700021452,34.56611799984597],[114.09691300023496,34.54883499963569],[114.09913700027255,34.52552300018647],[114.08706999958099,34.51206300000763],[114.08385000037742,34.514301999837585],[114.08539799981804,34.502018999977054],[114.09343099974103,34.4913819995798],[114.08917599957294,34.47656000044384],[114.06786199963176,34.47991400043094],[114.05402400000776,34.49839700022153],[114.04282000044282,34.50509199959629],[114.01791899966224,34.50565300028592],[114.01746600035585,34.4949189999121],[114.00940399999479,34.48409299979227],[113.99236300015252,34.48659199992102],[113.98985699970092,34.48214299979975],[113.99182499962421,34.46380300030836],[113.99885400001222,34.463924999639175],[113.99939099959511,34.47038599991413],[114.0144980001827,34.46407200012288],[114.0153829996259,34.44808000009209],[113.99869599992064,34.439844999847026],[113.98251600021342,34.43637599995259],[113.9530229999117,34.44031299984522],[113.94324100027211,34.43566300034735],[113.93994800040002,34.43688500004288],[113.94409800022265,34.45296000030396],[113.93553099995586,34.45775700028548],[113.92763600010153,34.45606699969244],[113.92195399977743,34.4384379997141],[113.91796700027703,34.4381560001994],[113.9067180004356,34.44520999994171],[113.90725800015673,34.45365099979398],[113.90045800043652,34.458446999729404],[113.87982300033138,34.43107900029577],[113.87125199988009,34.40599400002327],[113.8723799997374,34.38301099955817],[113.88227900027584,34.374600000190014],[113.8734529997563,34.36322299984175],[113.87385700040045,34.35726700037196],[113.88356700031693,34.34848600012896],[113.88292899967382,34.33168699975539],[113.89908199993454,34.294414000405936],[113.90808300043034,34.30323499979556],[113.93223599999158,34.3056450003167],[113.94080200021233,34.29454300005955],[113.94374199999345,34.29963200001697],[113.95500200034223,34.29512900010343],[113.95236400009867,34.29197999967738],[113.95828499975312,34.2834449999869],[113.98547700006372,34.275935999946626],[113.98578699997029,34.2654579996871],[114.00366599978622,34.245353999787426],[114.04032000026803,34.23930799976455],[114.0410060004267,34.246070000430336],[114.0618739995856,34.25207300026892],[114.06599800000788,34.244568999559874],[114.09123300000317,34.24411500020727],[114.10092700008113,34.21220700005318],[114.12671100021271,34.195708000024354],[114.15220100027614,34.20691899991209],[114.1473959999256,34.21521300017997],[114.17667400020514,34.22358200030925],[114.19149500019432,34.22054200041316],[114.19617900036076,34.24056700026699],[114.20064300027445,34.24372100002432],[114.20664800020518,34.24334499977209],[114.20953900042468,34.231688000001384],[114.21579300014696,34.231012000303735],[114.22556700031703,34.241947000054154],[114.24077200002796,34.24304100014223],[114.2447639997589,34.24913499968068],[114.25481400006618,34.25278199968972],[114.26609200034568,34.261028000442025],[114.2717169998399,34.2717389997552],[114.28323200025682,34.27499799985799],[114.32331100040255,34.2654650000099],[114.34130199998754,34.2518259996703],[114.38087800031963,34.24400899981566],[114.40138199977969,34.24707299991917],[114.40735500003336,34.252230000314455],[114.40984599979322,34.267944000115676],[114.42465700022058,34.26639399968349],[114.43316999979584,34.27347399972547],[114.4374009997565,34.285607999909416],[114.43432099981442,34.295518000055836],[114.41980400035447,34.305814000016255],[114.4076209997096,34.306020999669556],[114.40948400018658,34.309800000369876],[114.42895799981204,34.31549000016355],[114.43165500007842,34.32868599985915],[114.42243300018299,34.335165000064876],[114.42502700019611,34.338647999705586],[114.43460000009009,34.33779299984724],[114.43322399958811,34.32961999976334],[114.44771100036257,34.32151199997901],[114.45792900032325,34.32241500025225],[114.45738100023311,34.33211299961539],[114.47358300005556,34.33261800042055],[114.48044199979859,34.32990300022345],[114.48029300012206,34.32200900041522],[114.49046799989844,34.31154900008647],[114.50812899955383,34.30997899963131],[114.50809899996909,34.315765000254714],[114.52292900037321,34.311674999601735],[114.52683399968953,34.30643900005998],[114.52045399955261,34.30510399965004],[114.52372900039325,34.28372000007812],[114.5494339995796,34.288707999874475],[114.54536499989501,34.27885200041965],[114.5504759999676,34.26978400043146],[114.59433900014494,34.27384000041587],[114.60273999995127,34.264537000382404],[114.616736999713,34.261085000372645],[114.62064800020516,34.2627210002741],[114.63106500034962,34.26222900006849],[114.64482900015844,34.248546000397766],[114.66718200034916,34.25249299985222],[114.66953600008651,34.24349799963312],[114.67957800002489,34.24298600030386],[114.68239699962203,34.247348000010334],[114.70882299968184,34.2428070001431],[114.71428799989144,34.232025000253714],[114.70629800015274,34.23565999970941],[114.70576499985498,34.23163400020911],[114.71026000029894,34.22642600015996],[114.72410999957697,34.22436200030626],[114.73399999970036,34.234686999805376],[114.7553900004483,34.23804199983857],[114.7571739999803,34.24433300036782],[114.75000000010004,34.24935499993347],[114.75560400042446,34.255471999633244],[114.77319999978033,34.257095999880676],[114.78348800027118,34.26263599995161],[114.80733099992585,34.26017599982271],[114.82674100019722,34.26942400001775],[114.8271710002416,34.290644000120665],[114.85901900032673,34.27126000014903],[114.87454499955231,34.271564999825046],[114.88024299971482,34.265376000402284],[114.89465899991308,34.266055000238225],[114.8953999999103,34.284689999843806],[114.89082400022755,34.285887000185085],[114.88294900039625,34.30032499959924],[114.86280400040448,34.302835000235234],[114.86397100026159,34.309248000095295],[114.87228899983768,34.308411000167666],[114.87253699958308,34.32128600034878],[114.85476900038918,34.32230599972229],[114.8499710003615,34.33371099956315],[114.85841000012158,34.3577280000473],[114.85427099990693,34.36575100040852],[114.8821209999843,34.37963899964029],[114.88485500015827,34.38638699966049],[114.8816459996633,34.38412599971525],[114.87399500026925,34.38874499958223],[114.86696699992729,34.3992619998416],[114.84369899980913,34.40184700033893],[114.843797999878,34.41157300009405],[114.84547800000985,34.42870499963618],[114.86015499965367,34.43540300004855],[114.85149899977921,34.44557899987109],[114.86068899999748,34.46189300036184],[114.87470899992059,34.45312499981907],[114.88157299989416,34.462941000127216],[114.8940790001459,34.464129000053504],[114.90750000032494,34.4852859999491],[114.91347499977155,34.48670399969001],[114.91730400007975,34.50024199986859],[114.91228599979922,34.5024540002521],[114.90492800042705,34.496684000366486],[114.90271900018183,34.4987339995746],[114.91223200000695,34.513217000164616],[114.90170200004741,34.57146500000988],[114.90649900002904,34.58462699993629],[114.8981089998307,34.59524600040277],[114.89376800019318,34.62737399991033],[114.89650799974459,34.64600400018463],[114.88257300014402,34.65446500005987],[114.90451500026722,34.67770799992445],[114.9271560002494,34.665207999949416],[114.93063100042048,34.667181000103255],[114.93111900044164,34.67814600033779],[114.92632000036792,34.68949700038644],[114.90561599977877,34.69308000014206],[114.89505100000383,34.701363999948796],[114.8747679999434,34.70308600021889],[114.87405200019987,34.688566999767374],[114.85501600008854,34.686818000050835],[114.85078900031226,34.70101399999629],[114.85519999958046,34.711393000187],[114.83789099996989,34.71187399988537],[114.83634899990659,34.717411999864055],[114.84004500037668,34.72735299964137],[114.8500739997155,34.73411999963844],[114.8622859998992,34.73414199975366],[114.86246099987545,34.740386999960265],[114.84793500000046,34.75106599959639],[114.8355990003937,34.744110999922896],[114.83121999990328,34.74606300000761],[114.83147700006373,34.75352100039402],[114.82319899963431,34.75780800023921],[114.82695200003491,34.76884300010454],[114.86134499967216,34.76840799982949],[114.86444399959112,34.778213999676495],[114.88807600030736,34.77781300007007],[114.88851399982138,34.763699000308804],[114.89329800010285,34.759014000096215],[114.90769300023192,34.75771899973222],[114.91777700030855,34.74801600013848],[114.92330099964158,34.74772200007044],[114.9433460004177,34.748418999837156],[114.94459200032077,34.756451999760145],[114.95988499959321,34.75941299961039],[114.99297100011177,34.75724400031055],[115.00184300005458,34.774829000058446],[115.0345409997675,34.77463099992087],[115.05024500000695,34.76779899962429],[115.060557999852,34.77296000020402],[115.10471900028176,34.775375000056385],[115.10917699991876,34.77797400030005],[115.11017800021466,34.7873859999641],[115.12071999982834,34.7915280003171],[115.1384180002907,34.79063699969794],[115.14169899960928,34.77885599960484],[115.14650700009815,34.777120999634576],[115.16969900030881,34.79177199987805],[115.17288399969698,34.79984299975479],[115.1934209997795,34.80146700000222],[115.19721600031835,34.80701400039595],[115.2425590003977,34.799509999686904],[115.24406599974623,34.80498500035765],[115.23682400032749,34.81496300004261],[115.25036000041382,34.81380899988562],[115.25795299983122,34.820843999651004],[115.26121099988791,34.83137200041767],[115.25253299989822,34.83970599983218],[115.23757199974818,34.843224000187604],[115.2286070000132,34.870124999669144],[115.22950700014815,34.88453300039782],[115.24900800011926,34.902100000215],[115.24761999996315,34.90958400000176],[115.23004199963873,34.914962999842714],[115.2088780003196,34.904200999976354],[115.1823350002602,34.91532100016417],[115.18477600041228,34.92451100038255],[115.21497299990415,34.94617100009174],[115.21759000007864,34.953663000247445],[115.20815300016102,34.960140000360866],[115.19786799980852,34.959857999946905],[115.18463100002077,34.952678999836166],[115.1781539999073,34.960280999668555],[115.15013099994587,34.959297000156596],[115.14108299998065,34.97450600005203],[115.12422200034518,34.98132299965687],[115.12521800041054,34.994854999558754],[115.12633499976062,35.001125000018874],[115.11998700020013,35.007057000180566],[115.10348500003295,35.0053099996569],[115.07991799961621,34.99483899972023],[115.05256700006714,34.99536499969514],[115.04605900032277,34.98530599987214],[115.02667999968241,34.97999999980033],[115.02755000023251,34.969090000303424],[115.0216060004168,34.96815100016869],[115.00311300016494,34.97738299962589],[115.00148799987153,34.988068000438034],[114.94942500016384,34.99496800027316],[114.93678299993564,34.989165999811235],[114.92063099972108,34.9695279998175],[114.89925399957258,34.97694800025016],[114.90045900028281,34.989551999625235],[114.87470299964389,34.99752400033253],[114.87712900000349,35.02248800042105]]]}},{"type":"Feature","properties":{"city_name":"洛阳市","city_code":"410300","province_name":"河南省","province_code":"410000"},"geometry":{"type":"Polygon","coordinates":[[[112.0290329999732,35.03473599956692],[112.02250700029799,35.049767000247016],[112.00798000037685,35.06638000013709],[111.97099299982727,35.07054499975209],[111.95511799979602,35.06854200001345],[111.94934099958766,35.046586000143975],[111.93000800016927,35.041838999770164],[111.92831200019884,35.03584100016218],[111.97923200025679,35.00439000039836],[111.97479699988179,34.992378999591324],[111.93549000026348,34.98360299957892],[111.95101899962731,34.98307599955791],[111.97453600043627,34.97229899989907],[111.9752199996035,34.959348999856616],[111.9503920003907,34.94906899973472],[111.92799600001558,34.94914399959606],[111.91869900025881,34.934679999882235],[111.8842709999069,34.922503000413315],[111.87764900030129,34.910991000134686],[111.87676800014327,34.8988109996281],[111.87846500015979,34.89449000001366],[111.89325000028748,34.89159200037068],[111.89764499971716,34.885826999816345],[111.91234200028327,34.886234999745625],[111.9412970000567,34.867121999680705],[111.94648700017507,34.85975900007793],[111.94356600037082,34.84984099956267],[111.98501499984252,34.858482999690864],[111.98675299995114,34.85447099993684],[111.97753300014801,34.84771699964],[111.97837300021399,34.84394099997735],[112.01570599963236,34.81226399968398],[112.0093679996337,34.79861499978256],[112.0241780000149,34.79259400001325],[112.02505199985012,34.77808600006904],[112.01295100028858,34.768807000243044],[112.01038399972197,34.749376999948765],[111.99252900011345,34.75219999973035],[111.98927900042571,34.738273999645514],[112.00839699982191,34.73283799987394],[112.00982500002385,34.72714299984972],[111.98962900037822,34.71035600002955],[111.98979199980113,34.69869600012049],[111.99251100018267,34.69635800022172],[111.9895680002632,34.693248999841614],[111.97316900034929,34.6956570002705],[111.97405900002303,34.67949100030961],[111.96523100031061,34.67176400010868],[111.9737189996323,34.6519550003232],[111.95668900029727,34.64089100001979],[111.94001700038444,34.640996000365305],[111.94050500040561,34.62542499996397],[111.93512000028795,34.61899200008088],[111.93018700032997,34.62024300021443],[111.92498799979654,34.60505100020367],[111.91377299972436,34.60886299972782],[111.90353000040938,34.62524899994156],[111.89453500019027,34.62506000021898],[111.8882390003298,34.61838399992183],[111.88060099973654,34.620813999566565],[111.85810200000748,34.64925700001072],[111.84610299975378,34.65411400006121],[111.82952100039404,34.65726200044111],[111.8149439999658,34.64560499977108],[111.81779200000096,34.6343610001602],[111.7998940002081,34.63866399984386],[111.79596299969285,34.63324099977251],[111.77831099955318,34.62531100010273],[111.7805890002823,34.616594000113196],[111.77615599999956,34.608550999729005],[111.76023599969182,34.61287400033501],[111.75529999959548,34.605149000226334],[111.7576819997247,34.596921000304064],[111.75360999990176,34.594296999806886],[111.73919000041838,34.59625300007605],[111.73529499976462,34.59932799978753],[111.74179800017777,34.60234500042162],[111.72887799972011,34.60572499980907],[111.71505599993463,34.59390399967003],[111.70766499994,34.595169000449175],[111.7034489997717,34.58507599995761],[111.6916430003244,34.57419399995331],[111.66361900031677,34.5738389997702],[111.68850599955243,34.53794700025401],[111.68867099996686,34.53222299979177],[111.67731899987211,34.53069500037412],[111.62988799973158,34.55444700032899],[111.6150249996042,34.55503000023447],[111.59289799994292,34.571203999665045],[111.57844900002152,34.57083299964336],[111.57714099995735,34.56045300030587],[111.58628900003748,34.55560399972495],[111.58175699968598,34.554512999775284],[111.5577329997783,34.569249000341244],[111.53915300001114,34.545551000178705],[111.50863500010536,34.54627700038344],[111.50039300043682,34.55002200041514],[111.47591400023111,34.52299000028847],[111.45119499974959,34.515181999949505],[111.44030200013736,34.50343499962571],[111.39273099983598,34.48438499976811],[111.3821930004068,34.47624100012223],[111.36409400033801,34.47369899980919],[111.36281899999705,34.482807999889474],[111.33981100017769,34.473806000246896],[111.31772499970913,34.47205599958488],[111.29701799988095,34.47713600002652],[111.29338100033306,34.49067000002066],[111.267267000272,34.47245700009063],[111.26984300035434,34.44799899995405],[111.25588899987764,34.449031999927],[111.22114800038008,34.461986000153956],[111.21125199997999,34.46097800043452],[111.20814899987664,34.42962799993239],[111.19349600044023,34.419121000134226],[111.18604200023827,34.418939999881275],[111.1808869999353,34.41238399972195],[111.18599800000788,34.40416200007638],[111.17947300037883,34.39980899988558],[111.1479879999464,34.395886999785375],[111.1391689997497,34.388492999652385],[111.13356500032467,34.372663999943825],[111.13536799983348,34.367306000171936],[111.13056499957526,34.36186700026201],[111.15596199984657,34.350091000399516],[111.1565150001673,34.33877200002797],[111.17728900038725,34.325378000194746],[111.1845610002901,34.30811299991518],[111.19402499965418,34.297809999631966],[111.18135199979514,34.28885699955106],[111.17489999993523,34.29092100030408],[111.17532799988749,34.259842999754824],[111.18135900011794,34.24881200007388],[111.17455900039772,34.22972800044704],[111.15174799977052,34.22596699967744],[111.16802600039978,34.21256300028239],[111.20170200024728,34.19876899998951],[111.20735099994886,34.176232000306754],[111.22700899996556,34.17935100024863],[111.23618100025311,34.16353999957147],[111.24688300005056,34.16175600003953],[111.26088500004289,34.14343200038667],[111.26531700027954,34.14923700008762],[111.27346600015596,34.14910800043401],[111.27497100031161,34.137983000015595],[111.28440900027533,34.147613999886346],[111.29940400019461,34.14235200004492],[111.30374099964757,34.13872600010501],[111.30285700025053,34.12406200016136],[111.30719899993409,34.11680600009697],[111.32907199957327,34.116780999843456],[111.35420200012237,34.10741899978717],[111.36259499955975,34.0918810000083],[111.34603200017682,34.08383899967026],[111.3368470001891,34.05573100028562],[111.33715800014176,34.036306000221884],[111.34536600004105,34.02636500044457],[111.35180400015469,33.98687699967394],[111.34039099994487,33.974217999561176],[111.32400599977723,33.968503999560085],[111.30607600030737,33.95271299980527],[111.29689300041184,33.92851600001353],[111.27881899969725,33.927067999788505],[111.27773600011648,33.934056000084524],[111.26839600017541,33.936229999614966],[111.25652899971374,33.92863900028982],[111.24403700010765,33.935079999642426],[111.23020399981493,33.93331700017956],[111.22039799996787,33.926717999836],[111.21859999979034,33.9179070000082],[111.23000000029992,33.897216000018545],[111.22183000035443,33.89044599988313],[111.19687299968933,33.890653000435805],[111.1992559998647,33.881252000379675],[111.21186200023129,33.87152499967914],[111.21054799989048,33.86411599975378],[111.22973499977059,33.857723999962786],[111.23353499964071,33.84373399962453],[111.25515500020327,33.82588100010821],[111.25412000013807,33.7978840004464],[111.26039099974503,33.78456699966745],[111.29513700037245,33.77800400008471],[111.31393200016186,33.76415499995346],[111.3286689998746,33.770115999653854],[111.37889500030417,33.76808999975384],[111.4067070004279,33.754877000173565],[111.42306000001918,33.75331400004126],[111.44217200003794,33.74077199992803],[111.4904810001982,33.72246900034423],[111.5078109998779,33.738495000144326],[111.5269500002425,33.73790800005435],[111.53953899982514,33.729684000316524],[111.57446099957565,33.72652799956768],[111.58739599982573,33.72137700034847],[111.62047700011362,33.72274599962833],[111.64963900043972,33.71111300006504],[111.65387899991606,33.69480599989714],[111.66087000035043,33.68837400006021],[111.68260900010546,33.68089499960473],[111.69640000025998,33.68099399967349],[111.70878100014323,33.687375999902656],[111.79946900039425,33.65617700006868],[111.80543000009459,33.648655000328176],[111.82701800008084,33.64077700035847],[111.82062400019765,33.59599600011546],[111.82560899985566,33.59148799997138],[111.83837300031388,33.595307999864474],[111.86085200001997,33.59432500039861],[111.89626800006835,33.58586999990075],[111.90281199967421,33.58226099984546],[111.91397900023082,33.56411700039939],[111.9255109996331,33.57341800034061],[111.95765900006296,33.574203999714996],[111.97874300018947,33.58507199997297],[112.00919999998018,33.5869100001965],[112.02237000027549,33.59307500031116],[112.01852900031326,33.60172700000123],[112.00428199981457,33.59908799971157],[112.00335600027938,33.61152000014806],[112.00859199982108,33.620853999812425],[112.02574600037781,33.62194299966984],[112.0530040001347,33.60538100033307],[112.05760500007091,33.61024699989929],[112.07103699985782,33.608660999605604],[112.07980400035456,33.60292400034251],[112.08606799963866,33.605595000309165],[112.08862399969803,33.61282700016608],[112.0679680004231,33.6400669999922],[112.07426799956875,33.651477000063664],[112.09863600005156,33.65560499977107],[112.10822099959967,33.65566599988614],[112.11068700000521,33.651177999765025],[112.11674699977436,33.65323300010306],[112.12122899961878,33.66019600014545],[112.1174380001637,33.6790699999807],[112.12487400043494,33.69630099959164],[112.14008599956935,33.71213400038397],[112.1562529995764,33.720604999821035],[112.17190099993138,33.72119800018771],[112.17362100010928,33.69965100029361],[112.18757399964056,33.702650000097606],[112.20788600013896,33.69784299965488],[112.22350900024037,33.71264200042816],[112.2439620000464,33.72073000018952],[112.24443800041354,33.73343299963341],[112.25626299983776,33.73964400007071],[112.26155600020945,33.768856000004575],[112.25142799990249,33.77671099981296],[112.2535260004247,33.783371000271586],[112.27074200024333,33.791730999985816],[112.27738499991801,33.81049800028268],[112.29458800003636,33.807594000363],[112.30087100019671,33.81352400043244],[112.29882500027372,33.81802200011538],[112.30925900030275,33.824524999629205],[112.3517930003469,33.8347770002585],[112.37468400016667,33.828119999938224],[112.38396500008491,33.830204999860996],[112.39572199997053,33.81176999958598],[112.41446299996767,33.81088800028118],[112.42527899962636,33.81427600003752],[112.42781299957039,33.82167100021667],[112.44807100027663,33.84216400006869],[112.47403499971563,33.85884400035047],[112.48701000001165,33.85567499990151],[112.51633799989895,33.862490000313414],[112.53450400035945,33.8873360003563],[112.53637700039837,33.89754499990198],[112.53376000022399,33.901665000139815],[112.51426599967635,33.9049529997813],[112.50578299968583,33.91503899995007],[112.48952199984058,33.918485999729285],[112.48920200037219,33.929779999847256],[112.52401100030761,33.943190000418326],[112.52403699970796,33.958958000011876],[112.54304400028059,33.98528600004903],[112.53975699978594,33.993120999834446],[112.53998400036153,34.001045000126794],[112.56375700038541,34.004573000044104],[112.52904799966564,34.023167999603686],[112.55772800024715,34.039268000118284],[112.5706150000824,34.04010199990756],[112.57477600041227,34.04826899971471],[112.57203099973106,34.060920000357896],[112.57787500033112,34.06499200018084],[112.59845799983702,34.06544899967179],[112.60104699961948,34.074888999727705],[112.595479000056,34.088269999860756],[112.61705300029587,34.144189000222354],[112.60615699964603,34.16029600016043],[112.58856499957528,34.17163100037055],[112.58432600014498,34.187723999663035],[112.57506999958105,34.20110699988828],[112.55083799997385,34.2135130000251],[112.56594299956998,34.24249900032879],[112.57575999992423,34.24786100028513],[112.54026099964562,34.27275099965908],[112.54911299956541,34.28418099975352],[112.56606499980012,34.29226400018365],[112.5908739999353,34.31947499957175],[112.60903400011921,34.32370000015504],[112.60247799995989,34.32984700033899],[112.63559099992483,34.34587800036957],[112.6480040003845,34.341224999834026],[112.65763000002471,34.32620799979952],[112.697584999848,34.335832000246796],[112.72494899999651,34.33126500007984],[112.75057800017476,34.332763999958786],[112.77017199993804,34.34616700020706],[112.75384799988547,34.348567000266996],[112.75148699982537,34.35856399992883],[112.7261840002916,34.35239599967582],[112.72437000027548,34.37861299999014],[112.71479600033535,34.38291000029642],[112.71614799973054,34.389081999834616],[112.72705900017286,34.39546800024817],[112.72901300034982,34.40668400036651],[112.72334299967986,34.40806300010752],[112.72172599975522,34.417175000326154],[112.73019600004557,34.425318999972035],[112.7366289999286,34.44439600017546],[112.73717099974203,34.46908400012666],[112.73157599983267,34.492985999804205],[112.76297499989653,34.49665499992847],[112.76925399987238,34.50207499986152],[112.8019700004154,34.481088999757674],[112.85080399960509,34.4806550004281],[112.85952099959468,34.474839000219845],[112.88671600004352,34.47794400041545],[112.90130500012583,34.46910800033413],[112.91671999962841,34.47925499971865],[112.91401699998471,34.4880299996849],[112.92375500029323,34.52872799959766],[112.97427099970707,34.53542900014838],[112.96232199996052,34.54717400037998],[112.88929700035646,34.54877899975122],[112.87045400015211,34.561038000303654],[112.85552599972527,34.585727000301006],[112.8301389999151,34.59503000033442],[112.8332860002489,34.60492799992744],[112.84755700005564,34.608179999707374],[112.84768100037809,34.61729600011046],[112.8395209999943,34.62492500028867],[112.81919499974958,34.6266059995674],[112.81940799967958,34.630056000384286],[112.83793199956233,34.63046500035966],[112.84044300024448,34.6419239999928],[112.82674099969756,34.654964999735114],[112.82995599956985,34.66888200030422],[112.8213280000873,34.6743469996145],[112.82067200041263,34.69439100034458],[112.8636049999709,34.71070099975151],[112.89453900017486,34.69422099969955],[112.91069599972082,34.7122100000916],[112.92704500002685,34.71392700013109],[112.93304699981934,34.72429299972231],[112.9048950002043,34.73808800006134],[112.89478900001257,34.75392500013879],[112.90903899975024,34.75862400009771],[112.91069799981301,34.76397000021552],[112.89019100021471,34.78459199972116],[112.88179299964736,34.7852759997877],[112.88052599967534,34.77888500004286],[112.87626900031432,34.77831099965306],[112.86524099987241,34.78599799980799],[112.86162999972487,34.78294300011953],[112.84414900027627,34.785713000155],[112.8394310003406,34.77274700027402],[112.82448299989073,34.77156599977121],[112.80537800019476,34.783534000393956],[112.80535900021789,34.80016400016865],[112.80784399970105,34.83346099962557],[112.77960699976336,34.83886699981235],[112.74905199994998,34.82980700019306],[112.72014499969214,34.830083000330376],[112.65549499959468,34.86022800012228],[112.6338349998855,34.85631100025262],[112.63458999962893,34.888069999830805],[112.64377300042383,34.88946100012521],[112.64268799985143,34.90092099980444],[112.63331100000278,34.89870099995136],[112.62810399999978,34.90420900034525],[112.63253500019027,34.916914999927485],[112.62883799967415,34.92733100002579],[112.61381300017001,34.919580999663594],[112.58054999958301,34.924545000151795],[112.57320700000321,34.93222299989168],[112.57572199997048,34.943608999755725],[112.56676100042,34.944337000052656],[112.56308900015745,34.9559020000774],[112.55227499969169,34.94812899955383],[112.55025199993008,34.93879299979727],[112.5413159997338,34.93827600023741],[112.54487099999687,34.94223300015301],[112.53620499966121,34.943652999986114],[112.5299780002847,34.93085799989694],[112.5225860002439,34.932776000212414],[112.51441900043665,34.943409999572],[112.49870899992061,34.94285500005839],[112.49195599966981,34.92128299991066],[112.50507700040339,34.92063299961342],[112.50933899999507,34.93084200005842],[112.51988099960863,34.93192899982364],[112.5244820004441,34.92136700018705],[112.53126700037194,34.91863700019758],[112.52449099995988,34.90721100028759],[112.52947799971014,34.89657599998259],[112.51643699996771,34.89533500031018],[112.45143299973336,34.91820500006088],[112.41904099974249,34.92177199997798],[112.379479000056,34.919297000056645],[112.36680400010471,34.922633000113024],[112.33972100032406,34.93926499997991],[112.32207799970013,34.94236199980662],[112.31169500022429,34.93823500014531],[112.3010389998501,34.93960400032449],[112.27844300014453,34.96261700037445],[112.26187499963169,34.95883899972023],[112.25927500024125,34.94598100032306],[112.2517470002241,34.939081999634766],[112.23190099963165,34.95382899980865],[112.21856599982118,34.954194999599736],[112.20686099963564,34.96684500019677],[112.18031100015276,34.96951600016342],[112.17422600012992,34.99401699958503],[112.14623900003005,35.01551900010196],[112.10169099974007,35.02984499974713],[112.0358080003391,35.02840299979874],[112.0290329999732,35.03473599956692]]]}},{"type":"Feature","properties":{"city_name":"济源市","city_code":"419001","province_name":"河南省","province_code":"410000"},"geometry":{"type":"Polygon","coordinates":[[[112.61005300034583,35.25253699988281],[112.6139300001696,35.244639999936226],[112.63453699988281,35.23948699972544],[112.63269799961313,35.231388000356105],[112.6205519997751,35.231388000356105],[112.61245699969095,35.22108500007283],[112.56571199970915,35.22145099986392],[112.55835699957606,35.21114700043387],[112.54473900020491,35.213721999570794],[112.52854199971364,35.223293000271894],[112.50245700009066,35.2199330000081],[112.49236299955294,35.22790900000052],[112.44703700025752,35.226363999798934],[112.39263100042047,35.24765799971709],[112.3853680000334,35.24625000043733],[112.36868999984381,35.229237000087664],[112.35252399988292,35.22046300016751],[112.28595700041546,35.21807099957715],[112.27950299956399,35.22216000018403],[112.28910800003439,35.24647099983696],[112.28092999971989,35.25444399969098],[112.24746699980233,35.239837999724045],[112.21087600042722,35.231621000309076],[112.19905800042659,35.239792000300724],[112.20282799981248,35.25675200000495],[112.18660700001317,35.25619899968427],[112.12319999968042,35.27228200031425],[112.09802999998465,35.270054000092216],[112.06123300010302,35.282619000366765],[112.05287699967403,35.27914100005728],[112.05245199986007,35.2653889999026],[112.07186100008528,35.229129999649956],[112.06561299974032,35.21191800001583],[112.04562399974793,35.19735300014099],[112.0392990003487,35.18677499976661],[112.04132800038713,35.18038199992952],[112.06075299955148,35.16861699967495],[112.05964699980939,35.13953400029402],[112.04846999969095,35.08657099955218],[112.05539699987185,35.064644000120666],[112.05079699998169,35.050644000220586],[112.0290329999732,35.03473599956692],[112.0358080003391,35.02840299979874],[112.10169099974007,35.02984499974713],[112.14623900003005,35.01551900010196],[112.17422600012992,34.99401699958503],[112.18031100015276,34.96951600016342],[112.20686099963564,34.96684500019677],[112.21856599982118,34.954194999599736],[112.23190099963165,34.95382899980865],[112.2517470002241,34.939081999634766],[112.25927500024125,34.94598100032306],[112.26187499963169,34.95883899972023],[112.27844300014453,34.96261700037445],[112.3010389998501,34.93960400032449],[112.31169500022429,34.93823500014531],[112.32207799970013,34.94236199980662],[112.33972100032406,34.93926499997991],[112.36680400010471,34.922633000113024],[112.379479000056,34.919297000056645],[112.41904099974249,34.92177199997798],[112.45143299973336,34.91820500006088],[112.51643699996771,34.89533500031018],[112.52947799971014,34.89657599998259],[112.52449099995988,34.90721100028759],[112.53126700037194,34.91863700019758],[112.5244820004441,34.92136700018705],[112.51988099960863,34.93192899982364],[112.50933899999507,34.93084200005842],[112.50507700040339,34.92063299961342],[112.49195599966981,34.92128299991066],[112.49870899992061,34.94285500005839],[112.51441900043665,34.943409999572],[112.5225860002439,34.932776000212414],[112.5299780002847,34.93085799989694],[112.53620499966121,34.943652999986114],[112.54487099999687,34.94223300015301],[112.5413159997338,34.93827600023741],[112.55025199993008,34.93879299979727],[112.55227499969169,34.94812899955383],[112.56308900015745,34.9559020000774],[112.57019300040679,34.96669599962087],[112.5692920002258,34.97364299982473],[112.57362699958651,34.97592399979294],[112.58824800024524,34.97193800033858],[112.61315200026479,34.98284899988158],[112.63737400031005,34.980326000444734],[112.64206099971557,34.98155999979434],[112.64930199998753,34.997857000400415],[112.6694550003482,34.9948589997432],[112.70036200020627,35.03009599963082],[112.72897200025773,35.03872199992054],[112.72884899998155,35.0421729998842],[112.726089999554,35.043581000063284],[112.73172599955547,35.05004200033824],[112.73070199999745,35.06222400003776],[112.74167999993222,35.067465999856154],[112.74365099999386,35.07611400026104],[112.73739300008708,35.078437000367444],[112.74001100030762,35.0850979999729],[112.74529900044865,35.08564500001688],[112.74767800043958,35.10088999977381],[112.76597899993112,35.110545999898136],[112.75802800019221,35.11947699986382],[112.75795500042307,35.145028000042316],[112.7513630004023,35.14989000032341],[112.76497500039613,35.182753999597594],[112.75605900022288,35.18925099973404],[112.75175499959369,35.20385200036969],[112.71900200004245,35.21039199979111],[112.71054899963679,35.20453999972136],[112.70534499977214,35.18827799983001],[112.70143900040966,35.18697700008863],[112.695740000201,35.20388400004674],[112.69949299970233,35.21689600025036],[112.68940000011014,35.2173959999256],[112.67533900009494,35.23311199981913],[112.65879099960512,35.23862500044356],[112.64615599969977,35.24811900029181],[112.64374500003191,35.257889000277316],[112.6323319998221,35.257889000277316],[112.62129199972617,35.271506999648466],[112.61005300034583,35.25253699988281]]]}}]}