学名,x,y,日期,地址,数量,目,科,种,保护级别
Anas platyrhynchos,112.845211,34.8101389,2025/11/13,巩义,500,雁形目,鸭科,绿头鸭,
Anas platyrhynchos,112.845211,34.8101389,2025/11/18,巩义,500,雁形目,鸭科,绿头鸭,
Anas platyrhynchos,112.845211,34.8101389,2025/11/28,巩义,500,雁形目,鸭科,绿头鸭,
Anas platyrhynchos,112.845211,34.8101389,2025/12/5,巩义,800,雁形目,鸭科,绿头鸭,
Anas platyrhynchos,112.845211,34.8101389,2025/12/10,巩义,800,雁形目,鸭科,绿头鸭,
Anas platyrhynchos,112.845211,34.8101389,2025/12/17,巩义,800,雁形目,鸭科,绿头鸭,
Anas platyrhynchos,112.845211,34.8101389,2025/12/22,巩义,800,雁形目,鸭科,绿头鸭,
Anas platyrhynchos,112.845211,34.8101389,2025/12/29,巩义,800,雁形目,鸭科,绿头鸭,
Anas poecilorhyncha ,112.845211,34.8101389,2025/10/17,巩义,300,雁形目,鸭科,斑嘴鸭,
Anas poecilorhyncha ,112.845211,34.8101389,2025/11/13,巩义,300,雁形目,鸭科,斑嘴鸭,
Anas poecilorhyncha ,112.845211,34.8101389,2025/11/18,巩义,400,雁形目,鸭科,斑嘴鸭,
Anas poecilorhyncha ,112.845211,34.8101389,2025/11/28,巩义,800,雁形目,鸭科,斑嘴鸭,
Anas poecilorhyncha ,112.845211,34.8101389,2025/12/5,巩义,800,雁形目,鸭科,斑嘴鸭,
Anas poecilorhyncha ,112.845211,34.8101389,2025/12/10,巩义,800,雁形目,鸭科,斑嘴鸭,
Anas poecilorhyncha ,112.845211,34.8101389,2025/12/17,巩义,1000,雁形目,鸭科,斑嘴鸭,
Anas poecilorhyncha ,112.845211,34.8101389,2025/12/22,巩义,1000,雁形目,鸭科,斑嘴鸭,
Anas poecilorhyncha ,112.845211,34.8101389,2025/12/29,巩义,800,雁形目,鸭科,斑嘴鸭,
Anser fabalis,112.845211,34.8101389,2025/11/13,巩义,500,雁形目,鸭科,豆雁,
Anser fabalis,112.845211,34.8101389,2025/11/18,巩义,1200,雁形目,鸭科,豆雁,
Anser fabalis,112.845211,34.8101389,2025/11/28,巩义,2000,雁形目,鸭科,豆雁,
Anser fabalis,112.845211,34.8101389,2025/12/5,巩义,3000,雁形目,鸭科,豆雁,
Anser fabalis,112.845211,34.8101389,2025/12/10,巩义,4000,雁形目,鸭科,豆雁,
Anser fabalis,112.845211,34.8101389,2025/12/17,巩义,3000,雁形目,鸭科,豆雁,
Anser fabalis,112.845211,34.8101389,2025/12/22,巩义,4000,雁形目,鸭科,豆雁,
Anser fabalis,112.845211,34.8101389,2025/12/29,巩义,3500,雁形目,鸭科,豆雁,
Ardea alba ,112.845211,34.8101389,2025/10/17,巩义,2,鹈形目,鹭科,大白鹭,
Ardea alba ,112.845211,34.8101389,2025/12/29,巩义,3,鹈形目,鹭科,大白鹭,
Ardea cinerea ,112.845211,34.8101389,2025/10/17,巩义,7,鹈形目,鹭科,苍鹭,
Ardea cinerea ,112.845211,34.8101389,2025/11/13,巩义,7,鹈形目,鹭科,苍鹭,
Ardea cinerea ,112.845211,34.8101389,2025/11/28,巩义,7,鹈形目,鹭科,苍鹭,
Ardea cinerea ,112.845211,34.8101389,2025/12/29,巩义,2,鹈形目,鹭科,苍鹭,
Columba rupestris,112.845211,34.8101389,2025/12/10,巩义,80,鸽形目,鸠鸽科,岩鸽,
Cygnus columbianus,112.845211,34.8101389,2025/11/18,巩义,586,雁形目,鸭科,小天鹅,Ⅱ
Larus vegae,112.845211,34.8101389,2025/11/18,巩义,100,鸻形目,  鸥科,西伯利亚银鸥,
Larus vegae,112.845211,34.8101389,2025/11/28,巩义,14,鸻形目,  鸥科,西伯利亚银鸥,
Larus vegae,112.845211,34.8101389,2025/12/10,巩义,52,鸻形目,  鸥科,西伯利亚银鸥,
Mergus merganser ,112.845211,34.8101389,2025/11/28,巩义,12,雁形目,鸭科,普通秋沙鸭,
Mergus merganser ,112.845211,34.8101389,2025/12/10,巩义,6,雁形目,鸭科,普通秋沙鸭,
Mergus merganser ,112.845211,34.8101389,2025/12/22,巩义,14,雁形目,鸭科,普通秋沙鸭,
"Phalacrocorax carbo 
",112.845211,34.8101389,2025/10/17,巩义,25,鲣鸟目,鸬鹚科,普通鸬鹚,
"Phalacrocorax carbo 
",112.845211,34.8101389,2025/11/13,巩义,26,鲣鸟目,鸬鹚科,普通鸬鹚,
"Phalacrocorax carbo 
",112.845211,34.8101389,2025/12/17,巩义,58,鲣鸟目,鸬鹚科,普通鸬鹚,
"Phalacrocorax carbo 
",112.845211,34.8101389,2025/12/22,巩义,43,鲣鸟目,鸬鹚科,普通鸬鹚,
"Phalacrocorax carbo 
",112.845211,34.8101389,2025/12/29,巩义,26,鲣鸟目,鸬鹚科,普通鸬鹚,
Pica pica ,112.845211,34.8101389,2025/11/28,巩义,30,雀形目,鸦科,喜鹊,
Platalea leucorodia,112.845211,34.8101389,2025/11/13,巩义,17,鹈形目,鹮科,白琵鹭,Ⅱ
Platalea leucorodia,112.845211,34.8101389,2025/12/5,巩义,26,鹈形目,鹮科,白琵鹭,Ⅱ
Platalea leucorodia,112.845211,34.8101389,2025/12/10,巩义,43,鹈形目,鹮科,白琵鹭,Ⅱ
Platalea leucorodia,112.845211,34.8101389,2025/12/29,巩义,17,鹈形目,鹮科,白琵鹭,Ⅱ
Podiceps ruficollis,112.845211,34.8101389,2025/10/17,巩义,4,䴙䴘目,䴙䴘科,小,
Tadorna ferruginea,112.845211,34.8101389,2025/10/17,巩义,80,雁形目,鸭科,赤麻鸭,
Tadorna ferruginea,112.845211,34.8101389,2025/11/13,巩义,200,雁形目,鸭科,赤麻鸭,
Tadorna ferruginea,112.845211,34.8101389,2025/11/18,巩义,200,雁形目,鸭科,赤麻鸭,
Tadorna ferruginea,112.845211,34.8101389,2025/11/28,巩义,500,雁形目,鸭科,赤麻鸭,
Tadorna ferruginea,112.845211,34.8101389,2025/12/5,巩义,300,雁形目,鸭科,赤麻鸭,
Tadorna ferruginea,112.845211,34.8101389,2025/12/17,巩义,200,雁形目,鸭科,赤麻鸭,
Tadorna ferruginea,112.845211,34.8101389,2025/12/22,巩义,600,雁形目,鸭科,赤麻鸭,
Tadorna ferruginea,112.845211,34.8101389,2025/12/29,巩义,80,雁形目,鸭科,赤麻鸭,
,112.845211,34.8101389,2025/11/13,巩义,2,鹈形目,鹭科,中白鹭,
,112.845211,34.8101389,2025/11/28,巩义,2,鹈形目,鹭科,中白鹭,
Botaurus stellaris ,113.1383443,34.83814641,2025/12/14,巩义水厂,1,鹈形目,鹭科,大麻鳽,
Circus  cyaneus  ,113.1383443,34.83814641,2025/12/14,巩义水厂,1,鹰形目,鹰科,白尾鹞,Ⅱ
Larus vegae,113.1383443,34.83814641,2025/12/14,巩义水厂,7,鸻形目,  鸥科,西伯利亚银鸥,
Mergus merganser ,113.1383443,34.83814641,2025/12/14,巩义水厂,3,雁形目,鸭科,普通秋沙鸭,
Phasianus colchicus ,113.1383443,34.83814641,2025/12/14,巩义水厂,26,鸡形目,雉科,环颈雉,
Accipiter nisus,113.2670689,34.90507921,2025/11/30,荥阳王村,1,鹰形目,鹰科,雀鹰,Ⅱ
Acridotheres cristatellus ,113.2670689,34.90507921,2025/10/16,荥阳王村,22,雀形目,椋鸟科,八哥,
Acridotheres cristatellus ,113.2670689,34.90507921,2025/11/30,荥阳王村,7,雀形目,椋鸟科,八哥,
Alauda arvensis ,113.2670689,34.90507921,2025/11/30,荥阳王村,10,雀形目,百灵科,云雀,Ⅱ
Anas platyrhynchos,113.2670689,34.90507921,2025/10/16,荥阳王村,19,雁形目,鸭科,绿头鸭,
Anser anser,113.2670689,34.90507921,2025/10/16,荥阳王村,1,雁形目,鸭科,灰雁,
Anthus hodgsoni ,113.2670689,34.90507921,2025/11/30,荥阳王村,2,雀形目,鹡鸰科,树鹨,
Anthus spinoletta ,113.2670689,34.90507921,2025/11/30,荥阳王村,1,雀形目,鹡鸰科,水鹨,
Ardea alba ,113.2670689,34.90507921,2025/10/16,荥阳王村,1,鹈形目,鹭科,大白鹭,
Ardea alba ,113.2670689,34.90507921,2025/11/30,荥阳王村,6,鹈形目,鹭科,大白鹭,
Ardea cinerea ,113.2670689,34.90507921,2025/10/16,荥阳王村,1,鹈形目,鹭科,苍鹭,
Ardea cinerea ,113.2670689,34.90507921,2025/11/30,荥阳王村,1,鹈形目,鹭科,苍鹭,
Ardeola bacchus ,113.2670689,34.90507921,2025/10/16,荥阳王村,1,鹈形目,鹭科,池鹭,
Buteo buteo ,113.2670689,34.90507921,2025/10/16,荥阳王村,1,鹰形目,鹰科,普通鵟,Ⅱ
Buteo buteo ,113.2670689,34.90507921,2025/11/30,荥阳王村,1,鹰形目,鹰科,普通鵟,Ⅱ
Buteo hemilasius,113.2670689,34.90507921,2025/11/30,荥阳王村,1,鹰形目,鹰科,大鵟,Ⅱ
Carduelis sinica ,113.2670689,34.90507921,2025/11/30,荥阳王村,1,雀形目,燕雀科,金翅雀,
Ciconia nigra ,113.2670689,34.90507921,2025/11/30,荥阳王村,1,鹳形目,鹳科,黑鹳,Ⅰ
Circus  cyaneus  ,113.2670689,34.90507921,2025/11/30,荥阳王村,5,鹰形目,鹰科,白尾鹞,Ⅱ
Circus melanoleucos,113.2670689,34.90507921,2025/10/16,荥阳王村,1,鹰形目,鹰科,鹊鹞,Ⅱ
Cyanopica cyanus ,113.2670689,34.90507921,2025/10/16,荥阳王村,31,雀形目,鸦科,灰喜鹊,
Cyanopica cyanus ,113.2670689,34.90507921,2025/11/30,荥阳王村,20,雀形目,鸦科,灰喜鹊,
Egretta garzetta ,113.2670689,34.90507921,2025/10/16,荥阳王村,7,鹈形目,鹭科,白鹭,
Egretta garzetta ,113.2670689,34.90507921,2025/11/30,荥阳王村,10,鹈形目,鹭科,白鹭,
Elanus caeruleus,113.2670689,34.90507921,2025/11/30,荥阳王村,1,鹰形目,鹰科,黑翅鸢,Ⅱ
Falco tinnunculus ,113.2670689,34.90507921,2025/10/16,荥阳王村,1,隼形目,  隼科,红隼,Ⅱ
Falco tinnunculus ,113.2670689,34.90507921,2025/11/30,荥阳王村,1,隼形目,  隼科,红隼,Ⅱ
Gallinula chloropus ,113.2670689,34.90507921,2025/10/16,荥阳王村,4,鹤形目, 秧鸡科,黑水鸡,
Gallinula chloropus ,113.2670689,34.90507921,2025/11/30,荥阳王村,60,鹤形目, 秧鸡科,黑水鸡,
Garrulax perspicillatus,113.2670689,34.90507921,2025/11/30,荥阳王村,1,雀形目,噪鹛科,黑脸噪鹛,
Lanius cristatus ,113.2670689,34.90507921,2025/10/16,荥阳王村,2,雀形目,伯劳科,红尾伯劳,
Lanius schach ,113.2670689,34.90507921,2025/11/30,荥阳王村,1,雀形目,伯劳科,棕背伯劳,
Lanius sphenocercus ,113.2670689,34.90507921,2025/10/16,荥阳王村,1,雀形目,伯劳科,楔尾伯劳,
Lanius sphenocercus ,113.2670689,34.90507921,2025/11/30,荥阳王村,1,雀形目,伯劳科,楔尾伯劳,
Milvus migrans,113.2670689,34.90507921,2025/10/16,荥阳王村,1,鹰形目,鹰科,黑鸢,Ⅱ
Pandion haliaetus,113.2670689,34.90507921,2025/10/16,荥阳王村,1,鹰形目,鹗科,鹗,Ⅱ
Paradoxornis webbianus ,113.2670689,34.90507921,2025/10/16,荥阳王村,36,雀形目,莺鹛科,棕头鸦雀,
Paradoxornis webbianus ,113.2670689,34.90507921,2025/11/30,荥阳王村,10,雀形目,莺鹛科,棕头鸦雀,
Passer montanus ,113.2670689,34.90507921,2025/11/30,荥阳王村,60,雀形目,雀科,麻雀,
"Phalacrocorax carbo 
",113.2670689,34.90507921,2025/10/16,荥阳王村,1,鲣鸟目,鸬鹚科,普通鸬鹚,
"Phalacrocorax carbo 
",113.2670689,34.90507921,2025/11/30,荥阳王村,10,鲣鸟目,鸬鹚科,普通鸬鹚,
Phasianus colchicus ,113.2670689,34.90507921,2025/10/16,荥阳王村,7,鸡形目,雉科,环颈雉,
Phasianus colchicus ,113.2670689,34.90507921,2025/11/30,荥阳王村,16,鸡形目,雉科,环颈雉,
Phoenicurus auroreus ,113.2670689,34.90507921,2025/10/16,荥阳王村,11,雀形目,鹟科,北红尾鸲,
Phylloscopus inornatus,113.2670689,34.90507921,2025/10/16,荥阳王村,30,雀形目,柳莺科,黄眉柳莺,
Pica pica ,113.2670689,34.90507921,2025/10/16,荥阳王村,30,雀形目,鸦科,喜鹊,
Pica pica ,113.2670689,34.90507921,2025/11/30,荥阳王村,30,雀形目,鸦科,喜鹊,
Platalea leucorodia,113.2670689,34.90507921,2025/10/16,荥阳王村,44,鹈形目,鹮科,白琵鹭,Ⅱ
Podiceps ruficollis,113.2670689,34.90507921,2025/11/30,荥阳王村,1,䴙䴘目,䴙䴘科,小,
Saxicola stejnegeri,113.2670689,34.90507921,2025/10/16,荥阳王村,4,雀形目,鹟科,东亚石䳭,
Streptopelia chinensis,113.2670689,34.90507921,2025/11/30,荥阳王村,2,鸽形目,鸠鸽科,珠颈斑鸠,
Streptopelia orientalis ,113.2670689,34.90507921,2025/11/30,荥阳王村,2,鸽形目,鸠鸽科,山斑鸠,
Sturnus cineraceus,113.2670689,34.90507921,2025/11/30,荥阳王村,6,雀形目,椋鸟科,灰椋鸟,
Tadorna tadorna,113.2670689,34.90507921,2025/11/30,荥阳王村,3,雁形目,鸭科,翘鼻麻鸭,
Tarsiger cyanurus ,113.2670689,34.90507921,2025/11/30,荥阳王村,1,雀形目,鹟科,红胁蓝尾鸲,
Turdus naumanni,113.2670689,34.90507921,2025/11/30,荥阳王村,1,雀形目,鸫科,红尾斑鸫,
Upupa epops ,113.2670689,34.90507921,2025/11/30,荥阳王村,1,犀鸟目,戴胜科,戴胜,
Vanellus vanellus,113.2670689,34.90507921,2025/11/30,荥阳王村,50,鸻形目,鸻科,凤头麦鸡,
Anas platyrhynchos,113.4712093,34.95505104,2025/2/8,桃花峪,20,雁形目,鸭科,绿头鸭,
Anas poecilorhyncha ,113.4712093,34.95505104,2025/2/8,桃花峪,20,雁形目,鸭科,斑嘴鸭,
Buteo hemilasius,113.4712093,34.95505104,2025/2/8,桃花峪,1,鹰形目,鹰科,大鵟,Ⅱ
Larus vegae,113.4712093,34.95505104,2025/2/8,桃花峪,2,鸻形目,  鸥科,西伯利亚银鸥,
"Phalacrocorax carbo 
",113.4712093,34.95505104,2025/2/8,桃花峪,30,鲣鸟目,鸬鹚科,普通鸬鹚,
Accipiter nisus,113.6066365,34.93053879,2025/2/14,南裹头,1,鹰形目,鹰科,雀鹰,Ⅱ
Accipiter nisus,113.6066365,34.93053879,2025/2/23,南裹头,2,鹰形目,鹰科,雀鹰,Ⅱ
Accipiter nisus,113.6066365,34.93053879,2025/3/7,南裹头,1,鹰形目,鹰科,雀鹰,Ⅱ
Accipiter nisus,113.6066365,34.93053879,2025/11/14,南裹头,1,鹰形目,鹰科,雀鹰,Ⅱ
Acrocephalus bistrigiceps,113.6066365,34.93053879,2025/5/25,南裹头,1,雀形目,苇莺科,黑眉苇莺,
Acrocephalus orientalis,113.6066365,34.93053879,2025/5/25,南裹头,1,雀形目,苇莺科,东方大苇莺,
Actitis hypoleucos,113.6066365,34.93053879,2025/10/4,南裹头,1,鸻形目,鹬科,矶鹬,
Aegithalos caudatus ,113.6066365,34.93053879,2025/2/23,南裹头,50,雀形目,长尾山雀科,银喉长尾山雀,
Aegithalos caudatus ,113.6066365,34.93053879,2025/2/25,南裹头,22,雀形目,长尾山雀科,银喉长尾山雀,
Aegithalos caudatus ,113.6066365,34.93053879,2025/3/7,南裹头,6,雀形目,长尾山雀科,银喉长尾山雀,
Aegithalos caudatus ,113.6066365,34.93053879,2025/10/4,南裹头,1,雀形目,长尾山雀科,银喉长尾山雀,
Alcedo atthis ,113.6066365,34.93053879,2025/2/25,南裹头,1,佛法僧目,翠鸟科,普通翠鸟,
Alcedo atthis ,113.6066365,34.93053879,2025/5/25,南裹头,1,佛法僧目,翠鸟科,普通翠鸟,
Anas crecca ,113.6066365,34.93053879,2025/2/23,南裹头,6,雁形目,鸭科,绿翅鸭,
Anas crecca ,113.6066365,34.93053879,2025/2/25,南裹头,5,雁形目,鸭科,绿翅鸭,
Anas platyrhynchos,113.6066365,34.93053879,2025/2/14,南裹头,6,雁形目,鸭科,绿头鸭,
Anas platyrhynchos,113.6066365,34.93053879,2025/2/23,南裹头,2,雁形目,鸭科,绿头鸭,
Anas platyrhynchos,113.6066365,34.93053879,2025/3/7,南裹头,2,雁形目,鸭科,绿头鸭,
Anas platyrhynchos,113.6066365,34.93053879,2025/5/25,南裹头,10,雁形目,鸭科,绿头鸭,
Anas platyrhynchos,113.6066365,34.93053879,2025/10/4,南裹头,1,雁形目,鸭科,绿头鸭,
Anas poecilorhyncha ,113.6066365,34.93053879,2025/2/14,南裹头,10,雁形目,鸭科,斑嘴鸭,
Anas poecilorhyncha ,113.6066365,34.93053879,2025/2/25,南裹头,12,雁形目,鸭科,斑嘴鸭,
Anas poecilorhyncha ,113.6066365,34.93053879,2025/11/14,南裹头,20,雁形目,鸭科,斑嘴鸭,
Anser cygnoides,113.6066365,34.93053879,2025/3/7,南裹头,8,雁形目,鸭科,鸿雁,Ⅱ
Anser serrirostris,113.6066365,34.93053879,2025/11/14,南裹头,96,雁形目,鸭科,短嘴豆雁,
Anthus richardi,113.6066365,34.93053879,2025/2/25,南裹头,30,雀形目,鹡鸰科,田鹨（理氏鹨）,
Anthus richardi,113.6066365,34.93053879,2025/10/4,南裹头,1,雀形目,鹡鸰科,田鹨（理氏鹨）,
Ardea alba ,113.6066365,34.93053879,2025/2/23,南裹头,6,鹈形目,鹭科,大白鹭,
Ardea alba ,113.6066365,34.93053879,2025/3/7,南裹头,20,鹈形目,鹭科,大白鹭,
Ardea cinerea ,113.6066365,34.93053879,2025/2/14,南裹头,6,鹈形目,鹭科,苍鹭,
Ardea cinerea ,113.6066365,34.93053879,2025/2/23,南裹头,10,鹈形目,鹭科,苍鹭,
Ardea cinerea ,113.6066365,34.93053879,2025/2/25,南裹头,8,鹈形目,鹭科,苍鹭,
Ardea cinerea ,113.6066365,34.93053879,2025/11/14,南裹头,1,鹈形目,鹭科,苍鹭,
Ardeola bacchus ,113.6066365,34.93053879,2025/5/25,南裹头,3,鹈形目,鹭科,池鹭,
Ardeola bacchus ,113.6066365,34.93053879,2025/10/4,南裹头,1,鹈形目,鹭科,池鹭,
Ardeola bacchus ,113.6066365,34.93053879,2025/10/23,南裹头,1,鹈形目,鹭科,池鹭,
Athene noctua,113.6066365,34.93053879,2025/2/14,南裹头,1,鸮形目,鸱鸮科,纵纹腹小鸮,Ⅱ
Athene noctua,113.6066365,34.93053879,2025/2/23,南裹头,1,鸮形目,鸱鸮科,纵纹腹小鸮,Ⅱ
Buteo buteo ,113.6066365,34.93053879,2025/2/14,南裹头,5,鹰形目,鹰科,普通鵟,Ⅱ
Buteo buteo ,113.6066365,34.93053879,2025/2/23,南裹头,3,鹰形目,鹰科,普通鵟,Ⅱ
Buteo buteo ,113.6066365,34.93053879,2025/2/25,南裹头,1,鹰形目,鹰科,普通鵟,Ⅱ
Buteo buteo ,113.6066365,34.93053879,2025/3/7,南裹头,2,鹰形目,鹰科,普通鵟,Ⅱ
Carduelis sinica ,113.6066365,34.93053879,2025/2/23,南裹头,10,雀形目,燕雀科,金翅雀,
Carduelis sinica ,113.6066365,34.93053879,2025/5/25,南裹头,10,雀形目,燕雀科,金翅雀,
Ceryle rudis ,113.6066365,34.93053879,2025/2/14,南裹头,2,佛法僧目,翠鸟科,斑鱼狗,
Ceryle rudis ,113.6066365,34.93053879,2025/2/23,南裹头,2,佛法僧目,翠鸟科,斑鱼狗,
Ceryle rudis ,113.6066365,34.93053879,2025/5/25,南裹头,1,佛法僧目,翠鸟科,斑鱼狗,
Charadrius dubius ,113.6066365,34.93053879,2025/3/7,南裹头,1,鸻形目,鸻科,金眶鸻,
Circus  cyaneus  ,113.6066365,34.93053879,2025/3/7,南裹头,1,鹰形目,鹰科,白尾鹞,Ⅱ
Circus  cyaneus  ,113.6066365,34.93053879,2025/11/14,南裹头,1,鹰形目,鹰科,白尾鹞,Ⅱ
Circus spilonotus,113.6066365,34.93053879,2025/10/4,南裹头,1,鹰形目,鹰科,白腹鹞,Ⅱ
Columba rupestris,113.6066365,34.93053879,2025/3/7,南裹头,2,鸽形目,鸠鸽科,岩鸽,
Corvus corone ,113.6066365,34.93053879,2025/2/14,南裹头,10,雀形目,鸦科,小嘴乌鸦,
Corvus corone ,113.6066365,34.93053879,2025/2/25,南裹头,38,雀形目,鸦科,小嘴乌鸦,
Corvus corone ,113.6066365,34.93053879,2025/3/7,南裹头,20,雀形目,鸦科,小嘴乌鸦,
Corvus dauuricus,113.6066365,34.93053879,2025/2/14,南裹头,10,雀形目,鸦科,达乌里寒鸦,
Corvus dauuricus,113.6066365,34.93053879,2025/2/25,南裹头,2,雀形目,鸦科,达乌里寒鸦,
Corvus frugilegus ,113.6066365,34.93053879,2025/2/23,南裹头,1,雀形目,鸦科,秃鼻乌鸦,
Cuculus  canorus ,113.6066365,34.93053879,2025/5/25,南裹头,1,鹃形目  ,杜鹃科,大杜鹃,
Cyanopica cyanus ,113.6066365,34.93053879,2025/2/14,南裹头,20,雀形目,鸦科,灰喜鹊,
Cyanopica cyanus ,113.6066365,34.93053879,2025/2/23,南裹头,20,雀形目,鸦科,灰喜鹊,
Cyanopica cyanus ,113.6066365,34.93053879,2025/2/25,南裹头,120,雀形目,鸦科,灰喜鹊,
Cyanopica cyanus ,113.6066365,34.93053879,2025/3/7,南裹头,50,雀形目,鸦科,灰喜鹊,
Cyanopica cyanus ,113.6066365,34.93053879,2025/5/25,南裹头,10,雀形目,鸦科,灰喜鹊,
Cyanopica cyanus ,113.6066365,34.93053879,2025/10/4,南裹头,1,雀形目,鸦科,灰喜鹊,
Cyanopica cyanus ,113.6066365,34.93053879,2025/10/23,南裹头,1,雀形目,鸦科,灰喜鹊,
Cygnus columbianus,113.6066365,34.93053879,2025/3/7,南裹头,100,雁形目,鸭科,小天鹅,Ⅱ
Cygnus cygnus,113.6066365,34.93053879,2025/3/7,南裹头,50,雁形目,鸭科,大天鹅,Ⅱ
Dendrocopos canicapillus ,113.6066365,34.93053879,2025/2/14,南裹头,1,啄木鸟目,啄木鸟科,星头啄木鸟,
Dendrocopos canicapillus ,113.6066365,34.93053879,2025/2/23,南裹头,1,啄木鸟目,啄木鸟科,星头啄木鸟,
Dendrocopos canicapillus ,113.6066365,34.93053879,2025/3/7,南裹头,2,啄木鸟目,啄木鸟科,星头啄木鸟,
Dendrocopos major ,113.6066365,34.93053879,2025/2/14,南裹头,1,啄木鸟目,啄木鸟科,大斑啄木鸟,
Dendrocopos major ,113.6066365,34.93053879,2025/2/23,南裹头,2,啄木鸟目,啄木鸟科,大斑啄木鸟,
Dendrocopos major ,113.6066365,34.93053879,2025/3/7,南裹头,1,啄木鸟目,啄木鸟科,大斑啄木鸟,
Dendrocopos major ,113.6066365,34.93053879,2025/10/23,南裹头,1,啄木鸟目,啄木鸟科,大斑啄木鸟,
Dicrurus macrocercus ,113.6066365,34.93053879,2025/5/25,南裹头,4,雀形目,卷尾科,黑卷尾,
Dicrurus macrocercus ,113.6066365,34.93053879,2025/10/4,南裹头,1,雀形目,卷尾科,黑卷尾,
Egretta garzetta ,113.6066365,34.93053879,2025/2/14,南裹头,2,鹈形目,鹭科,白鹭,
Egretta garzetta ,113.6066365,34.93053879,2025/2/23,南裹头,2,鹈形目,鹭科,白鹭,
Egretta garzetta ,113.6066365,34.93053879,2025/2/25,南裹头,3,鹈形目,鹭科,白鹭,
Egretta garzetta ,113.6066365,34.93053879,2025/3/7,南裹头,8,鹈形目,鹭科,白鹭,
Egretta garzetta ,113.6066365,34.93053879,2025/5/25,南裹头,3,鹈形目,鹭科,白鹭,
Egretta garzetta ,113.6066365,34.93053879,2025/10/4,南裹头,1,鹈形目,鹭科,白鹭,
Emberiza elegans ,113.6066365,34.93053879,2025/2/23,南裹头,6,雀形目,鹀科,黄喉鹀,
Emberiza elegans ,113.6066365,34.93053879,2025/2/25,南裹头,2,雀形目,鹀科,黄喉鹀,
Emberiza elegans ,113.6066365,34.93053879,2025/3/7,南裹头,2,雀形目,鹀科,黄喉鹀,
Emberiza pallasi ,113.6066365,34.93053879,2025/2/23,南裹头,2,雀形目,鹀科,苇鹀,
Emberiza pusilla,113.6066365,34.93053879,2025/2/14,南裹头,4,雀形目,鹀科,小鹀,
Emberiza pusilla,113.6066365,34.93053879,2025/2/23,南裹头,10,雀形目,鹀科,小鹀,
Emberiza pusilla,113.6066365,34.93053879,2025/2/25,南裹头,2,雀形目,鹀科,小鹀,
Emberiza pusilla,113.6066365,34.93053879,2025/3/7,南裹头,20,雀形目,鹀科,小鹀,
Emberiza rustica ,113.6066365,34.93053879,2025/2/14,南裹头,1,雀形目,鹀科,田鹀,
Emberiza spodocephala ,113.6066365,34.93053879,2025/2/23,南裹头,2,雀形目,鹀科,灰头鹀,
Emberiza spodocephala ,113.6066365,34.93053879,2025/2/25,南裹头,5,雀形目,鹀科,灰头鹀,
Emberiza spodocephala ,113.6066365,34.93053879,2025/3/7,南裹头,6,雀形目,鹀科,灰头鹀,
Emberiza spodocephala ,113.6066365,34.93053879,2025/10/23,南裹头,1,雀形目,鹀科,灰头鹀,
Eophona migratoria ,113.6066365,34.93053879,2025/2/23,南裹头,10,雀形目,燕雀科,黑尾蜡嘴雀,
Eophona migratoria ,113.6066365,34.93053879,2025/5/25,南裹头,3,雀形目,燕雀科,黑尾蜡嘴雀,
Eudynamys scolopacea ,113.6066365,34.93053879,2025/5/25,南裹头,1,鹃形目  ,杜鹃科,噪鹃,
Falco peregrinus ,113.6066365,34.93053879,2025/3/7,南裹头,1,隼形目,  隼科,游隼,Ⅱ
Falco tinnunculus ,113.6066365,34.93053879,2025/2/14,南裹头,3,隼形目,  隼科,红隼,Ⅱ
Falco tinnunculus ,113.6066365,34.93053879,2025/2/23,南裹头,1,隼形目,  隼科,红隼,Ⅱ
Fringilla montifringilla,113.6066365,34.93053879,2025/2/14,南裹头,6,雀形目,燕雀科,燕雀,
Fringilla montifringilla,113.6066365,34.93053879,2025/2/23,南裹头,20,雀形目,燕雀科,燕雀,
Fringilla montifringilla,113.6066365,34.93053879,2025/2/25,南裹头,25,雀形目,燕雀科,燕雀,
Fulica atra ,113.6066365,34.93053879,2025/2/14,南裹头,6,鹤形目, 秧鸡科,骨顶鸡,
Fulica atra ,113.6066365,34.93053879,2025/2/23,南裹头,10,鹤形目, 秧鸡科,骨顶鸡,
Fulica atra ,113.6066365,34.93053879,2025/2/25,南裹头,9,鹤形目, 秧鸡科,骨顶鸡,
Fulica atra ,113.6066365,34.93053879,2025/5/25,南裹头,4,鹤形目, 秧鸡科,骨顶鸡,
Fulica atra ,113.6066365,34.93053879,2025/10/23,南裹头,1,鹤形目, 秧鸡科,骨顶鸡,
Gallinula chloropus ,113.6066365,34.93053879,2025/2/14,南裹头,2,鹤形目, 秧鸡科,黑水鸡,
Gallinula chloropus ,113.6066365,34.93053879,2025/2/23,南裹头,8,鹤形目, 秧鸡科,黑水鸡,
Gallinula chloropus ,113.6066365,34.93053879,2025/2/25,南裹头,6,鹤形目, 秧鸡科,黑水鸡,
Gallinula chloropus ,113.6066365,34.93053879,2025/3/7,南裹头,8,鹤形目, 秧鸡科,黑水鸡,
Gallinula chloropus ,113.6066365,34.93053879,2025/5/25,南裹头,5,鹤形目, 秧鸡科,黑水鸡,
Gallinula chloropus ,113.6066365,34.93053879,2025/10/23,南裹头,1,鹤形目, 秧鸡科,黑水鸡,
Garrulax perspicillatus,113.6066365,34.93053879,2025/2/14,南裹头,6,雀形目,噪鹛科,黑脸噪鹛,
Garrulax perspicillatus,113.6066365,34.93053879,2025/2/23,南裹头,6,雀形目,噪鹛科,黑脸噪鹛,
Garrulax perspicillatus,113.6066365,34.93053879,2025/2/25,南裹头,18,雀形目,噪鹛科,黑脸噪鹛,
Garrulax perspicillatus,113.6066365,34.93053879,2025/5/25,南裹头,3,雀形目,噪鹛科,黑脸噪鹛,
Glaucidium cuculoides ,113.6066365,34.93053879,2025/2/23,南裹头,1,鸮形目,鸺鸮科,斑头鸺鹠,Ⅱ
Hirundo rustica ,113.6066365,34.93053879,2025/3/7,南裹头,2,雀形目, 燕科,家燕,
Ixobrychus sinensis,113.6066365,34.93053879,2025/5/25,南裹头,1,鹈形目,鹭科,黄斑苇鳽,
Lanius cristatus ,113.6066365,34.93053879,2025/5/25,南裹头,1,雀形目,伯劳科,红尾伯劳,
Lanius schach ,113.6066365,34.93053879,2025/2/14,南裹头,2,雀形目,伯劳科,棕背伯劳,
Lanius schach ,113.6066365,34.93053879,2025/2/23,南裹头,6,雀形目,伯劳科,棕背伯劳,
Lanius schach ,113.6066365,34.93053879,2025/2/25,南裹头,2,雀形目,伯劳科,棕背伯劳,
Lanius schach ,113.6066365,34.93053879,2025/3/7,南裹头,1,雀形目,伯劳科,棕背伯劳,
Lanius schach ,113.6066365,34.93053879,2025/10/23,南裹头,1,雀形目,伯劳科,棕背伯劳,
Larus vegae,113.6066365,34.93053879,2025/2/14,南裹头,1,鸻形目,  鸥科,西伯利亚银鸥,
Larus vegae,113.6066365,34.93053879,2025/2/23,南裹头,10,鸻形目,  鸥科,西伯利亚银鸥,
Megaceryle lugubris,113.6066365,34.93053879,2025/2/23,南裹头,2,佛法僧目,翠鸟科,冠鱼狗,
Megaceryle lugubris,113.6066365,34.93053879,2025/10/4,南裹头,1,佛法僧目,翠鸟科,冠鱼狗,
Motacilla alba ,113.6066365,34.93053879,2025/5/25,南裹头,2,雀形目,鹡鸰科,白鹡鸰,
Motacilla alba ,113.6066365,34.93053879,2025/11/14,南裹头,1,雀形目,鹡鸰科,白鹡鸰,
Nycticorax  nycticorax  ,113.6066365,34.93053879,2025/5/25,南裹头,2,鹈形目,鹭科,夜鹭,
Paradoxornis webbianus ,113.6066365,34.93053879,2025/2/14,南裹头,10,雀形目,莺鹛科,棕头鸦雀,
Paradoxornis webbianus ,113.6066365,34.93053879,2025/2/23,南裹头,10,雀形目,莺鹛科,棕头鸦雀,
Paradoxornis webbianus ,113.6066365,34.93053879,2025/2/25,南裹头,22,雀形目,莺鹛科,棕头鸦雀,
Paradoxornis webbianus ,113.6066365,34.93053879,2025/5/25,南裹头,1,雀形目,莺鹛科,棕头鸦雀,
Pardaliparus venustulus,113.6066365,34.93053879,2025/2/23,南裹头,10,雀形目,山雀科,黄腹山雀,
Parus major ,113.6066365,34.93053879,2025/2/14,南裹头,5,雀形目,山雀科,大山雀（远东山雀）,
Parus major ,113.6066365,34.93053879,2025/2/23,南裹头,4,雀形目,山雀科,大山雀（远东山雀）,
Parus major ,113.6066365,34.93053879,2025/2/25,南裹头,6,雀形目,山雀科,大山雀（远东山雀）,
Parus major ,113.6066365,34.93053879,2025/3/7,南裹头,3,雀形目,山雀科,大山雀（远东山雀）,
Passer montanus ,113.6066365,34.93053879,2025/2/14,南裹头,20,雀形目,雀科,麻雀,
Passer montanus ,113.6066365,34.93053879,2025/2/23,南裹头,20,雀形目,雀科,麻雀,
Passer montanus ,113.6066365,34.93053879,2025/5/25,南裹头,20,雀形目,雀科,麻雀,
Passer montanus ,113.6066365,34.93053879,2025/10/23,南裹头,1,雀形目,雀科,麻雀,
"Phalacrocorax carbo 
",113.6066365,34.93053879,2025/2/14,南裹头,50,鲣鸟目,鸬鹚科,普通鸬鹚,
"Phalacrocorax carbo 
",113.6066365,34.93053879,2025/2/23,南裹头,30,鲣鸟目,鸬鹚科,普通鸬鹚,
"Phalacrocorax carbo 
",113.6066365,34.93053879,2025/2/25,南裹头,6,鲣鸟目,鸬鹚科,普通鸬鹚,
"Phalacrocorax carbo 
",113.6066365,34.93053879,2025/10/23,南裹头,1,鲣鸟目,鸬鹚科,普通鸬鹚,
"Phalacrocorax carbo 
",113.6066365,34.93053879,2025/11/14,南裹头,50,鲣鸟目,鸬鹚科,普通鸬鹚,
Phasianus colchicus ,113.6066365,34.93053879,2025/2/23,南裹头,6,鸡形目,雉科,环颈雉,
Phasianus colchicus ,113.6066365,34.93053879,2025/5/25,南裹头,2,鸡形目,雉科,环颈雉,
Phasianus colchicus ,113.6066365,34.93053879,2025/10/4,南裹头,1,鸡形目,雉科,环颈雉,
Phoenicurus auroreus ,113.6066365,34.93053879,2025/2/14,南裹头,1,雀形目,鹟科,北红尾鸲,
Phoenicurus auroreus ,113.6066365,34.93053879,2025/2/23,南裹头,2,雀形目,鹟科,北红尾鸲,
Phoenicurus auroreus ,113.6066365,34.93053879,2025/2/25,南裹头,1,雀形目,鹟科,北红尾鸲,
Phoenicurus auroreus ,113.6066365,34.93053879,2025/3/7,南裹头,1,雀形目,鹟科,北红尾鸲,
Phoenicurus auroreus ,113.6066365,34.93053879,2025/10/23,南裹头,1,雀形目,鹟科,北红尾鸲,
Phylloscopus inornatus,113.6066365,34.93053879,2025/10/4,南裹头,1,雀形目,柳莺科,黄眉柳莺,
Phylloscopus inornatus,113.6066365,34.93053879,2025/10/23,南裹头,1,雀形目,柳莺科,黄眉柳莺,
Phylloscopus proregulus,113.6066365,34.93053879,2025/2/23,南裹头,5,雀形目,柳莺科,黄腰柳莺,
Pica pica ,113.6066365,34.93053879,2025/2/14,南裹头,20,雀形目,鸦科,喜鹊,
Pica pica ,113.6066365,34.93053879,2025/2/23,南裹头,20,雀形目,鸦科,喜鹊,
Pica pica ,113.6066365,34.93053879,2025/2/25,南裹头,30,雀形目,鸦科,喜鹊,
Pica pica ,113.6066365,34.93053879,2025/3/7,南裹头,20,雀形目,鸦科,喜鹊,
Pica pica ,113.6066365,34.93053879,2025/5/25,南裹头,7,雀形目,鸦科,喜鹊,
Pica pica ,113.6066365,34.93053879,2025/10/4,南裹头,1,雀形目,鸦科,喜鹊,
Pica pica ,113.6066365,34.93053879,2025/10/23,南裹头,1,雀形目,鸦科,喜鹊,
Picus canus ,113.6066365,34.93053879,2025/2/23,南裹头,2,啄木鸟目,啄木鸟科,灰头绿啄木鸟,
Picus canus ,113.6066365,34.93053879,2025/2/25,南裹头,1,啄木鸟目,啄木鸟科,灰头绿啄木鸟,
Picus canus ,113.6066365,34.93053879,2025/3/7,南裹头,3,啄木鸟目,啄木鸟科,灰头绿啄木鸟,
Podiceps cristatus ,113.6066365,34.93053879,2025/3/7,南裹头,10,䴙䴘目,䴙䴘科,凤头,
Podiceps ruficollis,113.6066365,34.93053879,2025/2/14,南裹头,6,䴙䴘目,䴙䴘科,小,
Podiceps ruficollis,113.6066365,34.93053879,2025/2/23,南裹头,20,䴙䴘目,䴙䴘科,小,
Podiceps ruficollis,113.6066365,34.93053879,2025/2/25,南裹头,9,䴙䴘目,䴙䴘科,小,
Podiceps ruficollis,113.6066365,34.93053879,2025/3/7,南裹头,10,䴙䴘目,䴙䴘科,小,
Podiceps ruficollis,113.6066365,34.93053879,2025/5/25,南裹头,4,䴙䴘目,䴙䴘科,小,
Podiceps ruficollis,113.6066365,34.93053879,2025/10/23,南裹头,1,䴙䴘目,䴙䴘科,小,
Pycnonotus sinensis ,113.6066365,34.93053879,2025/2/23,南裹头,30,雀形目,鹎科,白头鹎,
Pycnonotus sinensis ,113.6066365,34.93053879,2025/2/25,南裹头,38,雀形目,鹎科,白头鹎,
Pycnonotus sinensis ,113.6066365,34.93053879,2025/5/25,南裹头,1,雀形目,鹎科,白头鹎,
Pycnonotus sinensis ,113.6066365,34.93053879,2025/10/23,南裹头,1,雀形目,鹎科,白头鹎,
Riparia riparia ,113.6066365,34.93053879,2025/5/25,南裹头,3000,雀形目, 燕科,崖沙燕,
Sterna hirundo,113.6066365,34.93053879,2025/5/25,南裹头,7,鸻形目,  鸥科,普通燕鸥,
Streptopelia chinensis,113.6066365,34.93053879,2025/2/14,南裹头,4,鸽形目,鸠鸽科,珠颈斑鸠,
Streptopelia chinensis,113.6066365,34.93053879,2025/2/23,南裹头,10,鸽形目,鸠鸽科,珠颈斑鸠,
Streptopelia chinensis,113.6066365,34.93053879,2025/5/25,南裹头,3,鸽形目,鸠鸽科,珠颈斑鸠,
Streptopelia decaocto,113.6066365,34.93053879,2025/3/7,南裹头,6,鸽形目,鸠鸽科,灰斑鸠,
Streptopelia orientalis ,113.6066365,34.93053879,2025/2/14,南裹头,8,鸽形目,鸠鸽科,山斑鸠,
Streptopelia orientalis ,113.6066365,34.93053879,2025/2/23,南裹头,10,鸽形目,鸠鸽科,山斑鸠,
Streptopelia orientalis ,113.6066365,34.93053879,2025/2/25,南裹头,15,鸽形目,鸠鸽科,山斑鸠,
Streptopelia orientalis ,113.6066365,34.93053879,2025/3/7,南裹头,10,鸽形目,鸠鸽科,山斑鸠,
Streptopelia orientalis ,113.6066365,34.93053879,2025/5/25,南裹头,5,鸽形目,鸠鸽科,山斑鸠,
Streptopelia orientalis ,113.6066365,34.93053879,2025/10/23,南裹头,1,鸽形目,鸠鸽科,山斑鸠,
Streptopelia orientalis ,113.6066365,34.93053879,2025/11/14,南裹头,10,鸽形目,鸠鸽科,山斑鸠,
Streptopelia tranquebarica ,113.6066365,34.93053879,2025/10/4,南裹头,1,鸽形目,鸠鸽科,火斑鸠,
Sturnus cineraceus,113.6066365,34.93053879,2025/2/14,南裹头,10,雀形目,椋鸟科,灰椋鸟,
Sturnus cineraceus,113.6066365,34.93053879,2025/2/23,南裹头,30,雀形目,椋鸟科,灰椋鸟,
Sturnus cineraceus,113.6066365,34.93053879,2025/5/25,南裹头,8,雀形目,椋鸟科,灰椋鸟,
Tadorna ferruginea,113.6066365,34.93053879,2025/2/23,南裹头,2,雁形目,鸭科,赤麻鸭,
Tadorna ferruginea,113.6066365,34.93053879,2025/3/7,南裹头,10,雁形目,鸭科,赤麻鸭,
Tarsiger cyanurus ,113.6066365,34.93053879,2025/2/23,南裹头,2,雀形目,鹟科,红胁蓝尾鸲,
Tringa nebularia,113.6066365,34.93053879,2025/10/4,南裹头,1,鸻形目,鹬科,青脚鹬,
Tringa ochropus,113.6066365,34.93053879,2025/2/25,南裹头,2,鸻形目,鹬科,白腰草鹬,
Turdus eunomus,113.6066365,34.93053879,2025/2/23,南裹头,6,雀形目,鸫科,斑鸫,
Turdus eunomus,113.6066365,34.93053879,2025/2/25,南裹头,15,雀形目,鸫科,斑鸫,
Turdus merula ,113.6066365,34.93053879,2025/2/25,南裹头,5,雀形目,鸫科,乌鸫,
Turdus merula ,113.6066365,34.93053879,2025/5/25,南裹头,5,雀形目,鸫科,乌鸫,
Turdus naumanni,113.6066365,34.93053879,2025/2/23,南裹头,20,雀形目,鸫科,红尾斑鸫,
Turdus naumanni,113.6066365,34.93053879,2025/2/25,南裹头,30,雀形目,鸫科,红尾斑鸫,
Turdus naumanni,113.6066365,34.93053879,2025/3/7,南裹头,1,雀形目,鸫科,红尾斑鸫,
Upupa epops ,113.6066365,34.93053879,2025/2/23,南裹头,1,犀鸟目,戴胜科,戴胜,
Urocissa erythrorhyncha ,113.6066365,34.93053879,2025/2/14,南裹头,1,雀形目,鸦科,红嘴蓝鹊,
Urocissa erythrorhyncha ,113.6066365,34.93053879,2025/2/23,南裹头,10,雀形目,鸦科,红嘴蓝鹊,
Acridotheres cristatellus ,113.6096191,34.91718537,2025/4/6,滩地公园,1,雀形目,椋鸟科,八哥,
Aegithalos caudatus ,113.6096191,34.91718537,2025/3/12,滩地公园,2,雀形目,长尾山雀科,银喉长尾山雀,
Anas platyrhynchos,113.6096191,34.91718537,2025/3/12,滩地公园,10,雁形目,鸭科,绿头鸭,
Anas poecilorhyncha ,113.6096191,34.91718537,2025/4/6,滩地公园,8,雁形目,鸭科,斑嘴鸭,
Anthus spinoletta ,113.6096191,34.91718537,2025/4/6,滩地公园,8,雀形目,鹡鸰科,水鹨,
Ardea alba ,113.6096191,34.91718537,2025/4/6,滩地公园,1,鹈形目,鹭科,大白鹭,
Ardea cinerea ,113.6096191,34.91718537,2025/3/12,滩地公园,3,鹈形目,鹭科,苍鹭,
Ardea cinerea ,113.6096191,34.91718537,2025/4/6,滩地公园,10,鹈形目,鹭科,苍鹭,
Calidris temminckii,113.6096191,34.91718537,2025/4/6,滩地公园,8,鸻形目,鹬科,青脚滨鹬,
Charadrius alexandrinus ,113.6096191,34.91718537,2025/4/6,滩地公园,18,鸻形目,鸻科,环颈鸻,
Charadrius dubius ,113.6096191,34.91718537,2025/4/6,滩地公园,10,鸻形目,鸻科,金眶鸻,
Egretta garzetta ,113.6096191,34.91718537,2025/4/6,滩地公园,20,鹈形目,鹭科,白鹭,
Falco peregrinus ,113.6096191,34.91718537,2025/4/6,滩地公园,1,隼形目,  隼科,游隼,Ⅱ
Garrulax perspicillatus,113.6096191,34.91718537,2025/3/12,滩地公园,10,雀形目,噪鹛科,黑脸噪鹛,
Lanius schach ,113.6096191,34.91718537,2025/3/12,滩地公园,1,雀形目,伯劳科,棕背伯劳,
Motacilla alba ,113.6096191,34.91718537,2025/3/12,滩地公园,1,雀形目,鹡鸰科,白鹡鸰,
Motacilla alba ,113.6096191,34.91718537,2025/4/6,滩地公园,20,雀形目,鹡鸰科,白鹡鸰,
Pandion haliaetus,113.6096191,34.91718537,2025/4/6,滩地公园,2,鹰形目,鹗科,鹗,Ⅱ
Paradoxornis webbianus ,113.6096191,34.91718537,2025/3/12,滩地公园,15,雀形目,莺鹛科,棕头鸦雀,
Paradoxornis webbianus ,113.6096191,34.91718537,2025/4/6,滩地公园,1,雀形目,莺鹛科,棕头鸦雀,
Passer montanus ,113.6096191,34.91718537,2025/3/12,滩地公园,10,雀形目,雀科,麻雀,
"Phalacrocorax carbo 
",113.6096191,34.91718537,2025/3/12,滩地公园,1,鲣鸟目,鸬鹚科,普通鸬鹚,
"Phalacrocorax carbo 
",113.6096191,34.91718537,2025/4/6,滩地公园,50,鲣鸟目,鸬鹚科,普通鸬鹚,
Pica pica ,113.6096191,34.91718537,2025/3/12,滩地公园,15,雀形目,鸦科,喜鹊,
Picus canus ,113.6096191,34.91718537,2025/4/6,滩地公园,1,啄木鸟目,啄木鸟科,灰头绿啄木鸟,
Prinia inornata,113.6096191,34.91718537,2025/4/6,滩地公园,1,雀形目,扇尾莺科,纯色山鹪莺,
Turdus naumanni,113.6096191,34.91718537,2025/3/12,滩地公园,1,雀形目,鸫科,红尾斑鸫,
Upupa epops ,113.6096191,34.91718537,2025/3/12,滩地公园,1,犀鸟目,戴胜科,戴胜,
Urocissa erythrorhyncha ,113.6096191,34.91718537,2025/4/6,滩地公园,1,雀形目,鸦科,红嘴蓝鹊,
Anas platyrhynchos,113.6175156,34.92957122,2025/11/12,惠济,70,雁形目,鸭科,绿头鸭,
Anas poecilorhyncha ,113.6175156,34.92957122,2025/2/15,惠济,10,雁形目,鸭科,斑嘴鸭,
Anas poecilorhyncha ,113.6175156,34.92957122,2025/11/12,惠济,30,雁形目,鸭科,斑嘴鸭,
Anser cygnoides,113.6175156,34.92957122,2025/11/12,惠济,1,雁形目,鸭科,鸿雁,Ⅱ
Anser serrirostris,113.6175156,34.92957122,2025/11/12,惠济,100,雁形目,鸭科,短嘴豆雁,
Ardea alba ,113.6175156,34.92957122,2025/11/12,惠济,3,鹈形目,鹭科,大白鹭,
Ardea cinerea ,113.6175156,34.92957122,2025/7/10,惠济,3,鹈形目,鹭科,苍鹭,
Ardea cinerea ,113.6175156,34.92957122,2025/11/12,惠济,7,鹈形目,鹭科,苍鹭,
Ciconia boyciana,113.6175156,34.92957122,2025/11/12,惠济,1,鹳形目,鹳科,东方白鹳,Ⅰ
Ciconia nigra ,113.6175156,34.92957122,2025/11/12,惠济,1,鹳形目,鹳科,黑鹳,Ⅰ
Corvus corone ,113.6175156,34.92957122,2025/2/15,惠济,100,雀形目,鸦科,小嘴乌鸦,
Corvus dauuricus,113.6175156,34.92957122,2025/2/15,惠济,1,雀形目,鸦科,达乌里寒鸦,
Cyanopica cyanus ,113.6175156,34.92957122,2025/2/15,惠济,10,雀形目,鸦科,灰喜鹊,
Cyanopica cyanus ,113.6175156,34.92957122,2025/11/12,惠济,30,雀形目,鸦科,灰喜鹊,
Cygnus columbianus,113.6175156,34.92957122,2025/11/12,惠济,10,雁形目,鸭科,小天鹅,Ⅱ
Egretta garzetta ,113.6175156,34.92957122,2025/7/10,惠济,5,鹈形目,鹭科,白鹭,
Emberiza pusilla,113.6175156,34.92957122,2025/11/12,惠济,2,雀形目,鹀科,小鹀,
Emberiza rustica ,113.6175156,34.92957122,2025/11/12,惠济,3,雀形目,鹀科,田鹀,
Fulica atra ,113.6175156,34.92957122,2025/2/15,惠济,6,鹤形目, 秧鸡科,骨顶鸡,
Garrulax perspicillatus,113.6175156,34.92957122,2025/2/15,惠济,2,雀形目,噪鹛科,黑脸噪鹛,
Larus vegae,113.6175156,34.92957122,2025/11/12,惠济,10,鸻形目,  鸥科,西伯利亚银鸥,
Passer montanus ,113.6175156,34.92957122,2025/11/12,惠济,100,雀形目,雀科,麻雀,
"Phalacrocorax carbo 
",113.6175156,34.92957122,2025/2/15,惠济,1,鲣鸟目,鸬鹚科,普通鸬鹚,
"Phalacrocorax carbo 
",113.6175156,34.92957122,2025/11/12,惠济,27,鲣鸟目,鸬鹚科,普通鸬鹚,
Phasianus colchicus ,113.6175156,34.92957122,2025/11/12,惠济,10,鸡形目,雉科,环颈雉,
Pica pica ,113.6175156,34.92957122,2025/2/15,惠济,20,雀形目,鸦科,喜鹊,
Pica pica ,113.6175156,34.92957122,2025/11/12,惠济,50,雀形目,鸦科,喜鹊,
Podiceps cristatus ,113.6175156,34.92957122,2025/2/15,惠济,16,䴙䴘目,䴙䴘科,凤头,
Podiceps ruficollis,113.6175156,34.92957122,2025/2/15,惠济,10,䴙䴘目,䴙䴘科,小,
Podiceps ruficollis,113.6175156,34.92957122,2025/11/12,惠济,3,䴙䴘目,䴙䴘科,小,
Pycnonotus sinensis ,113.6175156,34.92957122,2025/11/12,惠济,20,雀形目,鹎科,白头鹎,
Sterna hirundo,113.6175156,34.92957122,2025/7/10,惠济,20,鸻形目,  鸥科,普通燕鸥,
Streptopelia chinensis,113.6175156,34.92957122,2025/11/12,惠济,8,鸽形目,鸠鸽科,珠颈斑鸠,
Streptopelia orientalis ,113.6175156,34.92957122,2025/11/12,惠济,17,鸽形目,鸠鸽科,山斑鸠,
Sturnus cineraceus,113.6175156,34.92957122,2025/2/15,惠济,100,雀形目,椋鸟科,灰椋鸟,
Tadorna ferruginea,113.6175156,34.92957122,2025/2/15,惠济,2,雁形目,鸭科,赤麻鸭,
Turdus eunomus,113.6175156,34.92957122,2025/2/15,惠济,100,雀形目,鸫科,斑鸫,
Turdus merula ,113.6175156,34.92957122,2025/2/15,惠济,30,雀形目,鸫科,乌鸫,
Turdus naumanni,113.6175156,34.92957122,2025/2/15,惠济,100,雀形目,鸫科,红尾斑鸫,
Upupa epops ,113.6175156,34.92957122,2025/11/12,惠济,2,犀鸟目,戴胜科,戴胜,
Vanellus cinereus,113.6175156,34.92957122,2025/7/10,惠济,8,鸻形目,鸻科,灰头麦鸡,
Anas crecca ,113.6450672,34.90851944,2025/10/15,惠济黄河湿地,1,雁形目,鸭科,绿翅鸭,
Anthus richardi,113.6450672,34.90851944,2025/10/15,惠济黄河湿地,9,雀形目,鹡鸰科,田鹨（理氏鹨）,
Ardea cinerea ,113.6450672,34.90851944,2025/10/15,惠济黄河湿地,20,鹈形目,鹭科,苍鹭,
Circus melanoleucos,113.6450672,34.90851944,2025/10/15,惠济黄河湿地,1,鹰形目,鹰科,鹊鹞,Ⅱ
Cisticola juncidis ,113.6450672,34.90851944,2025/10/15,惠济黄河湿地,3,雀形目,扇尾莺科,棕扇尾莺,
Coturnix japonica,113.6450672,34.90851944,2025/10/15,惠济黄河湿地,5,鸡形目,雉科,鹌鹑,
Cyanopica cyanus ,113.6450672,34.90851944,2025/10/15,惠济黄河湿地,15,雀形目,鸦科,灰喜鹊,
Egretta garzetta ,113.6450672,34.90851944,2025/10/15,惠济黄河湿地,20,鹈形目,鹭科,白鹭,
Elanus caeruleus,113.6450672,34.90851944,2025/10/15,惠济黄河湿地,1,鹰形目,鹰科,黑翅鸢,Ⅱ
Hirundo rustica ,113.6450672,34.90851944,2025/10/15,惠济黄河湿地,3,雀形目, 燕科,家燕,
Mareca penelope,113.6450672,34.90851944,2025/10/15,惠济黄河湿地,1,雁形目,鸭科,赤颈鸭,
Passer montanus ,113.6450672,34.90851944,2025/10/15,惠济黄河湿地,20,雀形目,雀科,麻雀,
"Phalacrocorax carbo 
",113.6450672,34.90851944,2025/10/15,惠济黄河湿地,10,鲣鸟目,鸬鹚科,普通鸬鹚,
Phasianus colchicus ,113.6450672,34.90851944,2025/10/15,惠济黄河湿地,5,鸡形目,雉科,环颈雉,
Phoenicurus auroreus ,113.6450672,34.90851944,2025/10/15,惠济黄河湿地,1,雀形目,鹟科,北红尾鸲,
Pica pica ,113.6450672,34.90851944,2025/10/15,惠济黄河湿地,20,雀形目,鸦科,喜鹊,
Saxicola stejnegeri,113.6450672,34.90851944,2025/10/15,惠济黄河湿地,3,雀形目,鹟科,东亚石䳭,
Streptopelia chinensis,113.6450672,34.90851944,2025/10/15,惠济黄河湿地,8,鸽形目,鸠鸽科,珠颈斑鸠,
Streptopelia orientalis ,113.6450672,34.90851944,2025/10/15,惠济黄河湿地,6,鸽形目,鸠鸽科,山斑鸠,
Sturnus cineraceus,113.6450672,34.90851944,2025/10/15,惠济黄河湿地,5,雀形目,椋鸟科,灰椋鸟,
Aegithalos caudatus ,113.6450672,34.90851944,2025/10/5,惠济黄河滩,1,雀形目,长尾山雀科,银喉长尾山雀,
Alauda arvensis ,113.6450672,34.90851944,2025/3/7,惠济黄河滩,15,雀形目,百灵科,云雀,Ⅱ
Alauda arvensis ,113.6450672,34.90851944,2025/4/13,惠济黄河滩,2,雀形目,百灵科,云雀,Ⅱ
Alcedo atthis ,113.6450672,34.90851944,2025/10/3,惠济黄河滩,1,佛法僧目,翠鸟科,普通翠鸟,
Alcedo atthis ,113.6450672,34.90851944,2025/10/5,惠济黄河滩,1,佛法僧目,翠鸟科,普通翠鸟,
Alcedo atthis ,113.6450672,34.90851944,2025/10/7,惠济黄河滩,1,佛法僧目,翠鸟科,普通翠鸟,
Anas platyrhynchos,113.6450672,34.90851944,2025/4/14,惠济黄河滩,2,雁形目,鸭科,绿头鸭,
Anas poecilorhyncha ,113.6450672,34.90851944,2025/3/7,惠济黄河滩,10,雁形目,鸭科,斑嘴鸭,
Anas poecilorhyncha ,113.6450672,34.90851944,2025/4/13,惠济黄河滩,4,雁形目,鸭科,斑嘴鸭,
Anas poecilorhyncha ,113.6450672,34.90851944,2025/4/14,惠济黄河滩,20,雁形目,鸭科,斑嘴鸭,
Anas poecilorhyncha ,113.6450672,34.90851944,2025/10/7,惠济黄河滩,6,雁形目,鸭科,斑嘴鸭,
Anthus richardi,113.6450672,34.90851944,2025/10/5,惠济黄河滩,1,雀形目,鹡鸰科,田鹨（理氏鹨）,
Anthus richardi,113.6450672,34.90851944,2025/10/7,惠济黄河滩,15,雀形目,鹡鸰科,田鹨（理氏鹨）,
Ardea  purpurea,113.6450672,34.90851944,2025/10/5,惠济黄河滩,2,鹈形目,鹭科,草鹭,
Ardea alba ,113.6450672,34.90851944,2025/3/7,惠济黄河滩,10,鹈形目,鹭科,大白鹭,
Ardea alba ,113.6450672,34.90851944,2025/10/7,惠济黄河滩,10,鹈形目,鹭科,大白鹭,
Ardea cinerea ,113.6450672,34.90851944,2025/3/7,惠济黄河滩,6,鹈形目,鹭科,苍鹭,
Ardea cinerea ,113.6450672,34.90851944,2025/4/13,惠济黄河滩,2,鹈形目,鹭科,苍鹭,
Ardea cinerea ,113.6450672,34.90851944,2025/4/14,惠济黄河滩,5,鹈形目,鹭科,苍鹭,
Ardea cinerea ,113.6450672,34.90851944,2025/10/5,惠济黄河滩,1,鹈形目,鹭科,苍鹭,
Ardea cinerea ,113.6450672,34.90851944,2025/10/7,惠济黄河滩,15,鹈形目,鹭科,苍鹭,
Buteo buteo ,113.6450672,34.90851944,2025/4/13,惠济黄河滩,1,鹰形目,鹰科,普通鵟,Ⅱ
Buteo buteo ,113.6450672,34.90851944,2025/10/3,惠济黄河滩,3,鹰形目,鹰科,普通鵟,Ⅱ
Charadrius alexandrinus ,113.6450672,34.90851944,2025/3/7,惠济黄河滩,3,鸻形目,鸻科,环颈鸻,
Charadrius alexandrinus ,113.6450672,34.90851944,2025/4/14,惠济黄河滩,2,鸻形目,鸻科,环颈鸻,
Charadrius dubius ,113.6450672,34.90851944,2025/4/13,惠济黄河滩,6,鸻形目,鸻科,金眶鸻,
Charadrius dubius ,113.6450672,34.90851944,2025/4/14,惠济黄河滩,6,鸻形目,鸻科,金眶鸻,
Circus melanoleucos,113.6450672,34.90851944,2025/10/5,惠济黄河滩,1,鹰形目,鹰科,鹊鹞,Ⅱ
Circus melanoleucos,113.6450672,34.90851944,2025/10/7,惠济黄河滩,2,鹰形目,鹰科,鹊鹞,Ⅱ
Circus spilonotus,113.6450672,34.90851944,2025/4/14,惠济黄河滩,1,鹰形目,鹰科,白腹鹞,Ⅱ
Cisticola juncidis ,113.6450672,34.90851944,2025/10/7,惠济黄河滩,5,雀形目,扇尾莺科,棕扇尾莺,
Coturnix japonica,113.6450672,34.90851944,2025/10/7,惠济黄河滩,3,鸡形目,雉科,鹌鹑,
Cyanopica cyanus ,113.6450672,34.90851944,2025/10/3,惠济黄河滩,20,雀形目,鸦科,灰喜鹊,
Cyanopica cyanus ,113.6450672,34.90851944,2025/10/5,惠济黄河滩,16,雀形目,鸦科,灰喜鹊,
Cyanopica cyanus ,113.6450672,34.90851944,2025/10/7,惠济黄河滩,20,雀形目,鸦科,灰喜鹊,
Dendrocopos canicapillus ,113.6450672,34.90851944,2025/10/5,惠济黄河滩,1,啄木鸟目,啄木鸟科,星头啄木鸟,
Dicrurus macrocercus ,113.6450672,34.90851944,2025/10/3,惠济黄河滩,2,雀形目,卷尾科,黑卷尾,
Dicrurus macrocercus ,113.6450672,34.90851944,2025/10/5,惠济黄河滩,3,雀形目,卷尾科,黑卷尾,
Dicrurus macrocercus ,113.6450672,34.90851944,2025/10/7,惠济黄河滩,1,雀形目,卷尾科,黑卷尾,
Egretta garzetta ,113.6450672,34.90851944,2025/10/5,惠济黄河滩,3,鹈形目,鹭科,白鹭,
Egretta garzetta ,113.6450672,34.90851944,2025/10/7,惠济黄河滩,20,鹈形目,鹭科,白鹭,
Elanus caeruleus,113.6450672,34.90851944,2025/10/5,惠济黄河滩,1,鹰形目,鹰科,黑翅鸢,Ⅱ
Emberiza fucata,113.6450672,34.90851944,2025/10/7,惠济黄河滩,3,雀形目,鹀科,栗耳鹀,
Emberiza spodocephala ,113.6450672,34.90851944,2025/10/7,惠济黄河滩,1,雀形目,鹀科,灰头鹀,
Eophona migratoria ,113.6450672,34.90851944,2025/10/3,惠济黄河滩,10,雀形目,燕雀科,黑尾蜡嘴雀,
Falco amurensis,113.6450672,34.90851944,2025/10/5,惠济黄河滩,1,隼形目,  隼科,红脚隼,Ⅱ
Falco peregrinus ,113.6450672,34.90851944,2025/4/14,惠济黄河滩,1,隼形目,  隼科,游隼,Ⅱ
Falco tinnunculus ,113.6450672,34.90851944,2025/10/3,惠济黄河滩,1,隼形目,  隼科,红隼,Ⅱ
Garrulax perspicillatus,113.6450672,34.90851944,2025/10/7,惠济黄河滩,3,雀形目,噪鹛科,黑脸噪鹛,
Himantopus himantopus ,113.6450672,34.90851944,2025/4/14,惠济黄河滩,1,鸻形目,反嘴鹬科,黑翅长脚鹬,
Hirundo rustica ,113.6450672,34.90851944,2025/4/13,惠济黄河滩,5,雀形目, 燕科,家燕,
Luscinia svecica,113.6450672,34.90851944,2025/10/7,惠济黄河滩,2,雀形目,鹟科,蓝喉歌鸲,Ⅱ
Megaceryle lugubris,113.6450672,34.90851944,2025/10/3,惠济黄河滩,1,佛法僧目,翠鸟科,冠鱼狗,
Mergus merganser ,113.6450672,34.90851944,2025/3/7,惠济黄河滩,2,雁形目,鸭科,普通秋沙鸭,
Milvus migrans,113.6450672,34.90851944,2025/10/7,惠济黄河滩,1,鹰形目,鹰科,黑鸢,Ⅱ
Motacilla alba ,113.6450672,34.90851944,2025/4/13,惠济黄河滩,10,雀形目,鹡鸰科,白鹡鸰,
Motacilla alba ,113.6450672,34.90851944,2025/4/14,惠济黄河滩,10,雀形目,鹡鸰科,白鹡鸰,
Motacilla citreola ,113.6450672,34.90851944,2025/4/13,惠济黄河滩,5,雀形目,鹡鸰科,黄头鹡鸰,
Nycticorax  nycticorax  ,113.6450672,34.90851944,2025/4/13,惠济黄河滩,1,鹈形目,鹭科,夜鹭,
Pandion haliaetus,113.6450672,34.90851944,2025/4/13,惠济黄河滩,2,鹰形目,鹗科,鹗,Ⅱ
Pandion haliaetus,113.6450672,34.90851944,2025/4/14,惠济黄河滩,2,鹰形目,鹗科,鹗,Ⅱ
Pandion haliaetus,113.6450672,34.90851944,2025/10/7,惠济黄河滩,1,鹰形目,鹗科,鹗,Ⅱ
Paradoxornis webbianus ,113.6450672,34.90851944,2025/10/7,惠济黄河滩,6,雀形目,莺鹛科,棕头鸦雀,
Passer montanus ,113.6450672,34.90851944,2025/4/13,惠济黄河滩,20,雀形目,雀科,麻雀,
Passer montanus ,113.6450672,34.90851944,2025/4/14,惠济黄河滩,20,雀形目,雀科,麻雀,
Passer montanus ,113.6450672,34.90851944,2025/10/5,惠济黄河滩,14,雀形目,雀科,麻雀,
Passer montanus ,113.6450672,34.90851944,2025/10/7,惠济黄河滩,20,雀形目,雀科,麻雀,
"Phalacrocorax carbo 
",113.6450672,34.90851944,2025/3/7,惠济黄河滩,20,鲣鸟目,鸬鹚科,普通鸬鹚,
"Phalacrocorax carbo 
",113.6450672,34.90851944,2025/4/13,惠济黄河滩,10,鲣鸟目,鸬鹚科,普通鸬鹚,
"Phalacrocorax carbo 
",113.6450672,34.90851944,2025/4/14,惠济黄河滩,6,鲣鸟目,鸬鹚科,普通鸬鹚,
"Phalacrocorax carbo 
",113.6450672,34.90851944,2025/10/5,惠济黄河滩,5,鲣鸟目,鸬鹚科,普通鸬鹚,
"Phalacrocorax carbo 
",113.6450672,34.90851944,2025/10/7,惠济黄河滩,20,鲣鸟目,鸬鹚科,普通鸬鹚,
Phasianus colchicus ,113.6450672,34.90851944,2025/4/13,惠济黄河滩,2,鸡形目,雉科,环颈雉,
Phasianus colchicus ,113.6450672,34.90851944,2025/10/5,惠济黄河滩,1,鸡形目,雉科,环颈雉,
Phylloscopus fuscatus,113.6450672,34.90851944,2025/10/7,惠济黄河滩,1,雀形目,柳莺科,褐柳莺,
Phylloscopus inornatus,113.6450672,34.90851944,2025/10/7,惠济黄河滩,1,雀形目,柳莺科,黄眉柳莺,
Pica pica ,113.6450672,34.90851944,2025/4/13,惠济黄河滩,2,雀形目,鸦科,喜鹊,
Pica pica ,113.6450672,34.90851944,2025/4/14,惠济黄河滩,6,雀形目,鸦科,喜鹊,
Pica pica ,113.6450672,34.90851944,2025/10/5,惠济黄河滩,8,雀形目,鸦科,喜鹊,
Pica pica ,113.6450672,34.90851944,2025/10/7,惠济黄河滩,20,雀形目,鸦科,喜鹊,
Picus canus ,113.6450672,34.90851944,2025/4/14,惠济黄河滩,1,啄木鸟目,啄木鸟科,灰头绿啄木鸟,
Prinia inornata,113.6450672,34.90851944,2025/10/3,惠济黄河滩,3,雀形目,扇尾莺科,纯色山鹪莺,
Pycnonotus sinensis ,113.6450672,34.90851944,2025/4/14,惠济黄河滩,2,雀形目,鹎科,白头鹎,
Pycnonotus sinensis ,113.6450672,34.90851944,2025/10/5,惠济黄河滩,3,雀形目,鹎科,白头鹎,
Streptopelia chinensis,113.6450672,34.90851944,2025/10/3,惠济黄河滩,5,鸽形目,鸠鸽科,珠颈斑鸠,
Streptopelia chinensis,113.6450672,34.90851944,2025/10/5,惠济黄河滩,1,鸽形目,鸠鸽科,珠颈斑鸠,
Streptopelia chinensis,113.6450672,34.90851944,2025/10/7,惠济黄河滩,10,鸽形目,鸠鸽科,珠颈斑鸠,
Streptopelia orientalis ,113.6450672,34.90851944,2025/4/13,惠济黄河滩,6,鸽形目,鸠鸽科,山斑鸠,
Streptopelia orientalis ,113.6450672,34.90851944,2025/4/14,惠济黄河滩,10,鸽形目,鸠鸽科,山斑鸠,
Streptopelia orientalis ,113.6450672,34.90851944,2025/10/3,惠济黄河滩,5,鸽形目,鸠鸽科,山斑鸠,
Streptopelia orientalis ,113.6450672,34.90851944,2025/10/5,惠济黄河滩,20,鸽形目,鸠鸽科,山斑鸠,
Streptopelia orientalis ,113.6450672,34.90851944,2025/10/7,惠济黄河滩,8,鸽形目,鸠鸽科,山斑鸠,
Sturnus cineraceus,113.6450672,34.90851944,2025/10/3,惠济黄河滩,1,雀形目,椋鸟科,灰椋鸟,
Tadorna ferruginea,113.6450672,34.90851944,2025/4/13,惠济黄河滩,2,雁形目,鸭科,赤麻鸭,
Tringa erythropus,113.6450672,34.90851944,2025/10/7,惠济黄河滩,1,鸻形目,鹬科,鹤鹬,
Upupa epops ,113.6450672,34.90851944,2025/10/5,惠济黄河滩,2,犀鸟目,戴胜科,戴胜,
Accipiter nisus,113.6450672,34.90851944,2025/9/30,惠济湿地,1,鹰形目,鹰科,雀鹰,Ⅱ
Accipiter virgatus,113.6450672,34.90851944,2025/9/30,惠济湿地,1,鹰形目,鹰科,松雀鹰,Ⅱ
Alcedo atthis ,113.6450672,34.90851944,2025/9/29,惠济湿地,1,佛法僧目,翠鸟科,普通翠鸟,
Anas crecca ,113.6450672,34.90851944,2025/9/29,惠济湿地,28,雁形目,鸭科,绿翅鸭,
Anas crecca ,113.6450672,34.90851944,2025/9/30,惠济湿地,6,雁形目,鸭科,绿翅鸭,
Anas poecilorhyncha ,113.6450672,34.90851944,2025/9/29,惠济湿地,4,雁形目,鸭科,斑嘴鸭,
Anas poecilorhyncha ,113.6450672,34.90851944,2025/9/30,惠济湿地,3,雁形目,鸭科,斑嘴鸭,
Anas poecilorhyncha ,113.6450672,34.90851944,2025/9/30,惠济湿地,10,雁形目,鸭科,斑嘴鸭,
Anthus cervinus,113.6450672,34.90851944,2025/9/29,惠济湿地,1,雀形目,鹡鸰科,红喉鹨,
Anthus cervinus,113.6450672,34.90851944,2025/9/30,惠济湿地,1,雀形目,鹡鸰科,红喉鹨,
Anthus richardi,113.6450672,34.90851944,2025/9/29,惠济湿地,1,雀形目,鹡鸰科,田鹨（理氏鹨）,
Anthus richardi,113.6450672,34.90851944,2025/9/30,惠济湿地,5,雀形目,鹡鸰科,田鹨（理氏鹨）,
Anthus richardi,113.6450672,34.90851944,2025/9/30,惠济湿地,10,雀形目,鹡鸰科,田鹨（理氏鹨）,
Ardea alba ,113.6450672,34.90851944,2025/9/30,惠济湿地,20,鹈形目,鹭科,大白鹭,
Ardea alba ,113.6450672,34.90851944,2025/9/30,惠济湿地,1,鹈形目,鹭科,大白鹭,
Ardea cinerea ,113.6450672,34.90851944,2025/9/29,惠济湿地,20,鹈形目,鹭科,苍鹭,
Ardea cinerea ,113.6450672,34.90851944,2025/9/30,惠济湿地,20,鹈形目,鹭科,苍鹭,
Ardea cinerea ,113.6450672,34.90851944,2025/9/30,惠济湿地,15,鹈形目,鹭科,苍鹭,
Ceryle rudis ,113.6450672,34.90851944,2025/9/30,惠济湿地,1,佛法僧目,翠鸟科,斑鱼狗,
Circus melanoleucos,113.6450672,34.90851944,2025/9/29,惠济湿地,2,鹰形目,鹰科,鹊鹞,Ⅱ
Circus melanoleucos,113.6450672,34.90851944,2025/9/30,惠济湿地,2,鹰形目,鹰科,鹊鹞,Ⅱ
Circus melanoleucos,113.6450672,34.90851944,2025/9/30,惠济湿地,3,鹰形目,鹰科,鹊鹞,Ⅱ
Circus spilonotus,113.6450672,34.90851944,2025/9/29,惠济湿地,1,鹰形目,鹰科,白腹鹞,Ⅱ
Circus spilonotus,113.6450672,34.90851944,2025/9/30,惠济湿地,1,鹰形目,鹰科,白腹鹞,Ⅱ
Circus spilonotus,113.6450672,34.90851944,2025/9/30,惠济湿地,1,鹰形目,鹰科,白腹鹞,Ⅱ
Cisticola juncidis ,113.6450672,34.90851944,2025/9/29,惠济湿地,10,雀形目,扇尾莺科,棕扇尾莺,
Cisticola juncidis ,113.6450672,34.90851944,2025/9/30,惠济湿地,5,雀形目,扇尾莺科,棕扇尾莺,
Cisticola juncidis ,113.6450672,34.90851944,2025/9/30,惠济湿地,10,雀形目,扇尾莺科,棕扇尾莺,
Coturnix japonica,113.6450672,34.90851944,2025/9/29,惠济湿地,1,鸡形目,雉科,鹌鹑,
Coturnix japonica,113.6450672,34.90851944,2025/9/30,惠济湿地,1,鸡形目,雉科,鹌鹑,
Cyanopica cyanus ,113.6450672,34.90851944,2025/9/29,惠济湿地,10,雀形目,鸦科,灰喜鹊,
Cyanopica cyanus ,113.6450672,34.90851944,2025/9/30,惠济湿地,10,雀形目,鸦科,灰喜鹊,
Cyanopica cyanus ,113.6450672,34.90851944,2025/9/30,惠济湿地,10,雀形目,鸦科,灰喜鹊,
Dicrurus macrocercus ,113.6450672,34.90851944,2025/9/30,惠济湿地,5,雀形目,卷尾科,黑卷尾,
Dicrurus macrocercus ,113.6450672,34.90851944,2025/9/30,惠济湿地,3,雀形目,卷尾科,黑卷尾,
Egretta garzetta ,113.6450672,34.90851944,2025/9/29,惠济湿地,10,鹈形目,鹭科,白鹭,
Egretta garzetta ,113.6450672,34.90851944,2025/9/30,惠济湿地,20,鹈形目,鹭科,白鹭,
Egretta garzetta ,113.6450672,34.90851944,2025/9/30,惠济湿地,20,鹈形目,鹭科,白鹭,
Emberiza aureola,113.6450672,34.90851944,2025/9/29,惠济湿地,1,雀形目,鹀科,黄胸鹀,Ⅰ
Emberiza fucata,113.6450672,34.90851944,2025/9/29,惠济湿地,1,雀形目,鹀科,栗耳鹀,
Emberiza fucata,113.6450672,34.90851944,2025/9/30,惠济湿地,1,雀形目,鹀科,栗耳鹀,
Emberiza spodocephala ,113.6450672,34.90851944,2025/9/30,惠济湿地,1,雀形目,鹀科,灰头鹀,
Eophona migratoria ,113.6450672,34.90851944,2025/9/30,惠济湿地,10,雀形目,燕雀科,黑尾蜡嘴雀,
Falco amurensis,113.6450672,34.90851944,2025/9/30,惠济湿地,1,隼形目,  隼科,红脚隼,Ⅱ
Hirundo rustica ,113.6450672,34.90851944,2025/9/29,惠济湿地,10,雀形目, 燕科,家燕,
Hirundo rustica ,113.6450672,34.90851944,2025/9/30,惠济湿地,10,雀形目, 燕科,家燕,
Hirundo rustica ,113.6450672,34.90851944,2025/9/30,惠济湿地,10,雀形目, 燕科,家燕,
Locustella lanceolata,113.6450672,34.90851944,2025/9/29,惠济湿地,1,雀形目,扇尾莺科,矛斑蝗莺,
Milvus migrans,113.6450672,34.90851944,2025/9/29,惠济湿地,2,鹰形目,鹰科,黑鸢,Ⅱ
Milvus migrans,113.6450672,34.90851944,2025/9/30,惠济湿地,1,鹰形目,鹰科,黑鸢,Ⅱ
Milvus migrans,113.6450672,34.90851944,2025/9/30,惠济湿地,1,鹰形目,鹰科,黑鸢,Ⅱ
Pandion haliaetus,113.6450672,34.90851944,2025/9/29,惠济湿地,2,鹰形目,鹗科,鹗,Ⅱ
Pandion haliaetus,113.6450672,34.90851944,2025/9/30,惠济湿地,2,鹰形目,鹗科,鹗,Ⅱ
Pandion haliaetus,113.6450672,34.90851944,2025/9/30,惠济湿地,2,鹰形目,鹗科,鹗,Ⅱ
Paradoxornis webbianus ,113.6450672,34.90851944,2025/9/30,惠济湿地,20,雀形目,莺鹛科,棕头鸦雀,
Paradoxornis webbianus ,113.6450672,34.90851944,2025/9/30,惠济湿地,3,雀形目,莺鹛科,棕头鸦雀,
Passer montanus ,113.6450672,34.90851944,2025/9/29,惠济湿地,20,雀形目,雀科,麻雀,
Passer montanus ,113.6450672,34.90851944,2025/9/30,惠济湿地,30,雀形目,雀科,麻雀,
Pernis ptilorhynchus,113.6450672,34.90851944,2025/9/30,惠济湿地,4,鹰形目,鹰科,凤头蜂鹰,Ⅱ
Pernis ptilorhynchus,113.6450672,34.90851944,2025/9/30,惠济湿地,1,鹰形目,鹰科,凤头蜂鹰,Ⅱ
"Phalacrocorax carbo 
",113.6450672,34.90851944,2025/9/29,惠济湿地,5,鲣鸟目,鸬鹚科,普通鸬鹚,
"Phalacrocorax carbo 
",113.6450672,34.90851944,2025/9/30,惠济湿地,9,鲣鸟目,鸬鹚科,普通鸬鹚,
"Phalacrocorax carbo 
",113.6450672,34.90851944,2025/9/30,惠济湿地,20,鲣鸟目,鸬鹚科,普通鸬鹚,
Phasianus colchicus ,113.6450672,34.90851944,2025/9/29,惠济湿地,3,鸡形目,雉科,环颈雉,
Phasianus colchicus ,113.6450672,34.90851944,2025/9/30,惠济湿地,1,鸡形目,雉科,环颈雉,
Phasianus colchicus ,113.6450672,34.90851944,2025/9/30,惠济湿地,2,鸡形目,雉科,环颈雉,
Pica pica ,113.6450672,34.90851944,2025/9/29,惠济湿地,8,雀形目,鸦科,喜鹊,
Pica pica ,113.6450672,34.90851944,2025/9/30,惠济湿地,10,雀形目,鸦科,喜鹊,
Pica pica ,113.6450672,34.90851944,2025/9/30,惠济湿地,5,雀形目,鸦科,喜鹊,
Picus canus ,113.6450672,34.90851944,2025/9/30,惠济湿地,2,啄木鸟目,啄木鸟科,灰头绿啄木鸟,
Pycnonotus sinensis ,113.6450672,34.90851944,2025/9/30,惠济湿地,1,雀形目,鹎科,白头鹎,
Riparia riparia ,113.6450672,34.90851944,2025/9/29,惠济湿地,10,雀形目, 燕科,崖沙燕,
Riparia riparia ,113.6450672,34.90851944,2025/9/30,惠济湿地,6,雀形目, 燕科,崖沙燕,
Riparia riparia ,113.6450672,34.90851944,2025/9/30,惠济湿地,1,雀形目, 燕科,崖沙燕,
Saxicola torquata ,113.6450672,34.90851944,2025/9/29,惠济湿地,15,雀形目,鹟科,黑喉石䳭（东亚）,
Saxicola torquata ,113.6450672,34.90851944,2025/9/30,惠济湿地,6,雀形目,鹟科,黑喉石䳭（东亚）,
Saxicola torquata ,113.6450672,34.90851944,2025/9/30,惠济湿地,15,雀形目,鹟科,黑喉石䳭（东亚）,
Streptopelia chinensis,113.6450672,34.90851944,2025/9/30,惠济湿地,10,鸽形目,鸠鸽科,珠颈斑鸠,
Streptopelia orientalis ,113.6450672,34.90851944,2025/9/29,惠济湿地,6,鸽形目,鸠鸽科,山斑鸠,
Streptopelia orientalis ,113.6450672,34.90851944,2025/9/30,惠济湿地,8,鸽形目,鸠鸽科,山斑鸠,
Streptopelia orientalis ,113.6450672,34.90851944,2025/9/30,惠济湿地,1,鸽形目,鸠鸽科,山斑鸠,
Tringa nebularia,113.6450672,34.90851944,2025/9/29,惠济湿地,2,鸻形目,鹬科,青脚鹬,
Tringa nebularia,113.6450672,34.90851944,2025/9/30,惠济湿地,2,鸻形目,鹬科,青脚鹬,
Tringa ochropus,113.6450672,34.90851944,2025/9/30,惠济湿地,2,鸻形目,鹬科,白腰草鹬,
Upupa epops ,113.6450672,34.90851944,2025/9/30,惠济湿地,2,犀鸟目,戴胜科,戴胜,
Vanellus cinereus,113.6450672,34.90851944,2025/9/29,惠济湿地,4,鸻形目,鸻科,灰头麦鸡,
Accipiter soloensis,113.6450672,34.90851944,2025/5/4,湿地公园,2,鹰形目,鹰科,赤腹鹰,Ⅱ
Acridotheres cristatellus ,113.6450672,34.90851944,2025/5/4,湿地公园,4,雀形目,椋鸟科,八哥,
Acridotheres cristatellus ,113.6450672,34.90851944,2025/7/24,湿地公园,4,雀形目,椋鸟科,八哥,
Acrocephalus orientalis,113.6450672,34.90851944,2025/5/4,湿地公园,2,雀形目,苇莺科,东方大苇莺,
Acrocephalus orientalis,113.6450672,34.90851944,2025/9/20,湿地公园,1,雀形目,苇莺科,东方大苇莺,
Agropsar sturninus,113.6450672,34.90851944,2025/7/17,湿地公园,7,雀形目,椋鸟科,北椋鸟,
Alcedo atthis ,113.6450672,34.90851944,2025/5/4,湿地公园,1,佛法僧目,翠鸟科,普通翠鸟,
Alcedo atthis ,113.6450672,34.90851944,2025/8/1,湿地公园,2,佛法僧目,翠鸟科,普通翠鸟,
Alcedo atthis ,113.6450672,34.90851944,2025/9/20,湿地公园,1,佛法僧目,翠鸟科,普通翠鸟,
Anas falcata,113.6450672,34.90851944,2025/3/20,湿地公园,20,雁形目,鸭科,罗纹鸭,
Anas platyrhynchos,113.6450672,34.90851944,2025/3/20,湿地公园,20,雁形目,鸭科,绿头鸭,
Anas poecilorhyncha ,113.6450672,34.90851944,2025/3/20,湿地公园,10,雁形目,鸭科,斑嘴鸭,
Anas poecilorhyncha ,113.6450672,34.90851944,2025/4/2,湿地公园,2,雁形目,鸭科,斑嘴鸭,
Anas poecilorhyncha ,113.6450672,34.90851944,2025/9/15,湿地公园,5,雁形目,鸭科,斑嘴鸭,
Anthus cervinus,113.6450672,34.90851944,2025/9/26,湿地公园,10,雀形目,鹡鸰科,红喉鹨,
Anthus hodgsoni ,113.6450672,34.90851944,2025/5/4,湿地公园,2,雀形目,鹡鸰科,树鹨,
Anthus richardi,113.6450672,34.90851944,2025/9/20,湿地公园,8,雀形目,鹡鸰科,田鹨（理氏鹨）,
Ardea alba ,113.6450672,34.90851944,2025/8/1,湿地公园,2,鹈形目,鹭科,大白鹭,
Ardea alba ,113.6450672,34.90851944,2025/9/15,湿地公园,1,鹈形目,鹭科,大白鹭,
Ardea alba ,113.6450672,34.90851944,2025/9/20,湿地公园,10,鹈形目,鹭科,大白鹭,
Ardea alba ,113.6450672,34.90851944,2025/9/26,湿地公园,1,鹈形目,鹭科,大白鹭,
Ardea cinerea ,113.6450672,34.90851944,2025/7/24,湿地公园,6,鹈形目,鹭科,苍鹭,
Ardea cinerea ,113.6450672,34.90851944,2025/8/1,湿地公园,13,鹈形目,鹭科,苍鹭,
Ardea cinerea ,113.6450672,34.90851944,2025/9/15,湿地公园,4,鹈形目,鹭科,苍鹭,
Ardea cinerea ,113.6450672,34.90851944,2025/9/20,湿地公园,20,鹈形目,鹭科,苍鹭,
Ardea cinerea ,113.6450672,34.90851944,2025/9/26,湿地公园,1,鹈形目,鹭科,苍鹭,
Ardeola bacchus ,113.6450672,34.90851944,2025/5/4,湿地公园,3,鹈形目,鹭科,池鹭,
Ardeola bacchus ,113.6450672,34.90851944,2025/7/6,湿地公园,3,鹈形目,鹭科,池鹭,
Ardeola bacchus ,113.6450672,34.90851944,2025/7/17,湿地公园,1,鹈形目,鹭科,池鹭,
Ardeola bacchus ,113.6450672,34.90851944,2025/8/1,湿地公园,2,鹈形目,鹭科,池鹭,
Carduelis sinica ,113.6450672,34.90851944,2025/5/4,湿地公园,10,雀形目,燕雀科,金翅雀,
Carduelis sinica ,113.6450672,34.90851944,2025/7/24,湿地公园,10,雀形目,燕雀科,金翅雀,
Carpodacus erythrinus,113.6450672,34.90851944,2025/5/4,湿地公园,2,雀形目,燕雀科,普通朱雀,
Cecropis daurica ,113.6450672,34.90851944,2025/7/17,湿地公园,3,雀形目, 燕科,金腰燕,
Cecropis daurica ,113.6450672,34.90851944,2025/8/1,湿地公园,8,雀形目, 燕科,金腰燕,
Cecropis daurica ,113.6450672,34.90851944,2025/9/26,湿地公园,1,雀形目, 燕科,金腰燕,
Ceryle rudis ,113.6450672,34.90851944,2025/5/4,湿地公园,2,佛法僧目,翠鸟科,斑鱼狗,
Ceryle rudis ,113.6450672,34.90851944,2025/7/6,湿地公园,1,佛法僧目,翠鸟科,斑鱼狗,
Ceryle rudis ,113.6450672,34.90851944,2025/8/1,湿地公园,1,佛法僧目,翠鸟科,斑鱼狗,
Charadrius placidus,113.6450672,34.90851944,2025/8/1,湿地公园,2,鸻形目,鸻科,长嘴剑鸻,
Circus melanoleucos,113.6450672,34.90851944,2025/9/20,湿地公园,3,鹰形目,鹰科,鹊鹞,Ⅱ
Circus melanoleucos,113.6450672,34.90851944,2025/9/26,湿地公园,3,鹰形目,鹰科,鹊鹞,Ⅱ
Circus spilonotus,113.6450672,34.90851944,2025/9/26,湿地公园,2,鹰形目,鹰科,白腹鹞,Ⅱ
Cisticola juncidis ,113.6450672,34.90851944,2025/5/4,湿地公园,6,雀形目,扇尾莺科,棕扇尾莺,
Cisticola juncidis ,113.6450672,34.90851944,2025/9/20,湿地公园,15,雀形目,扇尾莺科,棕扇尾莺,
Cisticola juncidis ,113.6450672,34.90851944,2025/9/26,湿地公园,8,雀形目,扇尾莺科,棕扇尾莺,
Coracina melaschistos,113.6450672,34.90851944,2025/7/17,湿地公园,1,雀形目,鹃鵙科,暗灰鹃鵙  ,
Coturnix japonica,113.6450672,34.90851944,2025/9/26,湿地公园,4,鸡形目,雉科,鹌鹑,
Cuculus  canorus ,113.6450672,34.90851944,2025/7/17,湿地公园,1,鹃形目  ,杜鹃科,大杜鹃,
Cyanopica cyanus ,113.6450672,34.90851944,2025/3/20,湿地公园,10,雀形目,鸦科,灰喜鹊,
Cyanopica cyanus ,113.6450672,34.90851944,2025/5/4,湿地公园,20,雀形目,鸦科,灰喜鹊,
Cyanopica cyanus ,113.6450672,34.90851944,2025/7/6,湿地公园,10,雀形目,鸦科,灰喜鹊,
Cyanopica cyanus ,113.6450672,34.90851944,2025/7/17,湿地公园,5,雀形目,鸦科,灰喜鹊,
Cyanopica cyanus ,113.6450672,34.90851944,2025/7/24,湿地公园,4,雀形目,鸦科,灰喜鹊,
Cyanopica cyanus ,113.6450672,34.90851944,2025/8/1,湿地公园,4,雀形目,鸦科,灰喜鹊,
Cyanopica cyanus ,113.6450672,34.90851944,2025/9/20,湿地公园,1,雀形目,鸦科,灰喜鹊,
Dicrurus macrocercus ,113.6450672,34.90851944,2025/5/4,湿地公园,4,雀形目,卷尾科,黑卷尾,
Dicrurus macrocercus ,113.6450672,34.90851944,2025/7/17,湿地公园,2,雀形目,卷尾科,黑卷尾,
Dicrurus macrocercus ,113.6450672,34.90851944,2025/7/24,湿地公园,2,雀形目,卷尾科,黑卷尾,
Dicrurus macrocercus ,113.6450672,34.90851944,2025/8/1,湿地公园,2,雀形目,卷尾科,黑卷尾,
Dicrurus macrocercus ,113.6450672,34.90851944,2025/9/20,湿地公园,6,雀形目,卷尾科,黑卷尾,
Egretta garzetta ,113.6450672,34.90851944,2025/5/4,湿地公园,2,鹈形目,鹭科,白鹭,
Egretta garzetta ,113.6450672,34.90851944,2025/7/17,湿地公园,2,鹈形目,鹭科,白鹭,
Egretta garzetta ,113.6450672,34.90851944,2025/7/24,湿地公园,10,鹈形目,鹭科,白鹭,
Egretta garzetta ,113.6450672,34.90851944,2025/8/1,湿地公园,8,鹈形目,鹭科,白鹭,
Egretta garzetta ,113.6450672,34.90851944,2025/9/15,湿地公园,2,鹈形目,鹭科,白鹭,
Egretta garzetta ,113.6450672,34.90851944,2025/9/20,湿地公园,20,鹈形目,鹭科,白鹭,
Egretta garzetta ,113.6450672,34.90851944,2025/9/26,湿地公园,1,鹈形目,鹭科,白鹭,
Elanus caeruleus,113.6450672,34.90851944,2025/9/20,湿地公园,1,鹰形目,鹰科,黑翅鸢,Ⅱ
Emberiza elegans ,113.6450672,34.90851944,2025/12/20,湿地公园,20,雀形目,鹀科,黄喉鹀,
Emberiza pallasi ,113.6450672,34.90851944,2025/3/20,湿地公园,2,雀形目,鹀科,苇鹀,
Emberiza pusilla,113.6450672,34.90851944,2025/3/20,湿地公园,20,雀形目,鹀科,小鹀,
Emberiza pusilla,113.6450672,34.90851944,2025/5/4,湿地公园,20,雀形目,鹀科,小鹀,
Emberiza pusilla,113.6450672,34.90851944,2025/12/20,湿地公园,20,雀形目,鹀科,小鹀,
Emberiza spodocephala ,113.6450672,34.90851944,2025/5/4,湿地公园,5,雀形目,鹀科,灰头鹀,
Eophona migratoria ,113.6450672,34.90851944,2025/5/4,湿地公园,8,雀形目,燕雀科,黑尾蜡嘴雀,
Eophona migratoria ,113.6450672,34.90851944,2025/7/6,湿地公园,1,雀形目,燕雀科,黑尾蜡嘴雀,
Eophona migratoria ,113.6450672,34.90851944,2025/7/17,湿地公园,2,雀形目,燕雀科,黑尾蜡嘴雀,
Eophona personata,113.6450672,34.90851944,2025/12/20,湿地公园,2,雀形目,燕雀科,黑头蜡嘴雀,
Eudynamys scolopacea ,113.6450672,34.90851944,2025/5/4,湿地公园,2,鹃形目  ,杜鹃科,噪鹃,
Eudynamys scolopacea ,113.6450672,34.90851944,2025/7/6,湿地公园,1,鹃形目  ,杜鹃科,噪鹃,
Eudynamys scolopacea ,113.6450672,34.90851944,2025/7/17,湿地公园,1,鹃形目  ,杜鹃科,噪鹃,
Falco amurensis,113.6450672,34.90851944,2025/5/4,湿地公园,1,隼形目,  隼科,红脚隼,Ⅱ
Falco amurensis,113.6450672,34.90851944,2025/7/17,湿地公园,1,隼形目,  隼科,红脚隼,Ⅱ
Falco amurensis,113.6450672,34.90851944,2025/7/24,湿地公园,1,隼形目,  隼科,红脚隼,Ⅱ
Falco amurensis,113.6450672,34.90851944,2025/9/26,湿地公园,1,隼形目,  隼科,红脚隼,Ⅱ
Falco tinnunculus ,113.6450672,34.90851944,2025/7/6,湿地公园,1,隼形目,  隼科,红隼,Ⅱ
Falco tinnunculus ,113.6450672,34.90851944,2025/9/20,湿地公园,1,隼形目,  隼科,红隼,Ⅱ
Falco tinnunculus ,113.6450672,34.90851944,2025/9/26,湿地公园,1,隼形目,  隼科,红隼,Ⅱ
Ficedula albicilla,113.6450672,34.90851944,2025/9/20,湿地公园,1,雀形目,鹟科,红喉姬鹟,
Ficedula zanthopygia,113.6450672,34.90851944,2025/5/4,湿地公园,1,雀形目,鹟科,白眉姬鹟,
Fringilla montifringilla,113.6450672,34.90851944,2025/4/2,湿地公园,1,雀形目,燕雀科,燕雀,
Gallinula chloropus ,113.6450672,34.90851944,2025/7/6,湿地公园,4,鹤形目, 秧鸡科,黑水鸡,
Gallinula chloropus ,113.6450672,34.90851944,2025/7/17,湿地公园,2,鹤形目, 秧鸡科,黑水鸡,
Gallinula chloropus ,113.6450672,34.90851944,2025/9/15,湿地公园,1,鹤形目, 秧鸡科,黑水鸡,
Garrulax davidi,113.6450672,34.90851944,2025/5/4,湿地公园,1,雀形目,噪鹛科,山噪鹛,Ⅰ
Garrulax perspicillatus,113.6450672,34.90851944,2025/4/2,湿地公园,10,雀形目,噪鹛科,黑脸噪鹛,
Garrulax perspicillatus,113.6450672,34.90851944,2025/5/4,湿地公园,12,雀形目,噪鹛科,黑脸噪鹛,
Garrulax perspicillatus,113.6450672,34.90851944,2025/7/6,湿地公园,3,雀形目,噪鹛科,黑脸噪鹛,
Garrulax perspicillatus,113.6450672,34.90851944,2025/9/20,湿地公园,1,雀形目,噪鹛科,黑脸噪鹛,
Garrulax perspicillatus,113.6450672,34.90851944,2025/9/26,湿地公园,1,雀形目,噪鹛科,黑脸噪鹛,
Himantopus himantopus ,113.6450672,34.90851944,2025/8/1,湿地公园,10,鸻形目,反嘴鹬科,黑翅长脚鹬,
Hirundo rustica ,113.6450672,34.90851944,2025/7/6,湿地公园,5,雀形目, 燕科,家燕,
Hirundo rustica ,113.6450672,34.90851944,2025/7/17,湿地公园,10,雀形目, 燕科,家燕,
Hirundo rustica ,113.6450672,34.90851944,2025/8/1,湿地公园,30,雀形目, 燕科,家燕,
Hirundo rustica ,113.6450672,34.90851944,2025/9/20,湿地公园,20,雀形目, 燕科,家燕,
Hirundo rustica ,113.6450672,34.90851944,2025/9/26,湿地公园,1,雀形目, 燕科,家燕,
Horornis fortipes,113.6450672,34.90851944,2025/4/2,湿地公园,2,雀形目,树莺科,强脚树莺,
Ixobrychus flavicollis,113.6450672,34.90851944,2025/7/6,湿地公园,1,鹈形目,鹭科,黑苇鳽,
Ixobrychus sinensis,113.6450672,34.90851944,2025/7/24,湿地公园,1,鹈形目,鹭科,黄斑苇鳽,
Lanius cristatus ,113.6450672,34.90851944,2025/7/6,湿地公园,2,雀形目,伯劳科,红尾伯劳,
Lanius cristatus ,113.6450672,34.90851944,2025/7/17,湿地公园,1,雀形目,伯劳科,红尾伯劳,
Lanius cristatus ,113.6450672,34.90851944,2025/7/24,湿地公园,1,雀形目,伯劳科,红尾伯劳,
Lanius cristatus ,113.6450672,34.90851944,2025/8/1,湿地公园,1,雀形目,伯劳科,红尾伯劳,
Lanius cristatus ,113.6450672,34.90851944,2025/9/20,湿地公园,1,雀形目,伯劳科,红尾伯劳,
Lanius schach ,113.6450672,34.90851944,2025/3/20,湿地公园,1,雀形目,伯劳科,棕背伯劳,
Lanius schach ,113.6450672,34.90851944,2025/7/17,湿地公园,1,雀形目,伯劳科,棕背伯劳,
Larus ridibundus,113.6450672,34.90851944,2025/9/26,湿地公园,1,鸻形目,  鸥科,红嘴鸥,
Larus vegae,113.6450672,34.90851944,2025/3/20,湿地公园,2,鸻形目,  鸥科,西伯利亚银鸥,
Luscinia calliope,113.6450672,34.90851944,2025/9/26,湿地公园,1,雀形目,鹟科,红喉歌鸲,Ⅱ
Luscinia svecica,113.6450672,34.90851944,2025/5/4,湿地公园,1,雀形目,鹟科,蓝喉歌鸲,Ⅱ
Megaceryle lugubris,113.6450672,34.90851944,2025/5/4,湿地公园,1,佛法僧目,翠鸟科,冠鱼狗,
Milvus migrans,113.6450672,34.90851944,2025/9/26,湿地公园,2,鹰形目,鹰科,黑鸢,Ⅱ
Motacilla flava ,113.6450672,34.90851944,2025/9/20,湿地公园,6,雀形目,鹡鸰科,黄鹡鸰,
Muscicapa dauurica,113.6450672,34.90851944,2025/9/20,湿地公园,1,雀形目,鹟科,北灰鹟,
Nycticorax  nycticorax  ,113.6450672,34.90851944,2025/5/4,湿地公园,2,鹈形目,鹭科,夜鹭,
Nycticorax  nycticorax  ,113.6450672,34.90851944,2025/7/6,湿地公园,2,鹈形目,鹭科,夜鹭,
Nycticorax  nycticorax  ,113.6450672,34.90851944,2025/7/24,湿地公园,2,鹈形目,鹭科,夜鹭,
Oriolus chinensis ,113.6450672,34.90851944,2025/7/17,湿地公园,1,雀形目,黄鹂科,黑枕黄鹂,
Oriolus chinensis ,113.6450672,34.90851944,2025/7/24,湿地公园,1,雀形目,黄鹂科,黑枕黄鹂,
Oriolus chinensis ,113.6450672,34.90851944,2025/8/1,湿地公园,1,雀形目,黄鹂科,黑枕黄鹂,
Pandion haliaetus,113.6450672,34.90851944,2025/9/20,湿地公园,1,鹰形目,鹗科,鹗,Ⅱ
Pandion haliaetus,113.6450672,34.90851944,2025/9/26,湿地公园,3,鹰形目,鹗科,鹗,Ⅱ
Paradoxornis heudei,113.6450672,34.90851944,2025/9/26,湿地公园,2,雀形目,莺鹛科,震旦鸦雀,Ⅱ
Paradoxornis webbianus ,113.6450672,34.90851944,2025/4/2,湿地公园,1,雀形目,莺鹛科,棕头鸦雀,
Paradoxornis webbianus ,113.6450672,34.90851944,2025/5/4,湿地公园,1,雀形目,莺鹛科,棕头鸦雀,
Paradoxornis webbianus ,113.6450672,34.90851944,2025/7/6,湿地公园,1,雀形目,莺鹛科,棕头鸦雀,
Paradoxornis webbianus ,113.6450672,34.90851944,2025/7/17,湿地公园,2,雀形目,莺鹛科,棕头鸦雀,
Paradoxornis webbianus ,113.6450672,34.90851944,2025/7/24,湿地公园,2,雀形目,莺鹛科,棕头鸦雀,
Paradoxornis webbianus ,113.6450672,34.90851944,2025/8/1,湿地公园,3,雀形目,莺鹛科,棕头鸦雀,
Paradoxornis webbianus ,113.6450672,34.90851944,2025/9/26,湿地公园,1,雀形目,莺鹛科,棕头鸦雀,
Pardaliparus venustulus,113.6450672,34.90851944,2025/4/2,湿地公园,10,雀形目,山雀科,黄腹山雀,
Parus major ,113.6450672,34.90851944,2025/5/4,湿地公园,12,雀形目,山雀科,大山雀（远东山雀）,
Passer cinnamomeus,113.6450672,34.90851944,2025/5/4,湿地公园,10,雀形目,雀科,山麻雀,
Passer montanus ,113.6450672,34.90851944,2025/3/20,湿地公园,50,雀形目,雀科,麻雀,
Passer montanus ,113.6450672,34.90851944,2025/5/4,湿地公园,20,雀形目,雀科,麻雀,
Passer montanus ,113.6450672,34.90851944,2025/7/6,湿地公园,3,雀形目,雀科,麻雀,
Passer montanus ,113.6450672,34.90851944,2025/7/17,湿地公园,10,雀形目,雀科,麻雀,
Passer montanus ,113.6450672,34.90851944,2025/7/24,湿地公园,5,雀形目,雀科,麻雀,
Passer montanus ,113.6450672,34.90851944,2025/9/20,湿地公园,20,雀形目,雀科,麻雀,
Pernis ptilorhynchus,113.6450672,34.90851944,2025/5/4,湿地公园,1,鹰形目,鹰科,凤头蜂鹰,Ⅱ
Pernis ptilorhynchus,113.6450672,34.90851944,2025/9/20,湿地公园,20,鹰形目,鹰科,凤头蜂鹰,Ⅱ
Pernis ptilorhynchus,113.6450672,34.90851944,2025/9/26,湿地公园,5,鹰形目,鹰科,凤头蜂鹰,Ⅱ
"Phalacrocorax carbo 
",113.6450672,34.90851944,2025/3/20,湿地公园,50,鲣鸟目,鸬鹚科,普通鸬鹚,
"Phalacrocorax carbo 
",113.6450672,34.90851944,2025/4/2,湿地公园,9,鲣鸟目,鸬鹚科,普通鸬鹚,
"Phalacrocorax carbo 
",113.6450672,34.90851944,2025/9/20,湿地公园,2,鲣鸟目,鸬鹚科,普通鸬鹚,
"Phalacrocorax carbo 
",113.6450672,34.90851944,2025/9/26,湿地公园,30,鲣鸟目,鸬鹚科,普通鸬鹚,
"Phalacrocorax carbo 
",113.6450672,34.90851944,2025/12/20,湿地公园,8,鲣鸟目,鸬鹚科,普通鸬鹚,
Phasianus colchicus ,113.6450672,34.90851944,2025/5/4,湿地公园,4,鸡形目,雉科,环颈雉,
Phasianus colchicus ,113.6450672,34.90851944,2025/7/24,湿地公园,2,鸡形目,雉科,环颈雉,
Phasianus colchicus ,113.6450672,34.90851944,2025/9/20,湿地公园,3,鸡形目,雉科,环颈雉,
Phasianus colchicus ,113.6450672,34.90851944,2025/9/26,湿地公园,1,鸡形目,雉科,环颈雉,
Phoenicurus auroreus ,113.6450672,34.90851944,2025/3/20,湿地公园,1,雀形目,鹟科,北红尾鸲,
Phylloscopus fuscatus,113.6450672,34.90851944,2025/5/4,湿地公园,1,雀形目,柳莺科,褐柳莺,
Phylloscopus inornatus,113.6450672,34.90851944,2025/5/4,湿地公园,1,雀形目,柳莺科,黄眉柳莺,
Phylloscopus inornatus,113.6450672,34.90851944,2025/9/20,湿地公园,5,雀形目,柳莺科,黄眉柳莺,
Pica pica ,113.6450672,34.90851944,2025/5/4,湿地公园,17,雀形目,鸦科,喜鹊,
Pica pica ,113.6450672,34.90851944,2025/7/6,湿地公园,1,雀形目,鸦科,喜鹊,
Pica pica ,113.6450672,34.90851944,2025/7/17,湿地公园,3,雀形目,鸦科,喜鹊,
Pica pica ,113.6450672,34.90851944,2025/7/24,湿地公园,2,雀形目,鸦科,喜鹊,
Pica pica ,113.6450672,34.90851944,2025/8/1,湿地公园,10,雀形目,鸦科,喜鹊,
Pica pica ,113.6450672,34.90851944,2025/9/20,湿地公园,10,雀形目,鸦科,喜鹊,
Podiceps ruficollis,113.6450672,34.90851944,2025/7/17,湿地公园,2,䴙䴘目,䴙䴘科,小,
Podiceps ruficollis,113.6450672,34.90851944,2025/7/24,湿地公园,5,䴙䴘目,䴙䴘科,小,
Pycnonotus sinensis ,113.6450672,34.90851944,2025/4/2,湿地公园,15,雀形目,鹎科,白头鹎,
Pycnonotus sinensis ,113.6450672,34.90851944,2025/5/4,湿地公园,5,雀形目,鹎科,白头鹎,
Pycnonotus sinensis ,113.6450672,34.90851944,2025/7/6,湿地公园,2,雀形目,鹎科,白头鹎,
Pycnonotus sinensis ,113.6450672,34.90851944,2025/7/17,湿地公园,5,雀形目,鹎科,白头鹎,
Pycnonotus sinensis ,113.6450672,34.90851944,2025/7/24,湿地公园,7,雀形目,鹎科,白头鹎,
Pycnonotus sinensis ,113.6450672,34.90851944,2025/8/1,湿地公园,5,雀形目,鹎科,白头鹎,
Pycnonotus sinensis ,113.6450672,34.90851944,2025/9/20,湿地公园,10,雀形目,鹎科,白头鹎,
Pycnonotus sinensis ,113.6450672,34.90851944,2025/9/26,湿地公园,1,雀形目,鹎科,白头鹎,
Riparia riparia ,113.6450672,34.90851944,2025/9/20,湿地公园,1,雀形目, 燕科,崖沙燕,
Riparia riparia ,113.6450672,34.90851944,2025/9/26,湿地公园,1,雀形目, 燕科,崖沙燕,
Saxicola stejnegeri,113.6450672,34.90851944,2025/5/4,湿地公园,1,雀形目,鹟科,东亚石䳭,
Saxicola stejnegeri,113.6450672,34.90851944,2025/9/26,湿地公园,20,雀形目,鹟科,东亚石䳭,
Saxicola torquata ,113.6450672,34.90851944,2025/9/20,湿地公园,9,雀形目,鹟科,黑喉石䳭（东亚）,
Sterna albifrons,113.6450672,34.90851944,2025/5/4,湿地公园,2,鸻形目,  鸥科,白额燕鸥,
Sterna hirundo,113.6450672,34.90851944,2025/5/4,湿地公园,20,鸻形目,  鸥科,普通燕鸥,
Sterna hirundo,113.6450672,34.90851944,2025/7/6,湿地公园,5,鸻形目,  鸥科,普通燕鸥,
Sterna hirundo,113.6450672,34.90851944,2025/7/17,湿地公园,10,鸻形目,  鸥科,普通燕鸥,
Sterna hirundo,113.6450672,34.90851944,2025/7/24,湿地公园,25,鸻形目,  鸥科,普通燕鸥,
Sterna hirundo,113.6450672,34.90851944,2025/8/1,湿地公园,30,鸻形目,  鸥科,普通燕鸥,
Streptopelia chinensis,113.6450672,34.90851944,2025/3/20,湿地公园,2,鸽形目,鸠鸽科,珠颈斑鸠,
Streptopelia chinensis,113.6450672,34.90851944,2025/5/4,湿地公园,10,鸽形目,鸠鸽科,珠颈斑鸠,
Streptopelia chinensis,113.6450672,34.90851944,2025/7/17,湿地公园,2,鸽形目,鸠鸽科,珠颈斑鸠,
Streptopelia chinensis,113.6450672,34.90851944,2025/7/24,湿地公园,2,鸽形目,鸠鸽科,珠颈斑鸠,
Streptopelia orientalis ,113.6450672,34.90851944,2025/3/20,湿地公园,5,鸽形目,鸠鸽科,山斑鸠,
Streptopelia orientalis ,113.6450672,34.90851944,2025/5/4,湿地公园,5,鸽形目,鸠鸽科,山斑鸠,
Streptopelia orientalis ,113.6450672,34.90851944,2025/7/6,湿地公园,10,鸽形目,鸠鸽科,山斑鸠,
Streptopelia orientalis ,113.6450672,34.90851944,2025/7/17,湿地公园,5,鸽形目,鸠鸽科,山斑鸠,
Streptopelia orientalis ,113.6450672,34.90851944,2025/7/24,湿地公园,3,鸽形目,鸠鸽科,山斑鸠,
Streptopelia orientalis ,113.6450672,34.90851944,2025/8/1,湿地公园,5,鸽形目,鸠鸽科,山斑鸠,
Streptopelia orientalis ,113.6450672,34.90851944,2025/9/20,湿地公园,10,鸽形目,鸠鸽科,山斑鸠,
Sturnus cineraceus,113.6450672,34.90851944,2025/5/4,湿地公园,6,雀形目,椋鸟科,灰椋鸟,
Sturnus cineraceus,113.6450672,34.90851944,2025/7/6,湿地公园,1,雀形目,椋鸟科,灰椋鸟,
Sturnus cineraceus,113.6450672,34.90851944,2025/7/24,湿地公园,3,雀形目,椋鸟科,灰椋鸟,
Sturnus cineraceus,113.6450672,34.90851944,2025/8/1,湿地公园,6,雀形目,椋鸟科,灰椋鸟,
Sturnus cineraceus,113.6450672,34.90851944,2025/9/20,湿地公园,20,雀形目,椋鸟科,灰椋鸟,
Tringa nebularia,113.6450672,34.90851944,2025/9/26,湿地公园,1,鸻形目,鹬科,青脚鹬,
Tringa ochropus,113.6450672,34.90851944,2025/9/26,湿地公园,1,鸻形目,鹬科,白腰草鹬,
Turdus merula ,113.6450672,34.90851944,2025/3/20,湿地公园,3,雀形目,鸫科,乌鸫,
Turdus merula ,113.6450672,34.90851944,2025/4/2,湿地公园,1,雀形目,鸫科,乌鸫,
Turdus merula ,113.6450672,34.90851944,2025/5/4,湿地公园,4,雀形目,鸫科,乌鸫,
Turdus merula ,113.6450672,34.90851944,2025/8/1,湿地公园,3,雀形目,鸫科,乌鸫,
Upupa epops ,113.6450672,34.90851944,2025/5/4,湿地公园,1,犀鸟目,戴胜科,戴胜,
Upupa epops ,113.6450672,34.90851944,2025/7/24,湿地公园,2,犀鸟目,戴胜科,戴胜,
Upupa epops ,113.6450672,34.90851944,2025/9/20,湿地公园,1,犀鸟目,戴胜科,戴胜,
Upupa epops ,113.6450672,34.90851944,2025/9/26,湿地公园,1,犀鸟目,戴胜科,戴胜,
Vanellus cinereus,113.6450672,34.90851944,2025/5/4,湿地公园,10,鸻形目,鸻科,灰头麦鸡,
Vanellus cinereus,113.6450672,34.90851944,2025/8/1,湿地公园,16,鸻形目,鸻科,灰头麦鸡,
Acridotheres cristatellus ,113.6612463,34.90620544,2025/4/25,花园口,2,雀形目,椋鸟科,八哥,
Acridotheres cristatellus ,113.6612463,34.90620544,2025/4/26,花园口,2,雀形目,椋鸟科,八哥,
Acridotheres cristatellus ,113.6612463,34.90620544,2025/5/27,花园口,3,雀形目,椋鸟科,八哥,
Actitis hypoleucos,113.6612463,34.90620544,2025/4/20,花园口,2,鸻形目,鹬科,矶鹬,
Actitis hypoleucos,113.6612463,34.90620544,2025/4/25,花园口,2,鸻形目,鹬科,矶鹬,
Actitis hypoleucos,113.6612463,34.90620544,2025/4/26,花园口,1,鸻形目,鹬科,矶鹬,
Aegithalos caudatus ,113.6612463,34.90620544,2025/4/25,花园口,10,雀形目,长尾山雀科,银喉长尾山雀,
Aegithalos caudatus ,113.6612463,34.90620544,2025/4/26,花园口,1,雀形目,长尾山雀科,银喉长尾山雀,
Agropsar sturninus,113.6612463,34.90620544,2025/4/25,花园口,2,雀形目,椋鸟科,北椋鸟,
Agropsar sturninus,113.6612463,34.90620544,2025/5/27,花园口,1,雀形目,椋鸟科,北椋鸟,
Alcedo atthis ,113.6612463,34.90620544,2025/4/25,花园口,1,佛法僧目,翠鸟科,普通翠鸟,
Alcedo atthis ,113.6612463,34.90620544,2025/4/26,花园口,1,佛法僧目,翠鸟科,普通翠鸟,
Alcedo atthis ,113.6612463,34.90620544,2025/5/27,花园口,1,佛法僧目,翠鸟科,普通翠鸟,
Anas platyrhynchos,113.6612463,34.90620544,2025/11/13,花园口,10,雁形目,鸭科,绿头鸭,
Anas poecilorhyncha ,113.6612463,34.90620544,2025/4/26,花园口,20,雁形目,鸭科,斑嘴鸭,
Anas poecilorhyncha ,113.6612463,34.90620544,2025/5/27,花园口,10,雁形目,鸭科,斑嘴鸭,
Anas poecilorhyncha ,113.6612463,34.90620544,2025/11/13,花园口,10,雁形目,鸭科,斑嘴鸭,
Anser serrirostris,113.6612463,34.90620544,2025/11/13,花园口,30,雁形目,鸭科,短嘴豆雁,
Apus apus,113.6612463,34.90620544,2025/5/27,花园口,3,夜鹰目,雨燕科,"普通雨燕
（普通楼燕）",
Apus pacificus,113.6612463,34.90620544,2025/5/27,花园口,1,夜鹰目,雨燕科,白腰雨燕,
Ardea alba ,113.6612463,34.90620544,2025/5/27,花园口,1,鹈形目,鹭科,大白鹭,
Ardea alba ,113.6612463,34.90620544,2025/11/13,花园口,1,鹈形目,鹭科,大白鹭,
Ardea cinerea ,113.6612463,34.90620544,2025/4/26,花园口,5,鹈形目,鹭科,苍鹭,
Ardea cinerea ,113.6612463,34.90620544,2025/5/27,花园口,10,鹈形目,鹭科,苍鹭,
Ardea cinerea ,113.6612463,34.90620544,2025/11/13,花园口,1,鹈形目,鹭科,苍鹭,
Ardeola bacchus ,113.6612463,34.90620544,2025/4/26,花园口,3,鹈形目,鹭科,池鹭,
Calidris temminckii,113.6612463,34.90620544,2025/4/20,花园口,1,鸻形目,鹬科,青脚滨鹬,
Calidris temminckii,113.6612463,34.90620544,2025/4/25,花园口,1,鸻形目,鹬科,青脚滨鹬,
Carduelis sinica ,113.6612463,34.90620544,2025/4/25,花园口,2,雀形目,燕雀科,金翅雀,
Ceryle rudis ,113.6612463,34.90620544,2025/4/26,花园口,1,佛法僧目,翠鸟科,斑鱼狗,
Ceryle rudis ,113.6612463,34.90620544,2025/5/27,花园口,1,佛法僧目,翠鸟科,斑鱼狗,
Charadrius alexandrinus ,113.6612463,34.90620544,2025/4/26,花园口,7,鸻形目,鸻科,环颈鸻,
Charadrius dubius ,113.6612463,34.90620544,2025/4/20,花园口,10,鸻形目,鸻科,金眶鸻,
Charadrius dubius ,113.6612463,34.90620544,2025/4/25,花园口,10,鸻形目,鸻科,金眶鸻,
Charadrius dubius ,113.6612463,34.90620544,2025/4/26,花园口,10,鸻形目,鸻科,金眶鸻,
Ciconia nigra ,113.6612463,34.90620544,2025/11/13,花园口,15,鹳形目,鹳科,黑鹳,Ⅰ
Clamator coromandus,113.6612463,34.90620544,2025/5/27,花园口,2,鹃形目  ,杜鹃科,红翅凤头鹃,
Coracina melaschistos,113.6612463,34.90620544,2025/5/30,花园口,1,雀形目,鹃鵙科,暗灰鹃鵙  ,
Cyanopica cyanus ,113.6612463,34.90620544,2025/4/26,花园口,30,雀形目,鸦科,灰喜鹊,
Cyanopica cyanus ,113.6612463,34.90620544,2025/5/27,花园口,3,雀形目,鸦科,灰喜鹊,
Cyanopica cyanus ,113.6612463,34.90620544,2025/11/13,花园口,30,雀形目,鸦科,灰喜鹊,
Cyanopica cyanus ,113.6612463,34.90620544,2025/11/22,花园口,10,雀形目,鸦科,灰喜鹊,
Dendrocopos canicapillus ,113.6612463,34.90620544,2025/4/25,花园口,1,啄木鸟目,啄木鸟科,星头啄木鸟,
Dendrocopos major ,113.6612463,34.90620544,2025/4/25,花园口,1,啄木鸟目,啄木鸟科,大斑啄木鸟,
Dendrocopos major ,113.6612463,34.90620544,2025/4/26,花园口,1,啄木鸟目,啄木鸟科,大斑啄木鸟,
Dendrocopos major ,113.6612463,34.90620544,2025/5/27,花园口,1,啄木鸟目,啄木鸟科,大斑啄木鸟,
Dicrurus macrocercus ,113.6612463,34.90620544,2025/4/26,花园口,4,雀形目,卷尾科,黑卷尾,
Dicrurus macrocercus ,113.6612463,34.90620544,2025/5/27,花园口,3,雀形目,卷尾科,黑卷尾,
Dicrurus macrocercus ,113.6612463,34.90620544,2025/5/30,花园口,13,雀形目,卷尾科,黑卷尾,
Dicrurus macrocercus ,113.6612463,34.90620544,2025/9/24,花园口,3,雀形目,卷尾科,黑卷尾,
Egretta garzetta ,113.6612463,34.90620544,2025/4/20,花园口,1,鹈形目,鹭科,白鹭,
Egretta garzetta ,113.6612463,34.90620544,2025/4/25,花园口,1,鹈形目,鹭科,白鹭,
Egretta garzetta ,113.6612463,34.90620544,2025/5/27,花园口,3,鹈形目,鹭科,白鹭,
Emberiza pusilla,113.6612463,34.90620544,2025/11/13,花园口,3,雀形目,鹀科,小鹀,
Emberiza spodocephala ,113.6612463,34.90620544,2025/4/26,花园口,2,雀形目,鹀科,灰头鹀,
Eophona migratoria ,113.6612463,34.90620544,2025/4/25,花园口,1,雀形目,燕雀科,黑尾蜡嘴雀,
Eophona migratoria ,113.6612463,34.90620544,2025/4/26,花园口,5,雀形目,燕雀科,黑尾蜡嘴雀,
Eophona migratoria ,113.6612463,34.90620544,2025/11/22,花园口,20,雀形目,燕雀科,黑尾蜡嘴雀,
Falco amurensis,113.6612463,34.90620544,2025/5/27,花园口,1,隼形目,  隼科,红脚隼,Ⅱ
Falco tinnunculus ,113.6612463,34.90620544,2025/11/22,花园口,1,隼形目,  隼科,红隼,Ⅱ
Ficedula albicilla,113.6612463,34.90620544,2025/4/25,花园口,1,雀形目,鹟科,红喉姬鹟,
Ficedula albicilla,113.6612463,34.90620544,2025/4/26,花园口,1,雀形目,鹟科,红喉姬鹟,
Ficedula zanthopygia,113.6612463,34.90620544,2025/4/25,花园口,2,雀形目,鹟科,白眉姬鹟,
Ficedula zanthopygia,113.6612463,34.90620544,2025/5/27,花园口,1,雀形目,鹟科,白眉姬鹟,
Gallinago gallinago ,113.6612463,34.90620544,2025/4/20,花园口,1,鸻形目,鹬科,扇尾沙锥,
Gallinago gallinago ,113.6612463,34.90620544,2025/4/25,花园口,1,鸻形目,鹬科,扇尾沙锥,
Gallinago gallinago ,113.6612463,34.90620544,2025/4/26,花园口,2,鸻形目,鹬科,扇尾沙锥,
Gallinula chloropus ,113.6612463,34.90620544,2025/4/26,花园口,6,鹤形目, 秧鸡科,黑水鸡,
Garrulax davidi,113.6612463,34.90620544,2025/5/27,花园口,1,雀形目,噪鹛科,山噪鹛,Ⅰ
Garrulax perspicillatus,113.6612463,34.90620544,2025/4/25,花园口,1,雀形目,噪鹛科,黑脸噪鹛,
Garrulax perspicillatus,113.6612463,34.90620544,2025/4/26,花园口,5,雀形目,噪鹛科,黑脸噪鹛,
Garrulax perspicillatus,113.6612463,34.90620544,2025/9/24,花园口,1,雀形目,噪鹛科,黑脸噪鹛,
Himantopus himantopus ,113.6612463,34.90620544,2025/4/20,花园口,1,鸻形目,反嘴鹬科,黑翅长脚鹬,
Himantopus himantopus ,113.6612463,34.90620544,2025/4/25,花园口,2,鸻形目,反嘴鹬科,黑翅长脚鹬,
Hirundo rustica ,113.6612463,34.90620544,2025/4/26,花园口,10,雀形目, 燕科,家燕,
Hirundo rustica ,113.6612463,34.90620544,2025/5/27,花园口,10,雀形目, 燕科,家燕,
Lanius cristatus ,113.6612463,34.90620544,2025/5/27,花园口,1,雀形目,伯劳科,红尾伯劳,
Lanius schach ,113.6612463,34.90620544,2025/11/13,花园口,1,雀形目,伯劳科,棕背伯劳,
Motacilla alba ,113.6612463,34.90620544,2025/4/25,花园口,1,雀形目,鹡鸰科,白鹡鸰,
Motacilla alba ,113.6612463,34.90620544,2025/4/26,花园口,2,雀形目,鹡鸰科,白鹡鸰,
Motacilla alba ,113.6612463,34.90620544,2025/5/27,花园口,3,雀形目,鹡鸰科,白鹡鸰,
Motacilla alba ,113.6612463,34.90620544,2025/11/13,花园口,2,雀形目,鹡鸰科,白鹡鸰,
Muscicapa dauurica,113.6612463,34.90620544,2025/5/27,花园口,1,雀形目,鹟科,北灰鹟,
Numenius arquata ,113.6612463,34.90620544,2025/4/26,花园口,6,鸻形目,鹬科,白腰杓鹬,Ⅱ
Nycticorax  nycticorax  ,113.6612463,34.90620544,2025/4/26,花园口,2,鹈形目,鹭科,夜鹭,
Oriolus chinensis ,113.6612463,34.90620544,2025/5/27,花园口,2,雀形目,黄鹂科,黑枕黄鹂,
Paradoxornis webbianus ,113.6612463,34.90620544,2025/4/25,花园口,6,雀形目,莺鹛科,棕头鸦雀,
Paradoxornis webbianus ,113.6612463,34.90620544,2025/4/26,花园口,1,雀形目,莺鹛科,棕头鸦雀,
Paradoxornis webbianus ,113.6612463,34.90620544,2025/5/27,花园口,1,雀形目,莺鹛科,棕头鸦雀,
Paradoxornis webbianus ,113.6612463,34.90620544,2025/11/22,花园口,2,雀形目,莺鹛科,棕头鸦雀,
Parus major ,113.6612463,34.90620544,2025/4/25,花园口,6,雀形目,山雀科,大山雀（远东山雀）,
Parus major ,113.6612463,34.90620544,2025/4/26,花园口,4,雀形目,山雀科,大山雀（远东山雀）,
Passer cinnamomeus,113.6612463,34.90620544,2025/4/25,花园口,2,雀形目,雀科,山麻雀,
Passer cinnamomeus,113.6612463,34.90620544,2025/5/27,花园口,3,雀形目,雀科,山麻雀,
Passer montanus ,113.6612463,34.90620544,2025/4/26,花园口,10,雀形目,雀科,麻雀,
Passer montanus ,113.6612463,34.90620544,2025/5/27,花园口,10,雀形目,雀科,麻雀,
Passer montanus ,113.6612463,34.90620544,2025/11/22,花园口,100,雀形目,雀科,麻雀,
Pericrocotus cantonensis,113.6612463,34.90620544,2025/5/27,花园口,1,雀形目,鹃鵙科,小灰山椒鸟,
"Phalacrocorax carbo 
",113.6612463,34.90620544,2025/11/13,花园口,10,鲣鸟目,鸬鹚科,普通鸬鹚,
"Phalacrocorax carbo 
",113.6612463,34.90620544,2025/11/22,花园口,10,鲣鸟目,鸬鹚科,普通鸬鹚,
Phasianus colchicus ,113.6612463,34.90620544,2025/4/20,花园口,1,鸡形目,雉科,环颈雉,
Phasianus colchicus ,113.6612463,34.90620544,2025/4/25,花园口,1,鸡形目,雉科,环颈雉,
Phasianus colchicus ,113.6612463,34.90620544,2025/4/26,花园口,4,鸡形目,雉科,环颈雉,
Phasianus colchicus ,113.6612463,34.90620544,2025/5/27,花园口,2,鸡形目,雉科,环颈雉,
Phasianus colchicus ,113.6612463,34.90620544,2025/5/30,花园口,4,鸡形目,雉科,环颈雉,
Phasianus colchicus ,113.6612463,34.90620544,2025/11/13,花园口,1,鸡形目,雉科,环颈雉,
Phoenicurus auroreus ,113.6612463,34.90620544,2025/11/22,花园口,1,雀形目,鹟科,北红尾鸲,
Phylloscopus borealis,113.6612463,34.90620544,2025/5/27,花园口,1,雀形目,柳莺科,极北柳莺,
Phylloscopus inornatus,113.6612463,34.90620544,2025/4/25,花园口,10,雀形目,柳莺科,黄眉柳莺,
Phylloscopus proregulus,113.6612463,34.90620544,2025/4/25,花园口,2,雀形目,柳莺科,黄腰柳莺,
Phylloscopus proregulus,113.6612463,34.90620544,2025/4/26,花园口,2,雀形目,柳莺科,黄腰柳莺,
Pica pica ,113.6612463,34.90620544,2025/4/26,花园口,10,雀形目,鸦科,喜鹊,
Pica pica ,113.6612463,34.90620544,2025/5/27,花园口,2,雀形目,鸦科,喜鹊,
Pica pica ,113.6612463,34.90620544,2025/11/13,花园口,20,雀形目,鸦科,喜鹊,
Picus canus ,113.6612463,34.90620544,2025/4/25,花园口,1,啄木鸟目,啄木鸟科,灰头绿啄木鸟,
Picus canus ,113.6612463,34.90620544,2025/4/26,花园口,1,啄木鸟目,啄木鸟科,灰头绿啄木鸟,
Picus canus ,113.6612463,34.90620544,2025/5/27,花园口,1,啄木鸟目,啄木鸟科,灰头绿啄木鸟,
Platalea leucorodia,113.6612463,34.90620544,2025/11/13,花园口,30,鹈形目,鹮科,白琵鹭,Ⅱ
Podiceps ruficollis,113.6612463,34.90620544,2025/4/26,花园口,6,䴙䴘目,䴙䴘科,小,
Podiceps ruficollis,113.6612463,34.90620544,2025/11/13,花园口,1,䴙䴘目,䴙䴘科,小,
Pycnonotus sinensis ,113.6612463,34.90620544,2025/4/25,花园口,6,雀形目,鹎科,白头鹎,
Pycnonotus sinensis ,113.6612463,34.90620544,2025/4/26,花园口,6,雀形目,鹎科,白头鹎,
Pycnonotus sinensis ,113.6612463,34.90620544,2025/5/27,花园口,13,雀形目,鹎科,白头鹎,
Pycnonotus sinensis ,113.6612463,34.90620544,2025/11/22,花园口,17,雀形目,鹎科,白头鹎,
Rallus aquaticus ,113.6612463,34.90620544,2025/4/20,花园口,1,鹤形目, 秧鸡科,普通秧鸡,
Rallus aquaticus ,113.6612463,34.90620544,2025/4/25,花园口,1,鹤形目, 秧鸡科,普通秧鸡,
Saxicola stejnegeri,113.6612463,34.90620544,2025/4/25,花园口,1,雀形目,鹟科,东亚石䳭,
Saxicola stejnegeri,113.6612463,34.90620544,2025/4/26,花园口,1,雀形目,鹟科,东亚石䳭,
Saxicola torquata ,113.6612463,34.90620544,2025/4/26,花园口,3,雀形目,鹟科,黑喉石䳭（东亚）,
Spizixos semitorques ,113.6612463,34.90620544,2025/5/27,花园口,1,雀形目,鹎科,领雀嘴鹎,
Sterna hirundo,113.6612463,34.90620544,2025/4/26,花园口,1,鸻形目,  鸥科,普通燕鸥,
Sterna hirundo,113.6612463,34.90620544,2025/4/26,花园口,20,鸻形目,  鸥科,普通燕鸥,
Streptopelia chinensis,113.6612463,34.90620544,2025/4/26,花园口,15,鸽形目,鸠鸽科,珠颈斑鸠,
Streptopelia chinensis,113.6612463,34.90620544,2025/5/27,花园口,3,鸽形目,鸠鸽科,珠颈斑鸠,
Streptopelia orientalis ,113.6612463,34.90620544,2025/4/20,花园口,2,鸽形目,鸠鸽科,山斑鸠,
Streptopelia orientalis ,113.6612463,34.90620544,2025/4/25,花园口,2,鸽形目,鸠鸽科,山斑鸠,
Streptopelia orientalis ,113.6612463,34.90620544,2025/4/26,花园口,10,鸽形目,鸠鸽科,山斑鸠,
Streptopelia orientalis ,113.6612463,34.90620544,2025/9/24,花园口,10,鸽形目,鸠鸽科,山斑鸠,
Streptopelia orientalis ,113.6612463,34.90620544,2025/11/13,花园口,1,鸽形目,鸠鸽科,山斑鸠,
Sturnus cineraceus,113.6612463,34.90620544,2025/4/25,花园口,1,雀形目,椋鸟科,灰椋鸟,
Sturnus cineraceus,113.6612463,34.90620544,2025/5/27,花园口,6,雀形目,椋鸟科,灰椋鸟,
Tringa glareola,113.6612463,34.90620544,2025/4/20,花园口,1,鸻形目,鹬科,林鹬,
Tringa glareola,113.6612463,34.90620544,2025/4/25,花园口,1,鸻形目,鹬科,林鹬,
Tringa nebularia,113.6612463,34.90620544,2025/4/26,花园口,6,鸻形目,鹬科,青脚鹬,
Tringa nebularia,113.6612463,34.90620544,2025/4/26,花园口,3,鸻形目,鹬科,青脚鹬,
Tringa nebularia,113.6612463,34.90620544,2025/11/13,花园口,7,鸻形目,鹬科,青脚鹬,
Tringa ochropus,113.6612463,34.90620544,2025/4/26,花园口,11,鸻形目,鹬科,白腰草鹬,
Turdus merula ,113.6612463,34.90620544,2025/4/26,花园口,2,雀形目,鸫科,乌鸫,
Upupa epops ,113.6612463,34.90620544,2025/4/26,花园口,1,犀鸟目,戴胜科,戴胜,
Urocissa erythrorhyncha ,113.6612463,34.90620544,2025/4/25,花园口,1,雀形目,鸦科,红嘴蓝鹊,
Urocissa erythrorhyncha ,113.6612463,34.90620544,2025/4/26,花园口,2,雀形目,鸦科,红嘴蓝鹊,
Vanellus cinereus,113.6612463,34.90620544,2025/4/26,花园口,2,鸻形目,鸻科,灰头麦鸡,
Vanellus cinereus,113.6612463,34.90620544,2025/4/26,花园口,4,鸻形目,鸻科,灰头麦鸡,
Vanellus cinereus,113.6612463,34.90620544,2025/5/27,花园口,6,鸻形目,鸻科,灰头麦鸡,
Zosterops erthropleurus,113.6612463,34.90620544,2025/4/25,花园口,1,雀形目,莺鹛科,红胁绣眼鸟,Ⅱ
Zosterops japonicus,113.6612463,34.90620544,2025/4/25,花园口,1,雀形目,绣眼鸟科,暗绿绣眼鸟,
Alauda arvensis ,113.7248039,34.87132034,2025/1/5,中牟,50,雀形目,百灵科,云雀,Ⅱ
Alauda arvensis ,113.7248039,34.87132034,2025/2/7,中牟,1,雀形目,百灵科,云雀,Ⅱ
Alauda arvensis ,113.7248039,34.87132034,2025/2/11,中牟,30,雀形目,百灵科,云雀,Ⅱ
Alauda arvensis ,113.7248039,34.87132034,2025/3/10,中牟,10,雀形目,百灵科,云雀,Ⅱ
Alauda arvensis ,113.7248039,34.87132034,2025/11/18,中牟,10,雀形目,百灵科,云雀,Ⅱ
Anas falcata,113.7248039,34.87132034,2025/2/11,中牟,10,雁形目,鸭科,罗纹鸭,
Anas falcata,113.7248039,34.87132034,2025/3/10,中牟,20,雁形目,鸭科,罗纹鸭,
Anas platyrhynchos,113.7248039,34.87132034,2025/2/11,中牟,50,雁形目,鸭科,绿头鸭,
Anas platyrhynchos,113.7248039,34.87132034,2025/3/10,中牟,10,雁形目,鸭科,绿头鸭,
Anas poecilorhyncha ,113.7248039,34.87132034,2025/3/10,中牟,10,雁形目,鸭科,斑嘴鸭,
Anthus rubescens ,113.7248039,34.87132034,2025/2/12,中牟,5,雀形目,鹡鸰科,黄腹鹨,
Ardea alba ,113.7248039,34.87132034,2025/3/10,中牟,10,鹈形目,鹭科,大白鹭,
Ardea cinerea ,113.7248039,34.87132034,2025/2/11,中牟,2,鹈形目,鹭科,苍鹭,
Ardea cinerea ,113.7248039,34.87132034,2025/3/10,中牟,10,鹈形目,鹭科,苍鹭,
Buteo buteo ,113.7248039,34.87132034,2025/2/7,中牟,1,鹰形目,鹰科,普通鵟,Ⅱ
Buteo buteo ,113.7248039,34.87132034,2025/2/9,中牟,1,鹰形目,鹰科,普通鵟,Ⅱ
Coturnix japonica,113.7248039,34.87132034,2025/1/5,中牟,2,鸡形目,雉科,鹌鹑,
Cyanopica cyanus ,113.7248039,34.87132034,2025/3/10,中牟,20,雀形目,鸦科,灰喜鹊,
Cygnus columbianus,113.7248039,34.87132034,2025/3/10,中牟,100,雁形目,鸭科,小天鹅,Ⅱ
Emberiza cioides ,113.7248039,34.87132034,2025/2/12,中牟,5,雀形目,鹀科,三道眉草鹀,
Emberiza pallasi ,113.7248039,34.87132034,2025/2/11,中牟,3,雀形目,鹀科,苇鹀,
Emberiza pallasi ,113.7248039,34.87132034,2025/3/10,中牟,4,雀形目,鹀科,苇鹀,
Emberiza yessoensis,113.7248039,34.87132034,2025/2/11,中牟,10,雀形目,鹀科,红颈苇鹀,
Emberiza yessoensis,113.7248039,34.87132034,2025/3/10,中牟,1,雀形目,鹀科,红颈苇鹀,
Falco columbarius,113.7248039,34.87132034,2025/2/11,中牟,1,隼形目,  隼科,灰背隼,Ⅱ
Falco peregrinus ,113.7248039,34.87132034,2025/2/11,中牟,1,隼形目,  隼科,游隼,Ⅱ
Falco peregrinus ,113.7248039,34.87132034,2025/2/15,中牟,1,隼形目,  隼科,游隼,Ⅱ
Falco tinnunculus ,113.7248039,34.87132034,2025/11/18,中牟,1,隼形目,  隼科,红隼,Ⅱ
Fringilla montifringilla,113.7248039,34.87132034,2025/2/7,中牟,1,雀形目,燕雀科,燕雀,
Grus grus ,113.7248039,34.87132034,2025/1/5,中牟,102,鹤形目,鹤科,灰鹤,Ⅱ
Grus grus ,113.7248039,34.87132034,2025/2/7,中牟,7,鹤形目,鹤科,灰鹤,Ⅱ
Grus grus ,113.7248039,34.87132034,2025/2/9,中牟,10,鹤形目,鹤科,灰鹤,Ⅱ
Grus grus ,113.7248039,34.87132034,2025/2/15,中牟,100,鹤形目,鹤科,灰鹤,Ⅱ
Lanius schach ,113.7248039,34.87132034,2025/2/12,中牟,1,雀形目,伯劳科,棕背伯劳,
Lanius sphenocercus ,113.7248039,34.87132034,2025/2/11,中牟,1,雀形目,伯劳科,楔尾伯劳,
Lanius sphenocercus ,113.7248039,34.87132034,2025/2/12,中牟,1,雀形目,伯劳科,楔尾伯劳,
Larus vegae,113.7248039,34.87132034,2025/1/5,中牟,1,鸻形目,  鸥科,西伯利亚银鸥,
Larus vegae,113.7248039,34.87132034,2025/2/11,中牟,3,鸻形目,  鸥科,西伯利亚银鸥,
Mergus merganser ,113.7248039,34.87132034,2025/2/11,中牟,8,雁形目,鸭科,普通秋沙鸭,
Mergus merganser ,113.7248039,34.87132034,2025/3/10,中牟,4,雁形目,鸭科,普通秋沙鸭,
Motacilla alba ,113.7248039,34.87132034,2025/3/10,中牟,1,雀形目,鹡鸰科,白鹡鸰,
Otis tarda ,113.7248039,34.87132034,2025/1/5,中牟,71,鸨形目,鸨科,大鸨,Ⅰ
Otis tarda ,113.7248039,34.87132034,2025/2/7,中牟,4,鸨形目,鸨科,大鸨,Ⅰ
Otis tarda ,113.7248039,34.87132034,2025/2/9,中牟,87,鸨形目,鸨科,大鸨,Ⅰ
Otis tarda ,113.7248039,34.87132034,2025/2/11,中牟,6,鸨形目,鸨科,大鸨,Ⅰ
Otis tarda ,113.7248039,34.87132034,2025/2/12,中牟,73,鸨形目,鸨科,大鸨,Ⅰ
Otis tarda ,113.7248039,34.87132034,2025/2/15,中牟,20,鸨形目,鸨科,大鸨,Ⅰ
Paradoxornis webbianus ,113.7248039,34.87132034,2025/3/10,中牟,10,雀形目,莺鹛科,棕头鸦雀,
Passer montanus ,113.7248039,34.87132034,2025/1/5,中牟,10,雀形目,雀科,麻雀,
Passer montanus ,113.7248039,34.87132034,2025/2/9,中牟,50,雀形目,雀科,麻雀,
Passer montanus ,113.7248039,34.87132034,2025/2/12,中牟,20,雀形目,雀科,麻雀,
"Phalacrocorax carbo 
",113.7248039,34.87132034,2025/1/5,中牟,1,鲣鸟目,鸬鹚科,普通鸬鹚,
"Phalacrocorax carbo 
",113.7248039,34.87132034,2025/2/11,中牟,10,鲣鸟目,鸬鹚科,普通鸬鹚,
Phasianus colchicus ,113.7248039,34.87132034,2025/1/5,中牟,23,鸡形目,雉科,环颈雉,
Phasianus colchicus ,113.7248039,34.87132034,2025/2/9,中牟,2,鸡形目,雉科,环颈雉,
Phasianus colchicus ,113.7248039,34.87132034,2025/2/11,中牟,20,鸡形目,雉科,环颈雉,
Phasianus colchicus ,113.7248039,34.87132034,2025/2/12,中牟,20,鸡形目,雉科,环颈雉,
Phasianus colchicus ,113.7248039,34.87132034,2025/2/15,中牟,1,鸡形目,雉科,环颈雉,
Phasianus colchicus ,113.7248039,34.87132034,2025/3/10,中牟,4,鸡形目,雉科,环颈雉,
Pica pica ,113.7248039,34.87132034,2025/1/5,中牟,1,雀形目,鸦科,喜鹊,
Pica pica ,113.7248039,34.87132034,2025/2/7,中牟,1,雀形目,鸦科,喜鹊,
Pica pica ,113.7248039,34.87132034,2025/2/9,中牟,30,雀形目,鸦科,喜鹊,
Pica pica ,113.7248039,34.87132034,2025/2/11,中牟,50,雀形目,鸦科,喜鹊,
Pica pica ,113.7248039,34.87132034,2025/3/10,中牟,20,雀形目,鸦科,喜鹊,
Sterna hirundo,113.7248039,34.87132034,2025/5/2,中牟,10,鸻形目,  鸥科,普通燕鸥,
Streptopelia chinensis,113.7248039,34.87132034,2025/1/5,中牟,1,鸽形目,鸠鸽科,珠颈斑鸠,
Streptopelia chinensis,113.7248039,34.87132034,2025/2/9,中牟,2,鸽形目,鸠鸽科,珠颈斑鸠,
Streptopelia chinensis,113.7248039,34.87132034,2025/2/12,中牟,10,鸽形目,鸠鸽科,珠颈斑鸠,
Streptopelia orientalis ,113.7248039,34.87132034,2025/1/5,中牟,1,鸽形目,鸠鸽科,山斑鸠,
Streptopelia orientalis ,113.7248039,34.87132034,2025/2/9,中牟,10,鸽形目,鸠鸽科,山斑鸠,
Streptopelia orientalis ,113.7248039,34.87132034,2025/2/12,中牟,100,鸽形目,鸠鸽科,山斑鸠,
Sturnus vulgaris,113.7248039,34.87132034,2025/1/5,中牟,56,雀形目,椋鸟科,紫翅椋鸟,
Sturnus vulgaris,113.7248039,34.87132034,2025/2/15,中牟,10,雀形目,椋鸟科,紫翅椋鸟,
Upupa epops ,113.7248039,34.87132034,2025/1/5,中牟,1,犀鸟目,戴胜科,戴胜,
Upupa epops ,113.7248039,34.87132034,2025/2/11,中牟,6,犀鸟目,戴胜科,戴胜,
Upupa epops ,113.7248039,34.87132034,2025/2/12,中牟,1,犀鸟目,戴胜科,戴胜,
Upupa epops ,113.7248039,34.87132034,2025/5/2,中牟,1,犀鸟目,戴胜科,戴胜,
Vanellus cinereus,113.7248039,34.87132034,2025/3/10,中牟,8,鸻形目,鸻科,灰头麦鸡,
Acrocephalus bistrigiceps,113.7248039,34.87132034,2025/10/1,中牟黄河湿地,1,雀形目,苇莺科,黑眉苇莺,
Acrocephalus orientalis,113.7248039,34.87132034,2025/10/1,中牟黄河湿地,1,雀形目,苇莺科,东方大苇莺,
Aegithalos caudatus ,113.7248039,34.87132034,2025/10/1,中牟黄河湿地,1,雀形目,长尾山雀科,银喉长尾山雀,
Aegithalos concinnus ,113.7248039,34.87132034,2025/10/1,中牟黄河湿地,1,雀形目,长尾山雀科,红头长尾山雀,
Anas crecca ,113.7248039,34.87132034,2025/10/1,中牟黄河湿地,4,雁形目,鸭科,绿翅鸭,
Anas poecilorhyncha ,113.7248039,34.87132034,2025/10/1,中牟黄河湿地,4,雁形目,鸭科,斑嘴鸭,
Ardea alba ,113.7248039,34.87132034,2025/10/1,中牟黄河湿地,1,鹈形目,鹭科,大白鹭,
Ardea cinerea ,113.7248039,34.87132034,2025/10/1,中牟黄河湿地,1,鹈形目,鹭科,苍鹭,
Cecropis daurica ,113.7248039,34.87132034,2025/10/1,中牟黄河湿地,1,雀形目, 燕科,金腰燕,
Circus melanoleucos,113.7248039,34.87132034,2025/10/1,中牟黄河湿地,1,鹰形目,鹰科,鹊鹞,Ⅱ
Circus spilonotus,113.7248039,34.87132034,2025/10/1,中牟黄河湿地,2,鹰形目,鹰科,白腹鹞,Ⅱ
Cyanopica cyanus ,113.7248039,34.87132034,2025/10/1,中牟黄河湿地,1,雀形目,鸦科,灰喜鹊,
Egretta garzetta ,113.7248039,34.87132034,2025/10/1,中牟黄河湿地,1,鹈形目,鹭科,白鹭,
Elanus caeruleus,113.7248039,34.87132034,2025/10/1,中牟黄河湿地,1,鹰形目,鹰科,黑翅鸢,Ⅱ
Emberiza aureola,113.7248039,34.87132034,2025/10/1,中牟黄河湿地,2,雀形目,鹀科,黄胸鹀,Ⅰ
Falco tinnunculus ,113.7248039,34.87132034,2025/10/1,中牟黄河湿地,1,隼形目,  隼科,红隼,Ⅱ
Hirundo rustica ,113.7248039,34.87132034,2025/10/1,中牟黄河湿地,1,雀形目, 燕科,家燕,
Luscinia calliope,113.7248039,34.87132034,2025/10/1,中牟黄河湿地,1,雀形目,鹟科,红喉歌鸲,Ⅱ
Luscinia svecica,113.7248039,34.87132034,2025/10/1,中牟黄河湿地,1,雀形目,鹟科,蓝喉歌鸲,Ⅱ
Muscicapa dauurica,113.7248039,34.87132034,2025/10/1,中牟黄河湿地,1,雀形目,鹟科,北灰鹟,
Paradoxornis webbianus ,113.7248039,34.87132034,2025/10/1,中牟黄河湿地,1,雀形目,莺鹛科,棕头鸦雀,
Pardaliparus venustulus,113.7248039,34.87132034,2025/10/1,中牟黄河湿地,1,雀形目,山雀科,黄腹山雀,
Parus major ,113.7248039,34.87132034,2025/10/1,中牟黄河湿地,1,雀形目,山雀科,大山雀（远东山雀）,
Passer montanus ,113.7248039,34.87132034,2025/10/1,中牟黄河湿地,1,雀形目,雀科,麻雀,
"Phalacrocorax carbo 
",113.7248039,34.87132034,2025/10/1,中牟黄河湿地,1,鲣鸟目,鸬鹚科,普通鸬鹚,
Phasianus colchicus ,113.7248039,34.87132034,2025/10/1,中牟黄河湿地,1,鸡形目,雉科,环颈雉,
Phylloscopus fuscatus,113.7248039,34.87132034,2025/10/1,中牟黄河湿地,1,雀形目,柳莺科,褐柳莺,
Phylloscopus inornatus,113.7248039,34.87132034,2025/10/1,中牟黄河湿地,1,雀形目,柳莺科,黄眉柳莺,
Phylloscopus plumbeitarsus,113.7248039,34.87132034,2025/10/1,中牟黄河湿地,1,雀形目,柳莺科,双斑绿柳莺,
Phylloscopus proregulus,113.7248039,34.87132034,2025/10/1,中牟黄河湿地,1,雀形目,柳莺科,黄腰柳莺,
Phylloscopus schwarzi,113.7248039,34.87132034,2025/10/1,中牟黄河湿地,1,雀形目,柳莺科,巨嘴柳莺,
Pica pica ,113.7248039,34.87132034,2025/10/1,中牟黄河湿地,1,雀形目,鸦科,喜鹊,
Recurvirostra avosetta,113.7248039,34.87132034,2025/10/1,中牟黄河湿地,6,鸻形目,反嘴鹬科,反嘴鹬,
Riparia riparia ,113.7248039,34.87132034,2025/10/1,中牟黄河湿地,1,雀形目, 燕科,崖沙燕,
Sturnus cineraceus,113.7248039,34.87132034,2025/10/1,中牟黄河湿地,1,雀形目,椋鸟科,灰椋鸟,
Upupa epops ,113.7248039,34.87132034,2025/10/1,中牟黄河湿地,1,犀鸟目,戴胜科,戴胜,
Zoothera dauma,113.7248039,34.87132034,2025/10/1,中牟黄河湿地,1,雀形目,鸫科,虎斑地鸫,
Zosterops erthropleurus,113.7248039,34.87132034,2025/10/1,中牟黄河湿地,1,雀形目,莺鹛科,红胁绣眼鸟,Ⅱ
Zosterops japonicus,113.7248039,34.87132034,2025/10/1,中牟黄河湿地,1,雀形目,绣眼鸟科,暗绿绣眼鸟,
Acridotheres cristatellus ,113.7248039,34.87132034,2025/10/4,中牟黄河滩,1,雀形目,椋鸟科,八哥,
Acrocephalus bistrigiceps,113.7248039,34.87132034,2025/10/4,中牟黄河滩,1,雀形目,苇莺科,黑眉苇莺,
Aegithalos caudatus ,113.7248039,34.87132034,2025/10/4,中牟黄河滩,20,雀形目,长尾山雀科,银喉长尾山雀,
Anas falcata,113.7248039,34.87132034,2025/10/4,中牟黄河滩,1,雁形目,鸭科,罗纹鸭,
Anas poecilorhyncha ,113.7248039,34.87132034,2025/10/4,中牟黄河滩,1,雁形目,鸭科,斑嘴鸭,
Anthus hodgsoni ,113.7248039,34.87132034,2025/10/4,中牟黄河滩,2,雀形目,鹡鸰科,树鹨,
Anthus richardi,113.7248039,34.87132034,2025/10/4,中牟黄河滩,20,雀形目,鹡鸰科,田鹨（理氏鹨）,
Ardea alba ,113.7248039,34.87132034,2025/10/4,中牟黄河滩,1,鹈形目,鹭科,大白鹭,
Ardea cinerea ,113.7248039,34.87132034,2025/10/4,中牟黄河滩,1,鹈形目,鹭科,苍鹭,
Ardeola bacchus ,113.7248039,34.87132034,2025/10/4,中牟黄河滩,2,鹈形目,鹭科,池鹭,
Circus melanoleucos,113.7248039,34.87132034,2025/10/4,中牟黄河滩,1,鹰形目,鹰科,鹊鹞,Ⅱ
Circus spilonotus,113.7248039,34.87132034,2025/10/4,中牟黄河滩,1,鹰形目,鹰科,白腹鹞,Ⅱ
Cisticola juncidis ,113.7248039,34.87132034,2025/10/4,中牟黄河滩,10,雀形目,扇尾莺科,棕扇尾莺,
Egretta garzetta ,113.7248039,34.87132034,2025/10/4,中牟黄河滩,1,鹈形目,鹭科,白鹭,
Elanus caeruleus,113.7248039,34.87132034,2025/10/4,中牟黄河滩,1,鹰形目,鹰科,黑翅鸢,Ⅱ
Emberiza aureola,113.7248039,34.87132034,2025/10/4,中牟黄河滩,20,雀形目,鹀科,黄胸鹀,Ⅰ
Eophona migratoria ,113.7248039,34.87132034,2025/10/4,中牟黄河滩,60,雀形目,燕雀科,黑尾蜡嘴雀,
Falco tinnunculus ,113.7248039,34.87132034,2025/10/4,中牟黄河滩,1,隼形目,  隼科,红隼,Ⅱ
Lanius schach ,113.7248039,34.87132034,2025/10/4,中牟黄河滩,1,雀形目,伯劳科,棕背伯劳,
Locustella lanceolata,113.7248039,34.87132034,2025/10/4,中牟黄河滩,1,雀形目,扇尾莺科,矛斑蝗莺,
Milvus migrans,113.7248039,34.87132034,2025/10/4,中牟黄河滩,1,鹰形目,鹰科,黑鸢,Ⅱ
Pandion haliaetus,113.7248039,34.87132034,2025/10/4,中牟黄河滩,1,鹰形目,鹗科,鹗,Ⅱ
Passer montanus ,113.7248039,34.87132034,2025/10/4,中牟黄河滩,1,雀形目,雀科,麻雀,
Pericrocotus cantonensis,113.7248039,34.87132034,2025/10/4,中牟黄河滩,10,雀形目,鹃鵙科,小灰山椒鸟,
Phasianus colchicus ,113.7248039,34.87132034,2025/10/4,中牟黄河滩,8,鸡形目,雉科,环颈雉,
Phylloscopus fuscatus,113.7248039,34.87132034,2025/10/4,中牟黄河滩,2,雀形目,柳莺科,褐柳莺,
Phylloscopus inornatus,113.7248039,34.87132034,2025/10/4,中牟黄河滩,20,雀形目,柳莺科,黄眉柳莺,
Pycnonotus sinensis ,113.7248039,34.87132034,2025/10/4,中牟黄河滩,1,雀形目,鹎科,白头鹎,
Riparia riparia ,113.7248039,34.87132034,2025/10/4,中牟黄河滩,1,雀形目, 燕科,崖沙燕,
Saxicola stejnegeri,113.7248039,34.87132034,2025/10/4,中牟黄河滩,5,雀形目,鹟科,东亚石䳭,
Streptopelia orientalis ,113.7248039,34.87132034,2025/10/4,中牟黄河滩,1,鸽形目,鸠鸽科,山斑鸠,
Tringa nebularia,113.7248039,34.87132034,2025/10/4,中牟黄河滩,1,鸻形目,鹬科,青脚鹬,
Upupa epops ,113.7248039,34.87132034,2025/10/4,中牟黄河滩,2,犀鸟目,戴胜科,戴胜,
Zosterops erthropleurus,113.7248039,34.87132034,2025/10/4,中牟黄河滩,10,雀形目,莺鹛科,红胁绣眼鸟,Ⅱ
Anas falcata,113.8047981,34.87800986,2025/3/10,金水·马渡,1,雁形目,鸭科,罗纹鸭,
Anas falcata,113.8047981,34.87800986,2025/3/18,金水·马渡,100,雁形目,鸭科,罗纹鸭,
Anas platyrhynchos,113.8047981,34.87800986,2025/3/10,金水·马渡,10,雁形目,鸭科,绿头鸭,
Anas platyrhynchos,113.8047981,34.87800986,2025/3/18,金水·马渡,5,雁形目,鸭科,绿头鸭,
Anas poecilorhyncha ,113.8047981,34.87800986,2025/3/10,金水·马渡,10,雁形目,鸭科,斑嘴鸭,
Anas poecilorhyncha ,113.8047981,34.87800986,2025/3/18,金水·马渡,5,雁形目,鸭科,斑嘴鸭,
Ardea alba ,113.8047981,34.87800986,2025/3/18,金水·马渡,1,鹈形目,鹭科,大白鹭,
Ardea cinerea ,113.8047981,34.87800986,2025/3/10,金水·马渡,1,鹈形目,鹭科,苍鹭,
Ardea cinerea ,113.8047981,34.87800986,2025/3/18,金水·马渡,50,鹈形目,鹭科,苍鹭,
Cygnus columbianus,113.8047981,34.87800986,2025/3/18,金水·马渡,50,雁形目,鸭科,小天鹅,Ⅱ
Emberiza rustica ,113.8047981,34.87800986,2025/3/10,金水·马渡,3,雀形目,鹀科,田鹀,
Fulica atra ,113.8047981,34.87800986,2025/3/18,金水·马渡,15,鹤形目, 秧鸡科,骨顶鸡,
Larus vegae,113.8047981,34.87800986,2025/3/10,金水·马渡,2,鸻形目,  鸥科,西伯利亚银鸥,
Larus vegae,113.8047981,34.87800986,2025/3/18,金水·马渡,20,鸻形目,  鸥科,西伯利亚银鸥,
Mergus merganser ,113.8047981,34.87800986,2025/3/10,金水·马渡,1,雁形目,鸭科,普通秋沙鸭,
Motacilla alba ,113.8047981,34.87800986,2025/3/10,金水·马渡,2,雀形目,鹡鸰科,白鹡鸰,
"Phalacrocorax carbo 
",113.8047981,34.87800986,2025/3/10,金水·马渡,10,鲣鸟目,鸬鹚科,普通鸬鹚,
"Phalacrocorax carbo 
",113.8047981,34.87800986,2025/3/18,金水·马渡,30,鲣鸟目,鸬鹚科,普通鸬鹚,
Pica pica ,113.8047981,34.87800986,2025/3/10,金水·马渡,30,雀形目,鸦科,喜鹊,
Picus canus ,113.8047981,34.87800986,2025/3/10,金水·马渡,2,啄木鸟目,啄木鸟科,灰头绿啄木鸟,
Platalea leucorodia,113.8047981,34.87800986,2025/3/10,金水·马渡,5,鹈形目,鹮科,白琵鹭,Ⅱ
Platalea leucorodia,113.8047981,34.87800986,2025/3/18,金水·马渡,20,鹈形目,鹮科,白琵鹭,Ⅱ
Seicercus albogularis,113.8047981,34.87800986,2025/3/10,金水·马渡,5,雀形目,树莺科,棕脸鹟莺,
Tadorna ferruginea,113.8047981,34.87800986,2025/3/18,金水·马渡,2,雁形目,鸭科,赤麻鸭,
 Asio otus,113.8047981,34.87800986,2025/12/14,金水马渡,7,鸮形目,鸱鸮科,长耳鸮,Ⅱ
 Bombycilla garrulus,113.8047981,34.87800986,2025/11/25,金水马渡,1,雀形目,大平鸟科,大平鸟,
 Bombycilla garrulus,113.8047981,34.87800986,2025/11/25,金水马渡,1,雀形目,大平鸟科,大平鸟,
 Bombycilla japonica,113.8047981,34.87800986,2025/11/25,金水马渡,14,雀形目,大平鸟科,小太平鸟,
 Bombycilla japonica,113.8047981,34.87800986,2025/11/25,金水马渡,17,雀形目,大平鸟科,小太平鸟,
 Bombycilla japonica,113.8047981,34.87800986,2025/11/29,金水马渡,40,雀形目,大平鸟科,小太平鸟,
 Bombycilla japonica,113.8047981,34.87800986,2025/12/3,金水马渡,20,雀形目,大平鸟科,小太平鸟,
 Bombycilla japonica,113.8047981,34.87800986,2025/12/7,金水马渡,10,雀形目,大平鸟科,小太平鸟,
Accipiter nisus,113.8047981,34.87800986,2025/11/8,金水马渡,1,鹰形目,鹰科,雀鹰,Ⅱ
Accipiter nisus,113.8047981,34.87800986,2025/11/25,金水马渡,1,鹰形目,鹰科,雀鹰,Ⅱ
Accipiter nisus,113.8047981,34.87800986,2025/11/29,金水马渡,1,鹰形目,鹰科,雀鹰,Ⅱ
Acridotheres cristatellus ,113.8047981,34.87800986,2025/11/29,金水马渡,1,雀形目,椋鸟科,八哥,
Aegithalos caudatus ,113.8047981,34.87800986,2025/12/7,金水马渡,10,雀形目,长尾山雀科,银喉长尾山雀,
Aegithalos concinnus ,113.8047981,34.87800986,2025/11/25,金水马渡,5,雀形目,长尾山雀科,红头长尾山雀,
Alauda arvensis ,113.8047981,34.87800986,2025/11/8,金水马渡,1,雀形目,百灵科,云雀,Ⅱ
Alcedo atthis ,113.8047981,34.87800986,2025/11/8,金水马渡,1,佛法僧目,翠鸟科,普通翠鸟,
Anas acuta,113.8047981,34.87800986,2025/11/25,金水马渡,3,雁形目,鸭科,针尾鸭,
Anas acuta,113.8047981,34.87800986,2025/12/6,金水马渡,10,雁形目,鸭科,针尾鸭,
Anas crecca ,113.8047981,34.87800986,2025/11/8,金水马渡,20,雁形目,鸭科,绿翅鸭,
Anas crecca ,113.8047981,34.87800986,2025/12/5,金水马渡,10,雁形目,鸭科,绿翅鸭,
Anas crecca ,113.8047981,34.87800986,2025/12/7,金水马渡,200,雁形目,鸭科,绿翅鸭,
Anas crecca ,113.8047981,34.87800986,2025/12/8,金水马渡,100,雁形目,鸭科,绿翅鸭,
Anas falcata,113.8047981,34.87800986,2025/11/30,金水马渡,10,雁形目,鸭科,罗纹鸭,
Anas platyrhynchos,113.8047981,34.87800986,2025/11/8,金水马渡,5,雁形目,鸭科,绿头鸭,
Anas platyrhynchos,113.8047981,34.87800986,2025/11/25,金水马渡,20,雁形目,鸭科,绿头鸭,
Anas platyrhynchos,113.8047981,34.87800986,2025/11/29,金水马渡,2,雁形目,鸭科,绿头鸭,
Anas platyrhynchos,113.8047981,34.87800986,2025/11/30,金水马渡,20,雁形目,鸭科,绿头鸭,
Anas platyrhynchos,113.8047981,34.87800986,2025/12/3,金水马渡,100,雁形目,鸭科,绿头鸭,
Anas platyrhynchos,113.8047981,34.87800986,2025/12/5,金水马渡,30,雁形目,鸭科,绿头鸭,
Anas platyrhynchos,113.8047981,34.87800986,2025/12/7,金水马渡,300,雁形目,鸭科,绿头鸭,
Anas platyrhynchos,113.8047981,34.87800986,2025/12/8,金水马渡,300,雁形目,鸭科,绿头鸭,
Anas poecilorhyncha ,113.8047981,34.87800986,2025/11/8,金水马渡,10,雁形目,鸭科,斑嘴鸭,
Anas poecilorhyncha ,113.8047981,34.87800986,2025/11/25,金水马渡,30,雁形目,鸭科,斑嘴鸭,
Anas poecilorhyncha ,113.8047981,34.87800986,2025/11/29,金水马渡,5,雁形目,鸭科,斑嘴鸭,
Anas poecilorhyncha ,113.8047981,34.87800986,2025/11/30,金水马渡,30,雁形目,鸭科,斑嘴鸭,
Anas poecilorhyncha ,113.8047981,34.87800986,2025/12/3,金水马渡,100,雁形目,鸭科,斑嘴鸭,
Anas poecilorhyncha ,113.8047981,34.87800986,2025/12/5,金水马渡,30,雁形目,鸭科,斑嘴鸭,
Anas poecilorhyncha ,113.8047981,34.87800986,2025/12/7,金水马渡,100,雁形目,鸭科,斑嘴鸭,
Anas poecilorhyncha ,113.8047981,34.87800986,2025/12/8,金水马渡,110,雁形目,鸭科,斑嘴鸭,
Anas strepera ,113.8047981,34.87800986,2025/11/30,金水马渡,10,雁形目,鸭科,赤膀鸭,
Anas strepera ,113.8047981,34.87800986,2025/12/5,金水马渡,20,雁形目,鸭科,赤膀鸭,
Anser albifrons,113.8047981,34.87800986,2025/12/5,金水马渡,4,雁形目,鸭科,白额雁,Ⅱ
Anser cygnoides,113.8047981,34.87800986,2025/11/25,金水马渡,50,雁形目,鸭科,鸿雁,Ⅱ
Anser fabalis,113.8047981,34.87800986,2025/11/25,金水马渡,100,雁形目,鸭科,豆雁,
Anser serrirostris,113.8047981,34.87800986,2025/11/8,金水马渡,1,雁形目,鸭科,短嘴豆雁,
Anser serrirostris,113.8047981,34.87800986,2025/12/3,金水马渡,1,雁形目,鸭科,短嘴豆雁,
Anser serrirostris,113.8047981,34.87800986,2025/12/5,金水马渡,500,雁形目,鸭科,短嘴豆雁,
Anthus hodgsoni ,113.8047981,34.87800986,2025/11/29,金水马渡,6,雀形目,鹡鸰科,树鹨,
Anthus hodgsoni ,113.8047981,34.87800986,2025/12/6,金水马渡,1,雀形目,鹡鸰科,树鹨,
Ardea alba ,113.8047981,34.87800986,2025/11/25,金水马渡,3,鹈形目,鹭科,大白鹭,
Ardea alba ,113.8047981,34.87800986,2025/11/29,金水马渡,3,鹈形目,鹭科,大白鹭,
Ardea alba ,113.8047981,34.87800986,2025/12/5,金水马渡,1,鹈形目,鹭科,大白鹭,
Ardea alba ,113.8047981,34.87800986,2025/12/7,金水马渡,3,鹈形目,鹭科,大白鹭,
Ardea alba ,113.8047981,34.87800986,2025/12/8,金水马渡,10,鹈形目,鹭科,大白鹭,
Ardea cinerea ,113.8047981,34.87800986,2025/11/8,金水马渡,1,鹈形目,鹭科,苍鹭,
Ardea cinerea ,113.8047981,34.87800986,2025/11/25,金水马渡,30,鹈形目,鹭科,苍鹭,
Ardea cinerea ,113.8047981,34.87800986,2025/11/29,金水马渡,30,鹈形目,鹭科,苍鹭,
Ardea cinerea ,113.8047981,34.87800986,2025/11/30,金水马渡,10,鹈形目,鹭科,苍鹭,
Ardea cinerea ,113.8047981,34.87800986,2025/12/5,金水马渡,13,鹈形目,鹭科,苍鹭,
Ardea cinerea ,113.8047981,34.87800986,2025/12/7,金水马渡,3,鹈形目,鹭科,苍鹭,
Ardea cinerea ,113.8047981,34.87800986,2025/12/8,金水马渡,3,鹈形目,鹭科,苍鹭,
Buteo buteo ,113.8047981,34.87800986,2025/11/25,金水马渡,1,鹰形目,鹰科,普通鵟,Ⅱ
Buteo buteo ,113.8047981,34.87800986,2025/12/3,金水马渡,1,鹰形目,鹰科,普通鵟,Ⅱ
Buteo buteo ,113.8047981,34.87800986,2025/12/8,金水马渡,2,鹰形目,鹰科,普通鵟,Ⅱ
Ceryle rudis ,113.8047981,34.87800986,2025/11/8,金水马渡,1,佛法僧目,翠鸟科,斑鱼狗,
Ciconia boyciana,113.8047981,34.87800986,2025/11/8,金水马渡,2,鹳形目,鹳科,东方白鹳,Ⅰ
Ciconia nigra ,113.8047981,34.87800986,2025/11/29,金水马渡,3,鹳形目,鹳科,黑鹳,Ⅰ
Circus  cyaneus  ,113.8047981,34.87800986,2025/11/8,金水马渡,1,鹰形目,鹰科,白尾鹞,Ⅱ
Corvus corone ,113.8047981,34.87800986,2025/11/25,金水马渡,500,雀形目,鸦科,小嘴乌鸦,
Corvus corone ,113.8047981,34.87800986,2025/11/29,金水马渡,12,雀形目,鸦科,小嘴乌鸦,
Corvus corone ,113.8047981,34.87800986,2025/12/3,金水马渡,300,雀形目,鸦科,小嘴乌鸦,
Corvus corone ,113.8047981,34.87800986,2025/12/7,金水马渡,500,雀形目,鸦科,小嘴乌鸦,
Corvus corone ,113.8047981,34.87800986,2025/12/8,金水马渡,1000,雀形目,鸦科,小嘴乌鸦,
Corvus dauuricus,113.8047981,34.87800986,2025/12/3,金水马渡,100,雀形目,鸦科,达乌里寒鸦,
Corvus dauuricus,113.8047981,34.87800986,2025/12/8,金水马渡,100,雀形目,鸦科,达乌里寒鸦,
Corvus frugilegus ,113.8047981,34.87800986,2025/12/7,金水马渡,100,雀形目,鸦科,秃鼻乌鸦,
Corvus frugilegus ,113.8047981,34.87800986,2025/12/8,金水马渡,300,雀形目,鸦科,秃鼻乌鸦,
Cyanopica cyanus ,113.8047981,34.87800986,2025/11/25,金水马渡,30,雀形目,鸦科,灰喜鹊,
Cyanopica cyanus ,113.8047981,34.87800986,2025/11/29,金水马渡,20,雀形目,鸦科,灰喜鹊,
Cyanopica cyanus ,113.8047981,34.87800986,2025/11/30,金水马渡,30,雀形目,鸦科,灰喜鹊,
Cygnus columbianus,113.8047981,34.87800986,2025/11/8,金水马渡,5,雁形目,鸭科,小天鹅,Ⅱ
Cygnus columbianus,113.8047981,34.87800986,2025/12/5,金水马渡,80,雁形目,鸭科,小天鹅,Ⅱ
Cygnus cygnus,113.8047981,34.87800986,2025/12/3,金水马渡,10,雁形目,鸭科,大天鹅,Ⅱ
Dendrocopos canicapillus ,113.8047981,34.87800986,2025/12/8,金水马渡,1,啄木鸟目,啄木鸟科,星头啄木鸟,
Dendrocopos major ,113.8047981,34.87800986,2025/11/25,金水马渡,1,啄木鸟目,啄木鸟科,大斑啄木鸟,
Dendrocopos major ,113.8047981,34.87800986,2025/12/8,金水马渡,1,啄木鸟目,啄木鸟科,大斑啄木鸟,
Egretta garzetta ,113.8047981,34.87800986,2025/11/25,金水马渡,5,鹈形目,鹭科,白鹭,
Elanus caeruleus,113.8047981,34.87800986,2025/11/8,金水马渡,1,鹰形目,鹰科,黑翅鸢,Ⅱ
Emberiza elegans ,113.8047981,34.87800986,2025/11/25,金水马渡,3,雀形目,鹀科,黄喉鹀,
Emberiza elegans ,113.8047981,34.87800986,2025/11/29,金水马渡,2,雀形目,鹀科,黄喉鹀,
Emberiza elegans ,113.8047981,34.87800986,2025/12/8,金水马渡,1,雀形目,鹀科,黄喉鹀,
Emberiza pusilla,113.8047981,34.87800986,2025/11/8,金水马渡,1,雀形目,鹀科,小鹀,
Emberiza pusilla,113.8047981,34.87800986,2025/12/8,金水马渡,1,雀形目,鹀科,小鹀,
Emberiza rustica ,113.8047981,34.87800986,2025/11/8,金水马渡,2,雀形目,鹀科,田鹀,
Emberiza rustica ,113.8047981,34.87800986,2025/11/29,金水马渡,2,雀形目,鹀科,田鹀,
Emberiza rustica ,113.8047981,34.87800986,2025/12/8,金水马渡,1,雀形目,鹀科,田鹀,
Eophona migratoria ,113.8047981,34.87800986,2025/11/29,金水马渡,1,雀形目,燕雀科,黑尾蜡嘴雀,
Eophona migratoria ,113.8047981,34.87800986,2025/12/3,金水马渡,10,雀形目,燕雀科,黑尾蜡嘴雀,
Falco peregrinus ,113.8047981,34.87800986,2025/11/25,金水马渡,1,隼形目,  隼科,游隼,Ⅱ
Falco peregrinus ,113.8047981,34.87800986,2025/12/6,金水马渡,1,隼形目,  隼科,游隼,Ⅱ
Falco tinnunculus ,113.8047981,34.87800986,2025/11/8,金水马渡,1,隼形目,  隼科,红隼,Ⅱ
Falco tinnunculus ,113.8047981,34.87800986,2025/11/25,金水马渡,1,隼形目,  隼科,红隼,Ⅱ
Falco tinnunculus ,113.8047981,34.87800986,2025/11/29,金水马渡,1,隼形目,  隼科,红隼,Ⅱ
Fringilla montifringilla,113.8047981,34.87800986,2025/11/25,金水马渡,15,雀形目,燕雀科,燕雀,
Fringilla montifringilla,113.8047981,34.87800986,2025/11/29,金水马渡,35,雀形目,燕雀科,燕雀,
Fringilla montifringilla,113.8047981,34.87800986,2025/12/8,金水马渡,1,雀形目,燕雀科,燕雀,
Gallinula chloropus ,113.8047981,34.87800986,2025/12/5,金水马渡,30,鹤形目, 秧鸡科,黑水鸡,
Grus grus ,113.8047981,34.87800986,2025/12/8,金水马渡,12,鹤形目,鹤科,灰鹤,Ⅱ
Ixobrychus sinensis,113.8047981,34.87800986,2025/11/8,金水马渡,1,鹈形目,鹭科,黄斑苇鳽,
Lanius schach ,113.8047981,34.87800986,2025/11/8,金水马渡,1,雀形目,伯劳科,棕背伯劳,
Lanius schach ,113.8047981,34.87800986,2025/11/25,金水马渡,1,雀形目,伯劳科,棕背伯劳,
Lanius schach ,113.8047981,34.87800986,2025/11/25,金水马渡,1,雀形目,伯劳科,棕背伯劳,
Lanius schach ,113.8047981,34.87800986,2025/12/3,金水马渡,1,雀形目,伯劳科,棕背伯劳,
Lanius sphenocercus ,113.8047981,34.87800986,2025/11/8,金水马渡,1,雀形目,伯劳科,楔尾伯劳,
Larus ridibundus,113.8047981,34.87800986,2025/11/8,金水马渡,1,鸻形目,  鸥科,红嘴鸥,
Larus vegae,113.8047981,34.87800986,2025/11/8,金水马渡,1,鸻形目,  鸥科,西伯利亚银鸥,
Larus vegae,113.8047981,34.87800986,2025/11/25,金水马渡,15,鸻形目,  鸥科,西伯利亚银鸥,
Larus vegae,113.8047981,34.87800986,2025/11/29,金水马渡,3,鸻形目,  鸥科,西伯利亚银鸥,
Larus vegae,113.8047981,34.87800986,2025/11/30,金水马渡,10,鸻形目,  鸥科,西伯利亚银鸥,
Larus vegae,113.8047981,34.87800986,2025/12/3,金水马渡,30,鸻形目,  鸥科,西伯利亚银鸥,
Larus vegae,113.8047981,34.87800986,2025/12/5,金水马渡,2,鸻形目,  鸥科,西伯利亚银鸥,
Larus vegae,113.8047981,34.87800986,2025/12/7,金水马渡,31,鸻形目,  鸥科,西伯利亚银鸥,
Larus vegae,113.8047981,34.87800986,2025/12/8,金水马渡,20,鸻形目,  鸥科,西伯利亚银鸥,
Megaceryle lugubris,113.8047981,34.87800986,2025/11/8,金水马渡,1,佛法僧目,翠鸟科,冠鱼狗,
Megaceryle lugubris,113.8047981,34.87800986,2025/11/29,金水马渡,1,佛法僧目,翠鸟科,冠鱼狗,
Mergus merganser ,113.8047981,34.87800986,2025/11/8,金水马渡,10,雁形目,鸭科,普通秋沙鸭,
Mergus merganser ,113.8047981,34.87800986,2025/11/25,金水马渡,10,雁形目,鸭科,普通秋沙鸭,
Mergus merganser ,113.8047981,34.87800986,2025/11/30,金水马渡,7,雁形目,鸭科,普通秋沙鸭,
Mergus merganser ,113.8047981,34.87800986,2025/12/3,金水马渡,5,雁形目,鸭科,普通秋沙鸭,
Mergus merganser ,113.8047981,34.87800986,2025/12/5,金水马渡,1,雁形目,鸭科,普通秋沙鸭,
Mergus merganser ,113.8047981,34.87800986,2025/12/6,金水马渡,10,雁形目,鸭科,普通秋沙鸭,
Mergus merganser ,113.8047981,34.87800986,2025/12/8,金水马渡,2,雁形目,鸭科,普通秋沙鸭,
Motacilla alba ,113.8047981,34.87800986,2025/11/29,金水马渡,1,雀形目,鹡鸰科,白鹡鸰,
Motacilla alba ,113.8047981,34.87800986,2025/12/5,金水马渡,1,雀形目,鹡鸰科,白鹡鸰,
Motacilla alba ,113.8047981,34.87800986,2025/12/8,金水马渡,10,雀形目,鹡鸰科,白鹡鸰,
Paradoxornis webbianus ,113.8047981,34.87800986,2025/11/25,金水马渡,2,雀形目,莺鹛科,棕头鸦雀,
Paradoxornis webbianus ,113.8047981,34.87800986,2025/11/29,金水马渡,10,雀形目,莺鹛科,棕头鸦雀,
Paradoxornis webbianus ,113.8047981,34.87800986,2025/12/8,金水马渡,1,雀形目,莺鹛科,棕头鸦雀,
Parus major ,113.8047981,34.87800986,2025/12/8,金水马渡,10,雀形目,山雀科,大山雀（远东山雀）,
Passer montanus ,113.8047981,34.87800986,2025/11/29,金水马渡,300,雀形目,雀科,麻雀,
Passer montanus ,113.8047981,34.87800986,2025/12/6,金水马渡,10,雀形目,雀科,麻雀,
Passer montanus ,113.8047981,34.87800986,2025/12/7,金水马渡,60,雀形目,雀科,麻雀,
Passer montanus ,113.8047981,34.87800986,2025/12/8,金水马渡,100,雀形目,雀科,麻雀,
"Phalacrocorax carbo 
",113.8047981,34.87800986,2025/11/8,金水马渡,10,鲣鸟目,鸬鹚科,普通鸬鹚,
"Phalacrocorax carbo 
",113.8047981,34.87800986,2025/11/25,金水马渡,50,鲣鸟目,鸬鹚科,普通鸬鹚,
"Phalacrocorax carbo 
",113.8047981,34.87800986,2025/11/29,金水马渡,9,鲣鸟目,鸬鹚科,普通鸬鹚,
"Phalacrocorax carbo 
",113.8047981,34.87800986,2025/11/30,金水马渡,10,鲣鸟目,鸬鹚科,普通鸬鹚,
"Phalacrocorax carbo 
",113.8047981,34.87800986,2025/12/3,金水马渡,30,鲣鸟目,鸬鹚科,普通鸬鹚,
"Phalacrocorax carbo 
",113.8047981,34.87800986,2025/12/5,金水马渡,30,鲣鸟目,鸬鹚科,普通鸬鹚,
"Phalacrocorax carbo 
",113.8047981,34.87800986,2025/12/7,金水马渡,20,鲣鸟目,鸬鹚科,普通鸬鹚,
"Phalacrocorax carbo 
",113.8047981,34.87800986,2025/12/8,金水马渡,30,鲣鸟目,鸬鹚科,普通鸬鹚,
Phasianus colchicus ,113.8047981,34.87800986,2025/11/25,金水马渡,3,鸡形目,雉科,环颈雉,
Phasianus colchicus ,113.8047981,34.87800986,2025/11/29,金水马渡,30,鸡形目,雉科,环颈雉,
Phasianus colchicus ,113.8047981,34.87800986,2025/12/3,金水马渡,1,鸡形目,雉科,环颈雉,
Phasianus colchicus ,113.8047981,34.87800986,2025/12/7,金水马渡,10,鸡形目,雉科,环颈雉,
Phasianus colchicus ,113.8047981,34.87800986,2025/12/8,金水马渡,1,鸡形目,雉科,环颈雉,
Pica pica ,113.8047981,34.87800986,2025/11/25,金水马渡,20,雀形目,鸦科,喜鹊,
Pica pica ,113.8047981,34.87800986,2025/11/29,金水马渡,20,雀形目,鸦科,喜鹊,
Pica pica ,113.8047981,34.87800986,2025/11/30,金水马渡,20,雀形目,鸦科,喜鹊,
Picus canus ,113.8047981,34.87800986,2025/11/29,金水马渡,1,啄木鸟目,啄木鸟科,灰头绿啄木鸟,
Picus canus ,113.8047981,34.87800986,2025/12/7,金水马渡,1,啄木鸟目,啄木鸟科,灰头绿啄木鸟,
Platalea leucorodia,113.8047981,34.87800986,2025/11/8,金水马渡,20,鹈形目,鹮科,白琵鹭,Ⅱ
Platalea leucorodia,113.8047981,34.87800986,2025/11/30,金水马渡,2,鹈形目,鹮科,白琵鹭,Ⅱ
Platalea leucorodia,113.8047981,34.87800986,2025/12/3,金水马渡,10,鹈形目,鹮科,白琵鹭,Ⅱ
Podiceps cristatus ,113.8047981,34.87800986,2025/12/5,金水马渡,1,䴙䴘目,䴙䴘科,凤头,
Podiceps ruficollis,113.8047981,34.87800986,2025/12/5,金水马渡,1,䴙䴘目,䴙䴘科,小,
Pycnonotus sinensis ,113.8047981,34.87800986,2025/11/25,金水马渡,2,雀形目,鹎科,白头鹎,
Pycnonotus sinensis ,113.8047981,34.87800986,2025/11/29,金水马渡,10,雀形目,鹎科,白头鹎,
Pycnonotus sinensis ,113.8047981,34.87800986,2025/12/3,金水马渡,20,雀形目,鹎科,白头鹎,
Pycnonotus sinensis ,113.8047981,34.87800986,2025/12/5,金水马渡,1,雀形目,鹎科,白头鹎,
Recurvirostra avosetta,113.8047981,34.87800986,2025/11/30,金水马渡,2,鸻形目,反嘴鹬科,反嘴鹬,
Streptopelia chinensis,113.8047981,34.87800986,2025/11/25,金水马渡,10,鸽形目,鸠鸽科,珠颈斑鸠,
Streptopelia chinensis,113.8047981,34.87800986,2025/12/5,金水马渡,10,鸽形目,鸠鸽科,珠颈斑鸠,
Streptopelia chinensis,113.8047981,34.87800986,2025/12/7,金水马渡,13,鸽形目,鸠鸽科,珠颈斑鸠,
Streptopelia chinensis,113.8047981,34.87800986,2025/12/8,金水马渡,30,鸽形目,鸠鸽科,珠颈斑鸠,
Streptopelia orientalis ,113.8047981,34.87800986,2025/11/8,金水马渡,1,鸽形目,鸠鸽科,山斑鸠,
Streptopelia orientalis ,113.8047981,34.87800986,2025/11/30,金水马渡,1,鸽形目,鸠鸽科,山斑鸠,
Streptopelia orientalis ,113.8047981,34.87800986,2025/12/5,金水马渡,1,鸽形目,鸠鸽科,山斑鸠,
Streptopelia orientalis ,113.8047981,34.87800986,2025/12/7,金水马渡,10,鸽形目,鸠鸽科,山斑鸠,
Streptopelia orientalis ,113.8047981,34.87800986,2025/12/8,金水马渡,10,鸽形目,鸠鸽科,山斑鸠,
Sturnus cineraceus,113.8047981,34.87800986,2025/11/29,金水马渡,10,雀形目,椋鸟科,灰椋鸟,
Sturnus cineraceus,113.8047981,34.87800986,2025/12/5,金水马渡,1,雀形目,椋鸟科,灰椋鸟,
Sturnus cineraceus,113.8047981,34.87800986,2025/12/8,金水马渡,10,雀形目,椋鸟科,灰椋鸟,
Tadorna ferruginea,113.8047981,34.87800986,2025/11/8,金水马渡,6,雁形目,鸭科,赤麻鸭,
Tadorna ferruginea,113.8047981,34.87800986,2025/11/25,金水马渡,200,雁形目,鸭科,赤麻鸭,
Tadorna ferruginea,113.8047981,34.87800986,2025/11/29,金水马渡,100,雁形目,鸭科,赤麻鸭,
Tadorna ferruginea,113.8047981,34.87800986,2025/11/30,金水马渡,100,雁形目,鸭科,赤麻鸭,
Tadorna ferruginea,113.8047981,34.87800986,2025/12/3,金水马渡,200,雁形目,鸭科,赤麻鸭,
Tadorna ferruginea,113.8047981,34.87800986,2025/12/5,金水马渡,100,雁形目,鸭科,赤麻鸭,
Tadorna ferruginea,113.8047981,34.87800986,2025/12/8,金水马渡,100,雁形目,鸭科,赤麻鸭,
Tadorna tadorna,113.8047981,34.87800986,2025/12/6,金水马渡,3,雁形目,鸭科,翘鼻麻鸭,
Tringa ochropus,113.8047981,34.87800986,2025/11/29,金水马渡,16,鸻形目,鹬科,白腰草鹬,
Troglodytes troglodytes ,113.8047981,34.87800986,2025/11/25,金水马渡,1,雀形目,鹪鹩科,鹪鹩,
Turdus atrogularis,113.8047981,34.87800986,2025/12/3,金水马渡,1,雀形目,鸫科,黑喉鸫,
Turdus eunomus,113.8047981,34.87800986,2025/11/29,金水马渡,4,雀形目,鸫科,斑鸫,
Turdus eunomus,113.8047981,34.87800986,2025/12/3,金水马渡,2,雀形目,鸫科,斑鸫,
Turdus eunomus,113.8047981,34.87800986,2025/12/8,金水马渡,1,雀形目,鸫科,斑鸫,
Turdus merula ,113.8047981,34.87800986,2025/11/29,金水马渡,4,雀形目,鸫科,乌鸫,
Turdus merula ,113.8047981,34.87800986,2025/12/3,金水马渡,10,雀形目,鸫科,乌鸫,
Turdus merula ,113.8047981,34.87800986,2025/12/7,金水马渡,10,雀形目,鸫科,乌鸫,
Turdus merula ,113.8047981,34.87800986,2025/12/8,金水马渡,20,雀形目,鸫科,乌鸫,
Turdus naumanni,113.8047981,34.87800986,2025/11/29,金水马渡,14,雀形目,鸫科,红尾斑鸫,
Turdus naumanni,113.8047981,34.87800986,2025/12/3,金水马渡,1,雀形目,鸫科,红尾斑鸫,
Turdus naumanni,113.8047981,34.87800986,2025/12/6,金水马渡,1,雀形目,鸫科,红尾斑鸫,
Turdus naumanni,113.8047981,34.87800986,2025/12/7,金水马渡,2,雀形目,鸫科,红尾斑鸫,
Turdus naumanni,113.8047981,34.87800986,2025/12/8,金水马渡,10,雀形目,鸫科,红尾斑鸫,
Turdus ruficollis,113.8047981,34.87800986,2025/12/3,金水马渡,1,雀形目,鸫科,赤颈鸫,
Upupa epops ,113.8047981,34.87800986,2025/11/25,金水马渡,1,犀鸟目,戴胜科,戴胜,
Upupa epops ,113.8047981,34.87800986,2025/12/8,金水马渡,7,犀鸟目,戴胜科,戴胜,
Vanellus vanellus,113.8047981,34.87800986,2025/11/8,金水马渡,200,鸻形目,鸻科,凤头麦鸡,
Aegithalos caudatus ,113.8047981,34.87800986,2025/2/20,马渡,4,雀形目,长尾山雀科,银喉长尾山雀,
Anas acuta,113.8047981,34.87800986,2025/2/21,马渡,5,雁形目,鸭科,针尾鸭,
Anas acuta,113.8047981,34.87800986,2025/2/23,马渡,15,雁形目,鸭科,针尾鸭,
Anas acuta,113.8047981,34.87800986,2025/3/1,马渡,5,雁形目,鸭科,针尾鸭,
Anas clypeata,113.8047981,34.87800986,2025/3/6,马渡,6,雁形目,鸭科,琵嘴鸭,
Anas clypeata,113.8047981,34.87800986,2025/3/29,马渡,5,雁形目,鸭科,琵嘴鸭,
Anas crecca ,113.8047981,34.87800986,2025/3/1,马渡,20,雁形目,鸭科,绿翅鸭,
Anas falcata,113.8047981,34.87800986,2025/1/3,马渡,5,雁形目,鸭科,罗纹鸭,
Anas falcata,113.8047981,34.87800986,2025/2/23,马渡,30,雁形目,鸭科,罗纹鸭,
Anas falcata,113.8047981,34.87800986,2025/3/1,马渡,50,雁形目,鸭科,罗纹鸭,
Anas falcata,113.8047981,34.87800986,2025/3/6,马渡,10,雁形目,鸭科,罗纹鸭,
Anas falcata,113.8047981,34.87800986,2025/3/29,马渡,15,雁形目,鸭科,罗纹鸭,
Anas platyrhynchos,113.8047981,34.87800986,2025/2/23,马渡,50,雁形目,鸭科,绿头鸭,
Anas platyrhynchos,113.8047981,34.87800986,2025/2/25,马渡,20,雁形目,鸭科,绿头鸭,
Anas platyrhynchos,113.8047981,34.87800986,2025/3/1,马渡,50,雁形目,鸭科,绿头鸭,
Anas platyrhynchos,113.8047981,34.87800986,2025/3/6,马渡,20,雁形目,鸭科,绿头鸭,
Anas platyrhynchos,113.8047981,34.87800986,2025/3/29,马渡,20,雁形目,鸭科,绿头鸭,
Anas poecilorhyncha ,113.8047981,34.87800986,2025/2/20,马渡,2,雁形目,鸭科,斑嘴鸭,
Anas poecilorhyncha ,113.8047981,34.87800986,2025/2/21,马渡,1,雁形目,鸭科,斑嘴鸭,
Anas poecilorhyncha ,113.8047981,34.87800986,2025/2/23,马渡,30,雁形目,鸭科,斑嘴鸭,
Anas poecilorhyncha ,113.8047981,34.87800986,2025/2/25,马渡,20,雁形目,鸭科,斑嘴鸭,
Anas poecilorhyncha ,113.8047981,34.87800986,2025/3/1,马渡,10,雁形目,鸭科,斑嘴鸭,
Anas poecilorhyncha ,113.8047981,34.87800986,2025/3/6,马渡,20,雁形目,鸭科,斑嘴鸭,
Anas poecilorhyncha ,113.8047981,34.87800986,2025/3/29,马渡,10,雁形目,鸭科,斑嘴鸭,
Anas poecilorhyncha ,113.8047981,34.87800986,2025/8/29,马渡,7,雁形目,鸭科,斑嘴鸭,
Anas querquedula,113.8047981,34.87800986,2025/8/29,马渡,1,雁形目,鸭科,白眉鸭,
Anas strepera ,113.8047981,34.87800986,2025/1/3,马渡,5,雁形目,鸭科,赤膀鸭,
Anas strepera ,113.8047981,34.87800986,2025/2/23,马渡,30,雁形目,鸭科,赤膀鸭,
Anas strepera ,113.8047981,34.87800986,2025/3/1,马渡,20,雁形目,鸭科,赤膀鸭,
Anser serrirostris,113.8047981,34.87800986,2025/3/1,马渡,20,雁形目,鸭科,短嘴豆雁,
Anser serrirostris,113.8047981,34.87800986,2025/3/6,马渡,10,雁形目,鸭科,短嘴豆雁,
Anthus spinoletta ,113.8047981,34.87800986,2025/2/23,马渡,1,雀形目,鹡鸰科,水鹨,
Ardea alba ,113.8047981,34.87800986,2025/1/3,马渡,5,鹈形目,鹭科,大白鹭,
Ardea alba ,113.8047981,34.87800986,2025/2/23,马渡,3,鹈形目,鹭科,大白鹭,
Ardea alba ,113.8047981,34.87800986,2025/2/25,马渡,20,鹈形目,鹭科,大白鹭,
Ardea alba ,113.8047981,34.87800986,2025/3/1,马渡,1,鹈形目,鹭科,大白鹭,
Ardea cinerea ,113.8047981,34.87800986,2025/1/3,马渡,30,鹈形目,鹭科,苍鹭,
Ardea cinerea ,113.8047981,34.87800986,2025/2/20,马渡,10,鹈形目,鹭科,苍鹭,
Ardea cinerea ,113.8047981,34.87800986,2025/2/21,马渡,1,鹈形目,鹭科,苍鹭,
Ardea cinerea ,113.8047981,34.87800986,2025/2/23,马渡,80,鹈形目,鹭科,苍鹭,
Ardea cinerea ,113.8047981,34.87800986,2025/2/25,马渡,25,鹈形目,鹭科,苍鹭,
Ardea cinerea ,113.8047981,34.87800986,2025/2/28,马渡,100,鹈形目,鹭科,苍鹭,
Ardea cinerea ,113.8047981,34.87800986,2025/3/1,马渡,50,鹈形目,鹭科,苍鹭,
Ardea cinerea ,113.8047981,34.87800986,2025/3/6,马渡,50,鹈形目,鹭科,苍鹭,
Ardea cinerea ,113.8047981,34.87800986,2025/4/6,马渡,20,鹈形目,鹭科,苍鹭,
Ardea cinerea ,113.8047981,34.87800986,2025/5/3,马渡,5,鹈形目,鹭科,苍鹭,
Ardea cinerea ,113.8047981,34.87800986,2025/8/29,马渡,30,鹈形目,鹭科,苍鹭,
Carduelis sinica ,113.8047981,34.87800986,2025/3/29,马渡,5,雀形目,燕雀科,金翅雀,
Carduelis sinica ,113.8047981,34.87800986,2025/5/3,马渡,20,雀形目,燕雀科,金翅雀,
Carduelis sinica ,113.8047981,34.87800986,2025/8/29,马渡,200,雀形目,燕雀科,金翅雀,
Charadrius alexandrinus ,113.8047981,34.87800986,2025/2/23,马渡,3,鸻形目,鸻科,环颈鸻,
Charadrius placidus,113.8047981,34.87800986,2025/2/20,马渡,4,鸻形目,鸻科,长嘴剑鸻,
Charadrius placidus,113.8047981,34.87800986,2025/8/29,马渡,1,鸻形目,鸻科,长嘴剑鸻,
Ciconia boyciana,113.8047981,34.87800986,2025/1/3,马渡,1,鹳形目,鹳科,东方白鹳,Ⅰ
Ciconia nigra ,113.8047981,34.87800986,2025/2/23,马渡,1,鹳形目,鹳科,黑鹳,Ⅰ
Circus  cyaneus  ,113.8047981,34.87800986,2025/2/23,马渡,1,鹰形目,鹰科,白尾鹞,Ⅱ
Corvus corone ,113.8047981,34.87800986,2025/1/3,马渡,10,雀形目,鸦科,小嘴乌鸦,
Corvus corone ,113.8047981,34.87800986,2025/2/23,马渡,20,雀形目,鸦科,小嘴乌鸦,
Corvus dauuricus,113.8047981,34.87800986,2025/1/3,马渡,1,雀形目,鸦科,达乌里寒鸦,
Cyanopica cyanus ,113.8047981,34.87800986,2025/2/23,马渡,30,雀形目,鸦科,灰喜鹊,
Cyanopica cyanus ,113.8047981,34.87800986,2025/3/29,马渡,10,雀形目,鸦科,灰喜鹊,
Cyanopica cyanus ,113.8047981,34.87800986,2025/5/3,马渡,10,雀形目,鸦科,灰喜鹊,
Cygnus columbianus,113.8047981,34.87800986,2025/2/25,马渡,20,雁形目,鸭科,小天鹅,Ⅱ
Cygnus columbianus,113.8047981,34.87800986,2025/2/28,马渡,120,雁形目,鸭科,小天鹅,Ⅱ
Cygnus columbianus,113.8047981,34.87800986,2025/3/1,马渡,100,雁形目,鸭科,小天鹅,Ⅱ
Cygnus columbianus,113.8047981,34.87800986,2025/3/6,马渡,20,雁形目,鸭科,小天鹅,Ⅱ
Cygnus cygnus,113.8047981,34.87800986,2025/2/23,马渡,80,雁形目,鸭科,大天鹅,Ⅱ
Cygnus cygnus,113.8047981,34.87800986,2025/3/6,马渡,5,雁形目,鸭科,大天鹅,Ⅱ
Egretta garzetta ,113.8047981,34.87800986,2025/5/3,马渡,2,鹈形目,鹭科,白鹭,
Egretta garzetta ,113.8047981,34.87800986,2025/8/29,马渡,30,鹈形目,鹭科,白鹭,
Emberiza pusilla,113.8047981,34.87800986,2025/3/29,马渡,10,雀形目,鹀科,小鹀,
Emberiza rustica ,113.8047981,34.87800986,2025/2/20,马渡,2,雀形目,鹀科,田鹀,
Eophona migratoria ,113.8047981,34.87800986,2025/3/29,马渡,15,雀形目,燕雀科,黑尾蜡嘴雀,
Eophona migratoria ,113.8047981,34.87800986,2025/5/3,马渡,4,雀形目,燕雀科,黑尾蜡嘴雀,
Falco amurensis,113.8047981,34.87800986,2025/8/29,马渡,2,隼形目,  隼科,红脚隼,Ⅱ
Falco peregrinus ,113.8047981,34.87800986,2025/3/1,马渡,1,隼形目,  隼科,游隼,Ⅱ
Falco subbuteo,113.8047981,34.87800986,2025/8/29,马渡,2,隼形目,  隼科,燕隼,Ⅱ
Fulica atra ,113.8047981,34.87800986,2025/2/23,马渡,5,鹤形目, 秧鸡科,骨顶鸡,
Gallinula chloropus ,113.8047981,34.87800986,2025/2/23,马渡,1,鹤形目, 秧鸡科,黑水鸡,
Gallinula chloropus ,113.8047981,34.87800986,2025/8/29,马渡,2,鹤形目, 秧鸡科,黑水鸡,
Grus vipio,113.8047981,34.87800986,2025/2/20,马渡,4,鹤形目,鹤科,白枕鹤,Ⅰ
Grus vipio,113.8047981,34.87800986,2025/2/21,马渡,4,鹤形目,鹤科,白枕鹤,Ⅰ
Grus vipio,113.8047981,34.87800986,2025/2/23,马渡,4,鹤形目,鹤科,白枕鹤,Ⅰ
Hirundo rustica ,113.8047981,34.87800986,2025/5/3,马渡,80,雀形目, 燕科,家燕,
Larus ridibundus,113.8047981,34.87800986,2025/3/29,马渡,1,鸻形目,  鸥科,红嘴鸥,
Larus vegae,113.8047981,34.87800986,2025/1/3,马渡,10,鸻形目,  鸥科,西伯利亚银鸥,
Larus vegae,113.8047981,34.87800986,2025/2/20,马渡,5,鸻形目,  鸥科,西伯利亚银鸥,
Larus vegae,113.8047981,34.87800986,2025/2/21,马渡,1,鸻形目,  鸥科,西伯利亚银鸥,
Larus vegae,113.8047981,34.87800986,2025/2/23,马渡,20,鸻形目,  鸥科,西伯利亚银鸥,
Larus vegae,113.8047981,34.87800986,2025/2/25,马渡,20,鸻形目,  鸥科,西伯利亚银鸥,
Larus vegae,113.8047981,34.87800986,2025/3/1,马渡,5,鸻形目,  鸥科,西伯利亚银鸥,
Larus vegae,113.8047981,34.87800986,2025/3/6,马渡,5,鸻形目,  鸥科,西伯利亚银鸥,
Larus vegae,113.8047981,34.87800986,2025/3/29,马渡,1,鸻形目,  鸥科,西伯利亚银鸥,
Larus vegae,113.8047981,34.87800986,2025/4/6,马渡,3,鸻形目,  鸥科,西伯利亚银鸥,
Mergus merganser ,113.8047981,34.87800986,2025/1/3,马渡,6,雁形目,鸭科,普通秋沙鸭,
Mergus merganser ,113.8047981,34.87800986,2025/2/23,马渡,10,雁形目,鸭科,普通秋沙鸭,
Mergus merganser ,113.8047981,34.87800986,2025/2/25,马渡,2,雁形目,鸭科,普通秋沙鸭,
Motacilla alba ,113.8047981,34.87800986,2025/2/23,马渡,10,雀形目,鹡鸰科,白鹡鸰,
Motacilla alba ,113.8047981,34.87800986,2025/3/29,马渡,5,雀形目,鹡鸰科,白鹡鸰,
Numenius arquata ,113.8047981,34.87800986,2025/2/23,马渡,2,鸻形目,鹬科,白腰杓鹬,Ⅱ
Nycticorax  nycticorax  ,113.8047981,34.87800986,2025/5/3,马渡,2,鹈形目,鹭科,夜鹭,
Pardaliparus venustulus,113.8047981,34.87800986,2025/3/29,马渡,10,雀形目,山雀科,黄腹山雀,
Parus major ,113.8047981,34.87800986,2025/3/29,马渡,5,雀形目,山雀科,大山雀（远东山雀）,
Passer montanus ,113.8047981,34.87800986,2025/2/20,马渡,3,雀形目,雀科,麻雀,
Passer montanus ,113.8047981,34.87800986,2025/2/23,马渡,50,雀形目,雀科,麻雀,
Passer montanus ,113.8047981,34.87800986,2025/5/3,马渡,30,雀形目,雀科,麻雀,
Passer montanus ,113.8047981,34.87800986,2025/8/29,马渡,100,雀形目,雀科,麻雀,
"Phalacrocorax carbo 
",113.8047981,34.87800986,2025/1/3,马渡,50,鲣鸟目,鸬鹚科,普通鸬鹚,
"Phalacrocorax carbo 
",113.8047981,34.87800986,2025/2/21,马渡,10,鲣鸟目,鸬鹚科,普通鸬鹚,
"Phalacrocorax carbo 
",113.8047981,34.87800986,2025/2/23,马渡,100,鲣鸟目,鸬鹚科,普通鸬鹚,
"Phalacrocorax carbo 
",113.8047981,34.87800986,2025/2/25,马渡,50,鲣鸟目,鸬鹚科,普通鸬鹚,
"Phalacrocorax carbo 
",113.8047981,34.87800986,2025/2/28,马渡,120,鲣鸟目,鸬鹚科,普通鸬鹚,
"Phalacrocorax carbo 
",113.8047981,34.87800986,2025/3/1,马渡,50,鲣鸟目,鸬鹚科,普通鸬鹚,
"Phalacrocorax carbo 
",113.8047981,34.87800986,2025/3/6,马渡,50,鲣鸟目,鸬鹚科,普通鸬鹚,
"Phalacrocorax carbo 
",113.8047981,34.87800986,2025/3/29,马渡,50,鲣鸟目,鸬鹚科,普通鸬鹚,
"Phalacrocorax carbo 
",113.8047981,34.87800986,2025/4/6,马渡,15,鲣鸟目,鸬鹚科,普通鸬鹚,
"Phalacrocorax carbo 
",113.8047981,34.87800986,2025/5/3,马渡,10,鲣鸟目,鸬鹚科,普通鸬鹚,
Phasianus colchicus ,113.8047981,34.87800986,2025/4/7,马渡,2,鸡形目,雉科,环颈雉,
Pica pica ,113.8047981,34.87800986,2025/2/20,马渡,5,雀形目,鸦科,喜鹊,
Pica pica ,113.8047981,34.87800986,2025/2/21,马渡,20,雀形目,鸦科,喜鹊,
Pica pica ,113.8047981,34.87800986,2025/2/23,马渡,30,雀形目,鸦科,喜鹊,
Pica pica ,113.8047981,34.87800986,2025/5/3,马渡,10,雀形目,鸦科,喜鹊,
Picus canus ,113.8047981,34.87800986,2025/3/29,马渡,1,啄木鸟目,啄木鸟科,灰头绿啄木鸟,
Platalea leucorodia,113.8047981,34.87800986,2025/2/20,马渡,2,鹈形目,鹮科,白琵鹭,Ⅱ
Platalea leucorodia,113.8047981,34.87800986,2025/2/23,马渡,5,鹈形目,鹮科,白琵鹭,Ⅱ
Platalea leucorodia,113.8047981,34.87800986,2025/2/28,马渡,40,鹈形目,鹮科,白琵鹭,Ⅱ
Platalea leucorodia,113.8047981,34.87800986,2025/3/1,马渡,20,鹈形目,鹮科,白琵鹭,Ⅱ
Platalea leucorodia,113.8047981,34.87800986,2025/3/29,马渡,30,鹈形目,鹮科,白琵鹭,Ⅱ
Platalea leucorodia,113.8047981,34.87800986,2025/4/6,马渡,19,鹈形目,鹮科,白琵鹭,Ⅱ
Podiceps cristatus ,113.8047981,34.87800986,2025/3/1,马渡,2,䴙䴘目,䴙䴘科,凤头,
Podiceps ruficollis,113.8047981,34.87800986,2025/2/23,马渡,2,䴙䴘目,䴙䴘科,小,
Podiceps ruficollis,113.8047981,34.87800986,2025/5/3,马渡,7,䴙䴘目,䴙䴘科,小,
Pycnonotus sinensis ,113.8047981,34.87800986,2025/5/3,马渡,8,雀形目,鹎科,白头鹎,
Scolopax rusticola,113.8047981,34.87800986,2025/4/7,马渡,1,鸻形目,鹬科,丘鹬,
Sterna hirundo,113.8047981,34.87800986,2025/5/3,马渡,8,鸻形目,  鸥科,普通燕鸥,
Sterna hirundo,113.8047981,34.87800986,2025/8/29,马渡,2,鸻形目,  鸥科,普通燕鸥,
Streptopelia chinensis,113.8047981,34.87800986,2025/3/29,马渡,10,鸽形目,鸠鸽科,珠颈斑鸠,
Streptopelia chinensis,113.8047981,34.87800986,2025/5/3,马渡,10,鸽形目,鸠鸽科,珠颈斑鸠,
Streptopelia orientalis ,113.8047981,34.87800986,2025/1/3,马渡,1,鸽形目,鸠鸽科,山斑鸠,
Streptopelia orientalis ,113.8047981,34.87800986,2025/3/29,马渡,25,鸽形目,鸠鸽科,山斑鸠,
Sturnus cineraceus,113.8047981,34.87800986,2025/3/29,马渡,10,雀形目,椋鸟科,灰椋鸟,
Tadorna ferruginea,113.8047981,34.87800986,2025/2/23,马渡,5,雁形目,鸭科,赤麻鸭,
Tadorna ferruginea,113.8047981,34.87800986,2025/2/25,马渡,2,雁形目,鸭科,赤麻鸭,
Tadorna ferruginea,113.8047981,34.87800986,2025/3/1,马渡,5,雁形目,鸭科,赤麻鸭,
Tadorna ferruginea,113.8047981,34.87800986,2025/3/29,马渡,2,雁形目,鸭科,赤麻鸭,
Turdus eunomus,113.8047981,34.87800986,2025/2/23,马渡,1,雀形目,鸫科,斑鸫,
Turdus eunomus,113.8047981,34.87800986,2025/3/29,马渡,1,雀形目,鸫科,斑鸫,
Turdus merula ,113.8047981,34.87800986,2025/3/29,马渡,10,雀形目,鸫科,乌鸫,
Vanellus vanellus,113.8047981,34.87800986,2025/2/25,马渡,8,鸻形目,鸻科,凤头麦鸡,
Acridotheres cristatellus ,113.8321352,34.87797465,2025/7/11,金水,3,雀形目,椋鸟科,八哥,
Ardea cinerea ,113.8321352,34.87797465,2025/5/1,金水,10,鹈形目,鹭科,苍鹭,
Copsychus saularis,113.8321352,34.87797465,2025/7/11,金水,2,雀形目,鹟科,鹊鸲,
Cyanopica cyanus ,113.8321352,34.87797465,2025/7/11,金水,10,雀形目,鸦科,灰喜鹊,
Egretta garzetta ,113.8321352,34.87797465,2025/5/1,金水,10,鹈形目,鹭科,白鹭,
Egretta garzetta ,113.8321352,34.87797465,2025/7/11,金水,4,鹈形目,鹭科,白鹭,
Hirundo rustica ,113.8321352,34.87797465,2025/7/11,金水,20,雀形目, 燕科,家燕,
Lanius cristatus ,113.8321352,34.87797465,2025/7/11,金水,1,雀形目,伯劳科,红尾伯劳,
Motacilla alba ,113.8321352,34.87797465,2025/5/1,金水,3,雀形目,鹡鸰科,白鹡鸰,
Nycticorax  nycticorax  ,113.8321352,34.87797465,2025/5/1,金水,5,鹈形目,鹭科,夜鹭,
Nycticorax  nycticorax  ,113.8321352,34.87797465,2025/7/11,金水,2,鹈形目,鹭科,夜鹭,
Passer montanus ,113.8321352,34.87797465,2025/7/11,金水,30,雀形目,雀科,麻雀,
Pica pica ,113.8321352,34.87797465,2025/7/11,金水,10,雀形目,鸦科,喜鹊,
Pycnonotus sinensis ,113.8321352,34.87797465,2025/7/11,金水,10,雀形目,鹎科,白头鹎,
Sterna hirundo,113.8321352,34.87797465,2025/7/11,金水,10,鸻形目,  鸥科,普通燕鸥,
Streptopelia chinensis,113.8321352,34.87797465,2025/7/11,金水,10,鸽形目,鸠鸽科,珠颈斑鸠,
Streptopelia orientalis ,113.8321352,34.87797465,2025/7/11,金水,10,鸽形目,鸠鸽科,山斑鸠,
Sturnus cineraceus,113.8321352,34.87797465,2025/7/11,金水,5,雀形目,椋鸟科,灰椋鸟,
Sturnus sericeus,113.8321352,34.87797465,2025/7/11,金水,2,雀形目,椋鸟科,丝光椋鸟,
Turdus merula ,113.8321352,34.87797465,2025/7/11,金水,2,雀形目,鸫科,乌鸫,
Accipiter gentilis,113.8345385,34.87818589,2025/10/23,马渡湿地,1,鹰形目,鹰科,苍鹰,Ⅱ
Accipiter nisus,113.8345385,34.87818589,2025/10/23,马渡湿地,1,鹰形目,鹰科,雀鹰,Ⅱ
Actitis hypoleucos,113.8345385,34.87818589,2025/10/23,马渡湿地,1,鸻形目,鹬科,矶鹬,
Aegithalos caudatus ,113.8345385,34.87818589,2025/10/25,马渡湿地,15,雀形目,长尾山雀科,银喉长尾山雀,
Alauda arvensis ,113.8345385,34.87818589,2025/10/23,马渡湿地,1,雀形目,百灵科,云雀,Ⅱ
Anas crecca ,113.8345385,34.87818589,2025/10/23,马渡湿地,200,雁形目,鸭科,绿翅鸭,
Anas falcata,113.8345385,34.87818589,2025/10/23,马渡湿地,50,雁形目,鸭科,罗纹鸭,
Anas platyrhynchos,113.8345385,34.87818589,2025/10/23,马渡湿地,20,雁形目,鸭科,绿头鸭,
Anas platyrhynchos,113.8345385,34.87818589,2025/10/25,马渡湿地,2,雁形目,鸭科,绿头鸭,
Anas poecilorhyncha ,113.8345385,34.87818589,2025/10/23,马渡湿地,50,雁形目,鸭科,斑嘴鸭,
Anas strepera ,113.8345385,34.87818589,2025/10/23,马渡湿地,1,雁形目,鸭科,赤膀鸭,
Anas strepera ,113.8345385,34.87818589,2025/10/25,马渡湿地,50,雁形目,鸭科,赤膀鸭,
Anser serrirostris,113.8345385,34.87818589,2025/10/23,马渡湿地,10,雁形目,鸭科,短嘴豆雁,
Anser serrirostris,113.8345385,34.87818589,2025/10/25,马渡湿地,50,雁形目,鸭科,短嘴豆雁,
Anthus hodgsoni ,113.8345385,34.87818589,2025/10/25,马渡湿地,10,雀形目,鹡鸰科,树鹨,
Ardea alba ,113.8345385,34.87818589,2025/10/23,马渡湿地,1,鹈形目,鹭科,大白鹭,
Ardea cinerea ,113.8345385,34.87818589,2025/10/23,马渡湿地,1,鹈形目,鹭科,苍鹭,
Ardea cinerea ,113.8345385,34.87818589,2025/10/25,马渡湿地,10,鹈形目,鹭科,苍鹭,
Buteo buteo ,113.8345385,34.87818589,2025/10/23,马渡湿地,1,鹰形目,鹰科,普通鵟,Ⅱ
Circus  cyaneus  ,113.8345385,34.87818589,2025/10/23,马渡湿地,1,鹰形目,鹰科,白尾鹞,Ⅱ
Circus melanoleucos,113.8345385,34.87818589,2025/10/23,马渡湿地,1,鹰形目,鹰科,鹊鹞,Ⅱ
Circus spilonotus,113.8345385,34.87818589,2025/10/23,马渡湿地,1,鹰形目,鹰科,白腹鹞,Ⅱ
Cisticola juncidis ,113.8345385,34.87818589,2025/10/25,马渡湿地,2,雀形目,扇尾莺科,棕扇尾莺,
Corvus corone ,113.8345385,34.87818589,2025/10/23,马渡湿地,1,雀形目,鸦科,小嘴乌鸦,
Egretta garzetta ,113.8345385,34.87818589,2025/10/23,马渡湿地,1,鹈形目,鹭科,白鹭,
Elanus caeruleus,113.8345385,34.87818589,2025/10/23,马渡湿地,1,鹰形目,鹰科,黑翅鸢,Ⅱ
Elanus caeruleus,113.8345385,34.87818589,2025/10/25,马渡湿地,2,鹰形目,鹰科,黑翅鸢,Ⅱ
Emberiza pusilla,113.8345385,34.87818589,2025/10/23,马渡湿地,1,雀形目,鹀科,小鹀,
Emberiza pusilla,113.8345385,34.87818589,2025/10/25,马渡湿地,30,雀形目,鹀科,小鹀,
Emberiza spodocephala ,113.8345385,34.87818589,2025/10/23,马渡湿地,1,雀形目,鹀科,灰头鹀,
Emberiza spodocephala ,113.8345385,34.87818589,2025/10/25,马渡湿地,20,雀形目,鹀科,灰头鹀,
Eophona migratoria ,113.8345385,34.87818589,2025/10/25,马渡湿地,15,雀形目,燕雀科,黑尾蜡嘴雀,
Falco peregrinus ,113.8345385,34.87818589,2025/10/25,马渡湿地,1,隼形目,  隼科,游隼,Ⅱ
Falco tinnunculus ,113.8345385,34.87818589,2025/10/23,马渡湿地,1,隼形目,  隼科,红隼,Ⅱ
Lanius schach ,113.8345385,34.87818589,2025/10/23,马渡湿地,1,雀形目,伯劳科,棕背伯劳,
Lanius schach ,113.8345385,34.87818589,2025/10/25,马渡湿地,1,雀形目,伯劳科,棕背伯劳,
Lanius sphenocercus ,113.8345385,34.87818589,2025/10/23,马渡湿地,1,雀形目,伯劳科,楔尾伯劳,
Larus vegae,113.8345385,34.87818589,2025/10/23,马渡湿地,1,鸻形目,  鸥科,西伯利亚银鸥,
Larus vegae,113.8345385,34.87818589,2025/10/25,马渡湿地,1,鸻形目,  鸥科,西伯利亚银鸥,
Megaceryle lugubris,113.8345385,34.87818589,2025/10/23,马渡湿地,1,佛法僧目,翠鸟科,冠鱼狗,
Motacilla alba ,113.8345385,34.87818589,2025/10/23,马渡湿地,1,雀形目,鹡鸰科,白鹡鸰,
Parus major ,113.8345385,34.87818589,2025/10/23,马渡湿地,1,雀形目,山雀科,大山雀（远东山雀）,
Parus major ,113.8345385,34.87818589,2025/10/25,马渡湿地,15,雀形目,山雀科,大山雀（远东山雀）,
Passer montanus ,113.8345385,34.87818589,2025/10/23,马渡湿地,1,雀形目,雀科,麻雀,
Passer montanus ,113.8345385,34.87818589,2025/10/25,马渡湿地,150,雀形目,雀科,麻雀,
"Phalacrocorax carbo 
",113.8345385,34.87818589,2025/10/23,马渡湿地,1,鲣鸟目,鸬鹚科,普通鸬鹚,
"Phalacrocorax carbo 
",113.8345385,34.87818589,2025/10/25,马渡湿地,1,鲣鸟目,鸬鹚科,普通鸬鹚,
Phasianus colchicus ,113.8345385,34.87818589,2025/10/25,马渡湿地,20,鸡形目,雉科,环颈雉,
Phoenicurus auroreus ,113.8345385,34.87818589,2025/10/23,马渡湿地,1,雀形目,鹟科,北红尾鸲,
Phoenicurus auroreus ,113.8345385,34.87818589,2025/10/25,马渡湿地,5,雀形目,鹟科,北红尾鸲,
Phylloscopus proregulus,113.8345385,34.87818589,2025/10/23,马渡湿地,1,雀形目,柳莺科,黄腰柳莺,
Phylloscopus proregulus,113.8345385,34.87818589,2025/10/25,马渡湿地,20,雀形目,柳莺科,黄腰柳莺,
Pica pica ,113.8345385,34.87818589,2025/10/25,马渡湿地,10,雀形目,鸦科,喜鹊,
Picus canus ,113.8345385,34.87818589,2025/10/23,马渡湿地,1,啄木鸟目,啄木鸟科,灰头绿啄木鸟,
Picus canus ,113.8345385,34.87818589,2025/10/25,马渡湿地,1,啄木鸟目,啄木鸟科,灰头绿啄木鸟,
Platalea leucorodia,113.8345385,34.87818589,2025/10/23,马渡湿地,10,鹈形目,鹮科,白琵鹭,Ⅱ
Prinia inornata,113.8345385,34.87818589,2025/10/25,马渡湿地,5,雀形目,扇尾莺科,纯色山鹪莺,
Pycnonotus sinensis ,113.8345385,34.87818589,2025/10/25,马渡湿地,100,雀形目,鹎科,白头鹎,
Streptopelia chinensis,113.8345385,34.87818589,2025/10/25,马渡湿地,15,鸽形目,鸠鸽科,珠颈斑鸠,
Streptopelia orientalis ,113.8345385,34.87818589,2025/10/25,马渡湿地,30,鸽形目,鸠鸽科,山斑鸠,
Tadorna ferruginea,113.8345385,34.87818589,2025/10/25,马渡湿地,4,雁形目,鸭科,赤麻鸭,
Tarsiger cyanurus ,113.8345385,34.87818589,2025/10/23,马渡湿地,1,雀形目,鹟科,红胁蓝尾鸲,
Tringa nebularia,113.8345385,34.87818589,2025/10/23,马渡湿地,1,鸻形目,鹬科,青脚鹬,
Turdus merula ,113.8345385,34.87818589,2025/10/25,马渡湿地,5,雀形目,鸫科,乌鸫,
Zosterops japonicus,113.8345385,34.87818589,2025/10/25,马渡湿地,30,雀形目,绣眼鸟科,暗绿绣眼鸟,
 Asio otus,113.8741493,34.88571972,2025/1/1,东区杨桥,12,鸮形目,鸱鸮科,长耳鸮,Ⅱ
 Calcarius lapponicus,113.8741493,34.88571972,2025/1/1,东区杨桥,30,雀形目,铁爪鹀科,铁爪鹀,
Acridotheres cristatellus ,113.8741493,34.88571972,2025/1/1,东区杨桥,20,雀形目,椋鸟科,八哥,
Aegithalos caudatus ,113.8741493,34.88571972,2025/1/1,东区杨桥,10,雀形目,长尾山雀科,银喉长尾山雀,
Alauda arvensis ,113.8741493,34.88571972,2025/1/1,东区杨桥,60,雀形目,百灵科,云雀,Ⅱ
Anas clypeata,113.8741493,34.88571972,2025/1/1,东区杨桥,4,雁形目,鸭科,琵嘴鸭,
Anas crecca ,113.8741493,34.88571972,2025/1/1,东区杨桥,40,雁形目,鸭科,绿翅鸭,
Anas platyrhynchos,113.8741493,34.88571972,2025/1/1,东区杨桥,60,雁形目,鸭科,绿头鸭,
Anas poecilorhyncha ,113.8741493,34.88571972,2025/1/1,东区杨桥,80,雁形目,鸭科,斑嘴鸭,
Anser serrirostris,113.8741493,34.88571972,2025/1/1,东区杨桥,300,雁形目,鸭科,短嘴豆雁,
Anthus spinoletta ,113.8741493,34.88571972,2025/1/1,东区杨桥,5,雀形目,鹡鸰科,水鹨,
Ardea alba ,113.8741493,34.88571972,2025/1/1,东区杨桥,60,鹈形目,鹭科,大白鹭,
Ardea cinerea ,113.8741493,34.88571972,2025/1/1,东区杨桥,50,鹈形目,鹭科,苍鹭,
Buteo buteo ,113.8741493,34.88571972,2025/1/1,东区杨桥,1,鹰形目,鹰科,普通鵟,Ⅱ
Buteo hemilasius,113.8741493,34.88571972,2025/1/1,东区杨桥,2,鹰形目,鹰科,大鵟,Ⅱ
Carduelis sinica ,113.8741493,34.88571972,2025/1/1,东区杨桥,20,雀形目,燕雀科,金翅雀,
Ceryle rudis ,113.8741493,34.88571972,2025/1/1,东区杨桥,3,佛法僧目,翠鸟科,斑鱼狗,
Circus  cyaneus  ,113.8741493,34.88571972,2025/1/1,东区杨桥,3,鹰形目,鹰科,白尾鹞,Ⅱ
Circus spilonotus,113.8741493,34.88571972,2025/1/1,东区杨桥,1,鹰形目,鹰科,白腹鹞,Ⅱ
Corvus corone ,113.8741493,34.88571972,2025/1/1,东区杨桥,20,雀形目,鸦科,小嘴乌鸦,
Cyanopica cyanus ,113.8741493,34.88571972,2025/1/1,东区杨桥,100,雀形目,鸦科,灰喜鹊,
Egretta garzetta ,113.8741493,34.88571972,2025/1/1,东区杨桥,50,鹈形目,鹭科,白鹭,
Elanus caeruleus,113.8741493,34.88571972,2025/1/1,东区杨桥,1,鹰形目,鹰科,黑翅鸢,Ⅱ
Emberiza pallasi ,113.8741493,34.88571972,2025/1/1,东区杨桥,35,雀形目,鹀科,苇鹀,
Emberiza yessoensis,113.8741493,34.88571972,2025/1/1,东区杨桥,2,雀形目,鹀科,红颈苇鹀,
Falco peregrinus ,113.8741493,34.88571972,2025/1/1,东区杨桥,1,隼形目,  隼科,游隼,Ⅱ
Falco tinnunculus ,113.8741493,34.88571972,2025/1/1,东区杨桥,1,隼形目,  隼科,红隼,Ⅱ
Fringilla montifringilla,113.8741493,34.88571972,2025/1/1,东区杨桥,200,雀形目,燕雀科,燕雀,
Fulica atra ,113.8741493,34.88571972,2025/1/1,东区杨桥,12,鹤形目, 秧鸡科,骨顶鸡,
Gallinula chloropus ,113.8741493,34.88571972,2025/1/1,东区杨桥,2,鹤形目, 秧鸡科,黑水鸡,
Garrulax perspicillatus,113.8741493,34.88571972,2025/1/1,东区杨桥,1,雀形目,噪鹛科,黑脸噪鹛,
Grus grus ,113.8741493,34.88571972,2025/1/1,东区杨桥,18,鹤形目,鹤科,灰鹤,Ⅱ
Lanius schach ,113.8741493,34.88571972,2025/1/1,东区杨桥,5,雀形目,伯劳科,棕背伯劳,
Lanius sphenocercus ,113.8741493,34.88571972,2025/1/1,东区杨桥,2,雀形目,伯劳科,楔尾伯劳,
Larus vegae,113.8741493,34.88571972,2025/1/1,东区杨桥,30,鸻形目,  鸥科,西伯利亚银鸥,
Mergus merganser ,113.8741493,34.88571972,2025/1/1,东区杨桥,20,雁形目,鸭科,普通秋沙鸭,
Motacilla alba ,113.8741493,34.88571972,2025/1/1,东区杨桥,10,雀形目,鹡鸰科,白鹡鸰,
Otis tarda ,113.8741493,34.88571972,2025/1/1,东区杨桥,14,鸨形目,鸨科,大鸨,Ⅰ
Paradoxornis webbianus ,113.8741493,34.88571972,2025/1/1,东区杨桥,30,雀形目,莺鹛科,棕头鸦雀,
Passer montanus ,113.8741493,34.88571972,2025/1/1,东区杨桥,200,雀形目,雀科,麻雀,
"Phalacrocorax carbo 
",113.8741493,34.88571972,2025/1/1,东区杨桥,200,鲣鸟目,鸬鹚科,普通鸬鹚,
Phasianus colchicus ,113.8741493,34.88571972,2025/1/1,东区杨桥,20,鸡形目,雉科,环颈雉,
Pica pica ,113.8741493,34.88571972,2025/1/1,东区杨桥,100,雀形目,鸦科,喜鹊,
Picus canus ,113.8741493,34.88571972,2025/1/1,东区杨桥,1,啄木鸟目,啄木鸟科,灰头绿啄木鸟,
Pycnonotus sinensis ,113.8741493,34.88571972,2025/1/1,东区杨桥,30,雀形目,鹎科,白头鹎,
Streptopelia chinensis,113.8741493,34.88571972,2025/1/1,东区杨桥,50,鸽形目,鸠鸽科,珠颈斑鸠,
Streptopelia orientalis ,113.8741493,34.88571972,2025/1/1,东区杨桥,100,鸽形目,鸠鸽科,山斑鸠,
Sturnus cineraceus,113.8741493,34.88571972,2025/1/1,东区杨桥,15,雀形目,椋鸟科,灰椋鸟,
Tadorna ferruginea,113.8741493,34.88571972,2025/1/1,东区杨桥,20,雁形目,鸭科,赤麻鸭,
Turdus eunomus,113.8741493,34.88571972,2025/1/1,东区杨桥,1,雀形目,鸫科,斑鸫,
Turdus merula ,113.8741493,34.88571972,2025/1/1,东区杨桥,3,雀形目,鸫科,乌鸫,
Turdus naumanni,113.8741493,34.88571972,2025/1/1,东区杨桥,6,雀形目,鸫科,红尾斑鸫,
Upupa epops ,113.8741493,34.88571972,2025/1/1,东区杨桥,6,犀鸟目,戴胜科,戴胜,
Acridotheres cristatellus ,113.8741493,34.88571972,2025/1/4,杨桥,1,雀形目,椋鸟科,八哥,
Alauda arvensis ,113.8741493,34.88571972,2025/3/6,杨桥,10,雀形目,百灵科,云雀,Ⅱ
Alcedo atthis ,113.8741493,34.88571972,2025/1/4,杨桥,1,佛法僧目,翠鸟科,普通翠鸟,
Anas platyrhynchos,113.8741493,34.88571972,2025/1/4,杨桥,10,雁形目,鸭科,绿头鸭,
Anas poecilorhyncha ,113.8741493,34.88571972,2025/1/4,杨桥,8,雁形目,鸭科,斑嘴鸭,
Anthus rubescens ,113.8741493,34.88571972,2025/1/4,杨桥,1,雀形目,鹡鸰科,黄腹鹨,
Anthus spinoletta ,113.8741493,34.88571972,2025/1/4,杨桥,3,雀形目,鹡鸰科,水鹨,
Ardea alba ,113.8741493,34.88571972,2025/1/4,杨桥,2,鹈形目,鹭科,大白鹭,
Ardea cinerea ,113.8741493,34.88571972,2025/1/4,杨桥,22,鹈形目,鹭科,苍鹭,
Buteo buteo ,113.8741493,34.88571972,2025/1/4,杨桥,1,鹰形目,鹰科,普通鵟,Ⅱ
Buteo hemilasius,113.8741493,34.88571972,2025/1/4,杨桥,1,鹰形目,鹰科,大鵟,Ⅱ
Circus  cyaneus  ,113.8741493,34.88571972,2025/1/4,杨桥,2,鹰形目,鹰科,白尾鹞,Ⅱ
Corvus corone ,113.8741493,34.88571972,2025/1/4,杨桥,40,雀形目,鸦科,小嘴乌鸦,
Corvus dauuricus,113.8741493,34.88571972,2025/1/4,杨桥,25,雀形目,鸦科,达乌里寒鸦,
Corvus frugilegus ,113.8741493,34.88571972,2025/1/4,杨桥,3,雀形目,鸦科,秃鼻乌鸦,
Cyanopica cyanus ,113.8741493,34.88571972,2025/1/4,杨桥,4,雀形目,鸦科,灰喜鹊,
Egretta garzetta ,113.8741493,34.88571972,2025/1/4,杨桥,3,鹈形目,鹭科,白鹭,
Elanus caeruleus,113.8741493,34.88571972,2025/1/4,杨桥,1,鹰形目,鹰科,黑翅鸢,Ⅱ
Falco tinnunculus ,113.8741493,34.88571972,2025/1/4,杨桥,1,隼形目,  隼科,红隼,Ⅱ
Fulica atra ,113.8741493,34.88571972,2025/1/4,杨桥,3,鹤形目, 秧鸡科,骨顶鸡,
Gallinula chloropus ,113.8741493,34.88571972,2025/1/4,杨桥,12,鹤形目, 秧鸡科,黑水鸡,
Lanius schach ,113.8741493,34.88571972,2025/1/4,杨桥,1,雀形目,伯劳科,棕背伯劳,
Lanius sphenocercus ,113.8741493,34.88571972,2025/3/6,杨桥,2,雀形目,伯劳科,楔尾伯劳,
Larus vegae,113.8741493,34.88571972,2025/1/4,杨桥,55,鸻形目,  鸥科,西伯利亚银鸥,
Mergus merganser ,113.8741493,34.88571972,2025/1/4,杨桥,4,雁形目,鸭科,普通秋沙鸭,
Motacilla alba ,113.8741493,34.88571972,2025/1/4,杨桥,1,雀形目,鹡鸰科,白鹡鸰,
Passer montanus ,113.8741493,34.88571972,2025/1/4,杨桥,150,雀形目,雀科,麻雀,
"Phalacrocorax carbo 
",113.8741493,34.88571972,2025/1/4,杨桥,21,鲣鸟目,鸬鹚科,普通鸬鹚,
"Phalacrocorax carbo 
",113.8741493,34.88571972,2025/3/6,杨桥,10,鲣鸟目,鸬鹚科,普通鸬鹚,
Phasianus colchicus ,113.8741493,34.88571972,2025/1/4,杨桥,3,鸡形目,雉科,环颈雉,
Pica pica ,113.8741493,34.88571972,2025/1/4,杨桥,25,雀形目,鸦科,喜鹊,
Pycnonotus sinensis ,113.8741493,34.88571972,2025/1/4,杨桥,50,雀形目,鹎科,白头鹎,
Streptopelia chinensis,113.8741493,34.88571972,2025/1/4,杨桥,4,鸽形目,鸠鸽科,珠颈斑鸠,
Streptopelia orientalis ,113.8741493,34.88571972,2025/1/4,杨桥,15,鸽形目,鸠鸽科,山斑鸠,
Sturnus cineraceus,113.8741493,34.88571972,2025/1/4,杨桥,15,雀形目,椋鸟科,灰椋鸟,
Sturnus cineraceus,113.8741493,34.88571972,2025/3/6,杨桥,10,雀形目,椋鸟科,灰椋鸟,
Turdus eunomus,113.8741493,34.88571972,2025/3/6,杨桥,1,雀形目,鸫科,斑鸫,
Turdus naumanni,113.8741493,34.88571972,2025/3/6,杨桥,20,雀形目,鸫科,红尾斑鸫,
Upupa epops ,113.8741493,34.88571972,2025/1/4,杨桥,1,犀鸟目,戴胜科,戴胜,
Vanellus cinereus,113.8741493,34.88571972,2025/3/6,杨桥,2,鸻形目,鸻科,灰头麦鸡,
Alauda arvensis ,113.8888263,34.89232886,2025/1/2,郑东新区,20,雀形目,百灵科,云雀,Ⅱ
Ardea cinerea ,113.8888263,34.89232886,2025/1/2,郑东新区,5,鹈形目,鹭科,苍鹭,
Buteo buteo ,113.8888263,34.89232886,2025/1/2,郑东新区,1,鹰形目,鹰科,普通鵟,Ⅱ
Buteo hemilasius,113.8888263,34.89232886,2025/1/2,郑东新区,1,鹰形目,鹰科,大鵟,Ⅱ
Ciconia boyciana,113.8888263,34.89232886,2025/1/2,郑东新区,1,鹳形目,鹳科,东方白鹳,Ⅰ
Circus  cyaneus  ,113.8888263,34.89232886,2025/1/2,郑东新区,1,鹰形目,鹰科,白尾鹞,Ⅱ
Circus spilonotus,113.8888263,34.89232886,2025/1/2,郑东新区,1,鹰形目,鹰科,白腹鹞,Ⅱ
Cyanopica cyanus ,113.8888263,34.89232886,2025/1/2,郑东新区,10,雀形目,鸦科,灰喜鹊,
Dendrocopos major ,113.8888263,34.89232886,2025/1/2,郑东新区,2,啄木鸟目,啄木鸟科,大斑啄木鸟,
Falco peregrinus ,113.8888263,34.89232886,2025/1/2,郑东新区,1,隼形目,  隼科,游隼,Ⅱ
Lanius sphenocercus ,113.8888263,34.89232886,2025/1/2,郑东新区,2,雀形目,伯劳科,楔尾伯劳,
Mergus merganser ,113.8888263,34.89232886,2025/1/2,郑东新区,1,雁形目,鸭科,普通秋沙鸭,
Otis tarda ,113.8888263,34.89232886,2025/1/2,郑东新区,2,鸨形目,鸨科,大鸨,Ⅰ
"Phalacrocorax carbo 
",113.8888263,34.89232886,2025/1/2,郑东新区,10,鲣鸟目,鸬鹚科,普通鸬鹚,
Phasianus colchicus ,113.8888263,34.89232886,2025/1/2,郑东新区,20,鸡形目,雉科,环颈雉,
Pica pica ,113.8888263,34.89232886,2025/1/2,郑东新区,3,雀形目,鸦科,喜鹊,
Podiceps ruficollis,113.8888263,34.89232886,2025/1/2,郑东新区,1,䴙䴘目,䴙䴘科,小,
Streptopelia orientalis ,113.8888263,34.89232886,2025/1/2,郑东新区,20,鸽形目,鸠鸽科,山斑鸠,
Sturnus cineraceus,113.8888263,34.89232886,2025/1/2,郑东新区,10,雀形目,椋鸟科,灰椋鸟,
Upupa epops ,113.8888263,34.89232886,2025/1/2,郑东新区,4,犀鸟目,戴胜科,戴胜,
Accipiter nisus,113.9143181,34.88784946,2025/4/15,中牟杨桥,1,鹰形目,鹰科,雀鹰,Ⅱ
Aegithalos caudatus ,113.9143181,34.88784946,2025/4/13,中牟杨桥,7,雀形目,长尾山雀科,银喉长尾山雀,
Alauda arvensis ,113.9143181,34.88784946,2025/4/13,中牟杨桥,10,雀形目,百灵科,云雀,Ⅱ
Alauda arvensis ,113.9143181,34.88784946,2025/11/2,中牟杨桥,50,雀形目,百灵科,云雀,Ⅱ
Anas falcata,113.9143181,34.88784946,2025/4/7,中牟杨桥,6,雁形目,鸭科,罗纹鸭,
Anas platyrhynchos,113.9143181,34.88784946,2025/4/13,中牟杨桥,50,雁形目,鸭科,绿头鸭,
Anas platyrhynchos,113.9143181,34.88784946,2025/11/2,中牟杨桥,1,雁形目,鸭科,绿头鸭,
Anas poecilorhyncha ,113.9143181,34.88784946,2025/4/13,中牟杨桥,20,雁形目,鸭科,斑嘴鸭,
Anser albifrons,113.9143181,34.88784946,2025/11/2,中牟杨桥,5,雁形目,鸭科,白额雁,Ⅱ
Anser albifrons,113.9143181,34.88784946,2025/12/16,中牟杨桥,10,雁形目,鸭科,白额雁,Ⅱ
Anser anser,113.9143181,34.88784946,2025/11/2,中牟杨桥,4,雁形目,鸭科,灰雁,
Anser cygnoides,113.9143181,34.88784946,2025/11/2,中牟杨桥,1,雁形目,鸭科,鸿雁,Ⅱ
Anser fabalis,113.9143181,34.88784946,2025/11/2,中牟杨桥,4,雁形目,鸭科,豆雁,
Anser serrirostris,113.9143181,34.88784946,2025/11/2,中牟杨桥,100,雁形目,鸭科,短嘴豆雁,
Anser serrirostris,113.9143181,34.88784946,2025/12/16,中牟杨桥,500,雁形目,鸭科,短嘴豆雁,
Anthus spinoletta ,113.9143181,34.88784946,2025/11/2,中牟杨桥,2,雀形目,鹡鸰科,水鹨,
Ardea alba ,113.9143181,34.88784946,2025/11/2,中牟杨桥,20,鹈形目,鹭科,大白鹭,
Ardea cinerea ,113.9143181,34.88784946,2025/4/13,中牟杨桥,8,鹈形目,鹭科,苍鹭,
Ardea cinerea ,113.9143181,34.88784946,2025/4/15,中牟杨桥,1,鹈形目,鹭科,苍鹭,
Ardea cinerea ,113.9143181,34.88784946,2025/11/2,中牟杨桥,1,鹈形目,鹭科,苍鹭,
Asio flammeus,113.9143181,34.88784946,2025/4/15,中牟杨桥,1,鸮形目,鸱鸮科,短耳鸮,Ⅱ
Buteo buteo ,113.9143181,34.88784946,2025/4/13,中牟杨桥,1,鹰形目,鹰科,普通鵟,Ⅱ
Buteo buteo ,113.9143181,34.88784946,2025/4/15,中牟杨桥,1,鹰形目,鹰科,普通鵟,Ⅱ
Carduelis sinica ,113.9143181,34.88784946,2025/4/13,中牟杨桥,10,雀形目,燕雀科,金翅雀,
Ciconia nigra ,113.9143181,34.88784946,2025/11/2,中牟杨桥,2,鹳形目,鹳科,黑鹳,Ⅰ
Circus  cyaneus  ,113.9143181,34.88784946,2025/11/2,中牟杨桥,2,鹰形目,鹰科,白尾鹞,Ⅱ
Circus melanoleucos,113.9143181,34.88784946,2025/4/13,中牟杨桥,1,鹰形目,鹰科,鹊鹞,Ⅱ
Cisticola juncidis ,113.9143181,34.88784946,2025/4/7,中牟杨桥,2,雀形目,扇尾莺科,棕扇尾莺,
Cisticola juncidis ,113.9143181,34.88784946,2025/4/13,中牟杨桥,1,雀形目,扇尾莺科,棕扇尾莺,
Cisticola juncidis ,113.9143181,34.88784946,2025/4/15,中牟杨桥,5,雀形目,扇尾莺科,棕扇尾莺,
Coturnix japonica,113.9143181,34.88784946,2025/11/2,中牟杨桥,8,鸡形目,雉科,鹌鹑,
Cyanopica cyanus ,113.9143181,34.88784946,2025/4/13,中牟杨桥,10,雀形目,鸦科,灰喜鹊,
Cygnus columbianus,113.9143181,34.88784946,2025/12/16,中牟杨桥,1,雁形目,鸭科,小天鹅,Ⅱ
Dendrocopos major ,113.9143181,34.88784946,2025/4/13,中牟杨桥,1,啄木鸟目,啄木鸟科,大斑啄木鸟,
Egretta garzetta ,113.9143181,34.88784946,2025/4/15,中牟杨桥,10,鹈形目,鹭科,白鹭,
Egretta garzetta ,113.9143181,34.88784946,2025/11/2,中牟杨桥,1,鹈形目,鹭科,白鹭,
Elanus caeruleus,113.9143181,34.88784946,2025/4/13,中牟杨桥,1,鹰形目,鹰科,黑翅鸢,Ⅱ
Elanus caeruleus,113.9143181,34.88784946,2025/11/2,中牟杨桥,3,鹰形目,鹰科,黑翅鸢,Ⅱ
Emberiza pusilla,113.9143181,34.88784946,2025/4/13,中牟杨桥,6,雀形目,鹀科,小鹀,
Emberiza spodocephala ,113.9143181,34.88784946,2025/4/13,中牟杨桥,1,雀形目,鹀科,灰头鹀,
Falco peregrinus ,113.9143181,34.88784946,2025/4/13,中牟杨桥,1,隼形目,  隼科,游隼,Ⅱ
Falco peregrinus ,113.9143181,34.88784946,2025/11/2,中牟杨桥,1,隼形目,  隼科,游隼,Ⅱ
Falco tinnunculus ,113.9143181,34.88784946,2025/4/13,中牟杨桥,1,隼形目,  隼科,红隼,Ⅱ
Falco tinnunculus ,113.9143181,34.88784946,2025/11/2,中牟杨桥,1,隼形目,  隼科,红隼,Ⅱ
Hirundo rustica ,113.9143181,34.88784946,2025/4/13,中牟杨桥,10,雀形目, 燕科,家燕,
Hirundo rustica ,113.9143181,34.88784946,2025/4/15,中牟杨桥,5,雀形目, 燕科,家燕,
Larus vegae,113.9143181,34.88784946,2025/4/7,中牟杨桥,2,鸻形目,  鸥科,西伯利亚银鸥,
Larus vegae,113.9143181,34.88784946,2025/11/2,中牟杨桥,6,鸻形目,  鸥科,西伯利亚银鸥,
Otis tarda ,113.9143181,34.88784946,2025/11/2,中牟杨桥,6,鸨形目,鸨科,大鸨,Ⅰ
Pandion haliaetus,113.9143181,34.88784946,2025/4/13,中牟杨桥,1,鹰形目,鹗科,鹗,Ⅱ
Paradoxornis webbianus ,113.9143181,34.88784946,2025/4/13,中牟杨桥,1,雀形目,莺鹛科,棕头鸦雀,
Paradoxornis webbianus ,113.9143181,34.88784946,2025/4/15,中牟杨桥,1,雀形目,莺鹛科,棕头鸦雀,
Passer montanus ,113.9143181,34.88784946,2025/4/13,中牟杨桥,30,雀形目,雀科,麻雀,
Passer montanus ,113.9143181,34.88784946,2025/4/15,中牟杨桥,10,雀形目,雀科,麻雀,
"Phalacrocorax carbo 
",113.9143181,34.88784946,2025/4/7,中牟杨桥,4,鲣鸟目,鸬鹚科,普通鸬鹚,
"Phalacrocorax carbo 
",113.9143181,34.88784946,2025/4/13,中牟杨桥,15,鲣鸟目,鸬鹚科,普通鸬鹚,
"Phalacrocorax carbo 
",113.9143181,34.88784946,2025/4/15,中牟杨桥,1,鲣鸟目,鸬鹚科,普通鸬鹚,
"Phalacrocorax carbo 
",113.9143181,34.88784946,2025/11/2,中牟杨桥,1,鲣鸟目,鸬鹚科,普通鸬鹚,
Phasianus colchicus ,113.9143181,34.88784946,2025/4/13,中牟杨桥,4,鸡形目,雉科,环颈雉,
Phasianus colchicus ,113.9143181,34.88784946,2025/4/15,中牟杨桥,10,鸡形目,雉科,环颈雉,
Phasianus colchicus ,113.9143181,34.88784946,2025/11/2,中牟杨桥,20,鸡形目,雉科,环颈雉,
Phoenicurus auroreus ,113.9143181,34.88784946,2025/4/13,中牟杨桥,4,雀形目,鹟科,北红尾鸲,
Phoenicurus auroreus ,113.9143181,34.88784946,2025/4/15,中牟杨桥,1,雀形目,鹟科,北红尾鸲,
Phoenicurus auroreus ,113.9143181,34.88784946,2025/11/2,中牟杨桥,1,雀形目,鹟科,北红尾鸲,
Pica pica ,113.9143181,34.88784946,2025/4/13,中牟杨桥,50,雀形目,鸦科,喜鹊,
Pica pica ,113.9143181,34.88784946,2025/4/15,中牟杨桥,10,雀形目,鸦科,喜鹊,
Platalea leucorodia,113.9143181,34.88784946,2025/4/7,中牟杨桥,15,鹈形目,鹮科,白琵鹭,Ⅱ
Platalea leucorodia,113.9143181,34.88784946,2025/4/13,中牟杨桥,25,鹈形目,鹮科,白琵鹭,Ⅱ
Platalea leucorodia,113.9143181,34.88784946,2025/11/2,中牟杨桥,10,鹈形目,鹮科,白琵鹭,Ⅱ
Pycnonotus sinensis ,113.9143181,34.88784946,2025/4/7,中牟杨桥,4,雀形目,鹎科,白头鹎,
Pycnonotus sinensis ,113.9143181,34.88784946,2025/4/13,中牟杨桥,20,雀形目,鹎科,白头鹎,
Streptopelia chinensis,113.9143181,34.88784946,2025/4/13,中牟杨桥,10,鸽形目,鸠鸽科,珠颈斑鸠,
Streptopelia chinensis,113.9143181,34.88784946,2025/4/15,中牟杨桥,10,鸽形目,鸠鸽科,珠颈斑鸠,
Streptopelia orientalis ,113.9143181,34.88784946,2025/4/7,中牟杨桥,5,鸽形目,鸠鸽科,山斑鸠,
Streptopelia orientalis ,113.9143181,34.88784946,2025/4/13,中牟杨桥,10,鸽形目,鸠鸽科,山斑鸠,
Streptopelia orientalis ,113.9143181,34.88784946,2025/4/15,中牟杨桥,5,鸽形目,鸠鸽科,山斑鸠,
Sturnus cineraceus,113.9143181,34.88784946,2025/4/13,中牟杨桥,10,雀形目,椋鸟科,灰椋鸟,
Tringa nebularia,113.9143181,34.88784946,2025/11/2,中牟杨桥,1,鸻形目,鹬科,青脚鹬,
Turdus eunomus,113.9143181,34.88784946,2025/4/15,中牟杨桥,4,雀形目,鸫科,斑鸫,
Turdus merula ,113.9143181,34.88784946,2025/4/7,中牟杨桥,4,雀形目,鸫科,乌鸫,
Upupa epops ,113.9143181,34.88784946,2025/4/13,中牟杨桥,1,犀鸟目,戴胜科,戴胜,
Upupa epops ,113.9143181,34.88784946,2025/4/15,中牟杨桥,1,犀鸟目,戴胜科,戴胜,
Vanellus cinereus,113.9143181,34.88784946,2025/4/15,中牟杨桥,1,鸻形目,鸻科,灰头麦鸡,
Ardea cinerea ,113.9544869,34.8899792,2025/4/19,中牟三刘寨,1,鹈形目,鹭科,苍鹭,
Calidris temminckii,113.9544869,34.8899792,2025/4/19,中牟三刘寨,20,鸻形目,鹬科,青脚滨鹬,
Charadrius alexandrinus ,113.9544869,34.8899792,2025/4/19,中牟三刘寨,2,鸻形目,鸻科,环颈鸻,
Charadrius dubius ,113.9544869,34.8899792,2025/4/19,中牟三刘寨,10,鸻形目,鸻科,金眶鸻,
Motacilla citreola ,113.9544869,34.8899792,2025/4/19,中牟三刘寨,2,雀形目,鹡鸰科,黄头鹡鸰,
Motacilla flava ,113.9544869,34.8899792,2025/4/19,中牟三刘寨,4,雀形目,鹡鸰科,黄鹡鸰,
"Phalacrocorax carbo 
",113.9544869,34.8899792,2025/4/19,中牟三刘寨,1,鲣鸟目,鸬鹚科,普通鸬鹚,
Anas poecilorhyncha ,114.0214884,34.93332707,2025/12/17,中牟九堡,200,雁形目,鸭科,斑嘴鸭,
Anser fabalis,114.0214884,34.93332707,2025/12/30,中牟九堡,2000,雁形目,鸭科,豆雁,
Ardea alba ,114.0214884,34.93332707,2025/12/17,中牟九堡,2,鹈形目,鹭科,大白鹭,
Ardea cinerea ,114.0214884,34.93332707,2025/12/17,中牟九堡,9,鹈形目,鹭科,苍鹭,
Grus grus ,114.0214884,34.93332707,2025/12/30,中牟九堡,500,鹤形目,鹤科,灰鹤,Ⅱ
Larus vegae,114.0214884,34.93332707,2025/12/17,中牟九堡,10,鸻形目,  鸥科,西伯利亚银鸥,
Mergus merganser ,114.0214884,34.93332707,2025/12/17,中牟九堡,1,雁形目,鸭科,普通秋沙鸭,
"Phalacrocorax carbo 
",114.0214884,34.93332707,2025/12/17,中牟九堡,160,鲣鸟目,鸬鹚科,普通鸬鹚,
"Phalacrocorax carbo 
",114.0214884,34.93332707,2025/12/30,中牟九堡,180,鲣鸟目,鸬鹚科,普通鸬鹚,
Platalea leucorodia,114.0214884,34.93332707,2025/12/17,中牟九堡,18,鹈形目,鹮科,白琵鹭,Ⅱ
Platalea leucorodia,114.0214884,34.93332707,2025/12/30,中牟九堡,20,鹈形目,鹮科,白琵鹭,Ⅱ
Circus  cyaneus  ,114.0616036,34.93857794,2025/12/5,中牟张庄,2,鹰形目,鹰科,白尾鹞,Ⅱ
Otis tarda ,114.0616036,34.93857794,2025/12/5,中牟张庄,52,鸨形目,鸨科,大鸨,Ⅰ
"Phalacrocorax carbo 
",114.0616036,34.93857794,2025/12/5,中牟张庄,20,鲣鸟目,鸬鹚科,普通鸬鹚,
Ciconia boyciana,114.1180801,34.92260441,2025/12/9,中牟安罗西,1,鹳形目,鹳科,东方白鹳,Ⅰ
Ciconia nigra ,114.1180801,34.92260441,2025/12/9,中牟安罗西,6,鹳形目,鹳科,黑鹳,Ⅰ
Grus grus ,114.1180801,34.92260441,2025/12/9,中牟安罗西,2000,鹤形目,鹤科,灰鹤,Ⅱ
Grus monacha,114.1180801,34.92260441,2025/12/9,中牟安罗西,1,鹤形目,鹤科,白头鹤,Ⅰ
Alauda arvensis ,114.17696,34.90437531,2025/2/15,狼城岗,40,雀形目,百灵科,云雀,Ⅱ
Anser fabalis,114.17696,34.90437531,2025/2/15,狼城岗,500,雁形目,鸭科,豆雁,
Anser serrirostris,114.17696,34.90437531,2025/2/15,狼城岗,500,雁形目,鸭科,短嘴豆雁,
Grus grus ,114.17696,34.90437531,2025/2/15,狼城岗,150,鹤形目,鹤科,灰鹤,Ⅱ
Otis tarda ,114.17696,34.90437531,2025/2/15,狼城岗,11,鸨形目,鸨科,大鸨,Ⅰ
Passer montanus ,114.17696,34.90437531,2025/2/15,狼城岗,10,雀形目,雀科,麻雀,
"Phalacrocorax carbo 
",114.17696,34.90437531,2025/2/15,狼城岗,200,鲣鸟目,鸬鹚科,普通鸬鹚,
Phasianus colchicus ,114.17696,34.90437531,2025/2/15,狼城岗,30,鸡形目,雉科,环颈雉,
Pica pica ,114.17696,34.90437531,2025/2/15,狼城岗,50,雀形目,鸦科,喜鹊,
Streptopelia orientalis ,114.17696,34.90437531,2025/2/15,狼城岗,20,鸽形目,鸠鸽科,山斑鸠,
Sturnus vulgaris,114.17696,34.90437531,2025/2/15,狼城岗,4,雀形目,椋鸟科,紫翅椋鸟,
Alauda arvensis ,114.17696,34.90437531,2025/3/29,中牟狼城岗,50,雀形目,百灵科,云雀,Ⅱ
Anas acuta,114.17696,34.90437531,2025/3/29,中牟狼城岗,5,雁形目,鸭科,针尾鸭,
Anas clypeata,114.17696,34.90437531,2025/3/29,中牟狼城岗,10,雁形目,鸭科,琵嘴鸭,
Anas crecca ,114.17696,34.90437531,2025/3/29,中牟狼城岗,25,雁形目,鸭科,绿翅鸭,
Anas platyrhynchos,114.17696,34.90437531,2025/3/29,中牟狼城岗,25,雁形目,鸭科,绿头鸭,
Ardea alba ,114.17696,34.90437531,2025/3/29,中牟狼城岗,5,鹈形目,鹭科,大白鹭,
Ardea cinerea ,114.17696,34.90437531,2025/3/29,中牟狼城岗,30,鹈形目,鹭科,苍鹭,
Buteo hemilasius,114.17696,34.90437531,2025/3/29,中牟狼城岗,1,鹰形目,鹰科,大鵟,Ⅱ
Calandrella cheleensis,114.17696,34.90437531,2025/3/29,中牟狼城岗,10,雀形目,百灵科,亚洲短趾百灵,
Egretta garzetta ,114.17696,34.90437531,2025/3/29,中牟狼城岗,5,鹈形目,鹭科,白鹭,
Emberiza pallasi ,114.17696,34.90437531,2025/3/29,中牟狼城岗,15,雀形目,鹀科,苇鹀,
Falco tinnunculus ,114.17696,34.90437531,2025/3/29,中牟狼城岗,1,隼形目,  隼科,红隼,Ⅱ
Grus grus ,114.17696,34.90437531,2025/3/29,中牟狼城岗,1,鹤形目,鹤科,灰鹤,Ⅱ
Hirundo rustica ,114.17696,34.90437531,2025/3/29,中牟狼城岗,10,雀形目, 燕科,家燕,
Motacilla alba ,114.17696,34.90437531,2025/3/29,中牟狼城岗,10,雀形目,鹡鸰科,白鹡鸰,
Otis tarda ,114.17696,34.90437531,2025/3/29,中牟狼城岗,100,鸨形目,鸨科,大鸨,Ⅰ
Passer montanus ,114.17696,34.90437531,2025/3/29,中牟狼城岗,15,雀形目,雀科,麻雀,
"Phalacrocorax carbo 
",114.17696,34.90437531,2025/3/29,中牟狼城岗,50,鲣鸟目,鸬鹚科,普通鸬鹚,
Phasianus colchicus ,114.17696,34.90437531,2025/3/29,中牟狼城岗,10,鸡形目,雉科,环颈雉,
Pica pica ,114.17696,34.90437531,2025/3/29,中牟狼城岗,30,雀形目,鸦科,喜鹊,
Platalea leucorodia,114.17696,34.90437531,2025/3/29,中牟狼城岗,2,鹈形目,鹮科,白琵鹭,Ⅱ
Streptopelia orientalis ,114.17696,34.90437531,2025/3/29,中牟狼城岗,20,鸽形目,鸠鸽科,山斑鸠,
Tadorna ferruginea,114.17696,34.90437531,2025/3/29,中牟狼城岗,20,雁形目,鸭科,赤麻鸭,
Accipiter nisus,113.178279,34.655517,2025/9/10,巩义浮戏山,1,鹰形目,鹰科,雀鹰,Ⅱ
Accipiter soloensis,113.178279,34.655517,2025/9/10,巩义浮戏山,1,鹰形目,鹰科,赤腹鹰,Ⅱ
Accipiter virgatus,113.178279,34.655517,2025/9/10,巩义浮戏山,4,鹰形目,鹰科,松雀鹰,Ⅱ
Alcedo atthis ,113.178279,34.655517,2025/9/10,巩义浮戏山,2,佛法僧目,翠鸟科,普通翠鸟,
Anas poecilorhyncha ,113.178279,34.655517,2025/9/10,巩义浮戏山,2,雁形目,鸭科,斑嘴鸭,
Dendrocopos major ,113.178279,34.655517,2025/9/10,巩义浮戏山,2,啄木鸟目,啄木鸟科,大斑啄木鸟,
Gallinula chloropus ,113.178279,34.655517,2025/9/10,巩义浮戏山,1,鹤形目, 秧鸡科,黑水鸡,
Garrulax perspicillatus,113.178279,34.655517,2025/9/10,巩义浮戏山,8,雀形目,噪鹛科,黑脸噪鹛,
Garrulus glandarius,113.178279,34.655517,2025/9/10,巩义浮戏山,1,雀形目,鸦科,松鸦,
Hirundo rustica ,113.178279,34.655517,2025/9/10,巩义浮戏山,10,雀形目, 燕科,家燕,
Megaceryle lugubris,113.178279,34.655517,2025/9/10,巩义浮戏山,1,佛法僧目,翠鸟科,冠鱼狗,
Motacilla alba ,113.178279,34.655517,2025/9/10,巩义浮戏山,1,雀形目,鹡鸰科,白鹡鸰,
Passer montanus ,113.178279,34.655517,2025/9/10,巩义浮戏山,30,雀形目,雀科,麻雀,
Pernis ptilorhynchus,113.178279,34.655517,2025/9/10,巩义浮戏山,3,鹰形目,鹰科,凤头蜂鹰,Ⅱ
Podiceps ruficollis,113.178279,34.655517,2025/9/10,巩义浮戏山,2,䴙䴘目,䴙䴘科,小,
Pycnonotus sinensis ,113.178279,34.655517,2025/9/10,巩义浮戏山,6,雀形目,鹎科,白头鹎,
Spizixos semitorques ,113.178279,34.655517,2025/9/10,巩义浮戏山,3,雀形目,鹎科,领雀嘴鹎,
Streptopelia orientalis ,113.178279,34.655517,2025/9/10,巩义浮戏山,6,鸽形目,鸠鸽科,山斑鸠,
Ardea alba ,113.242355,34.727653,2025/8/7,巩义两河口,2,鹈形目,鹭科,大白鹭,
Ardea cinerea ,113.242355,34.727653,2025/8/7,巩义两河口,15,鹈形目,鹭科,苍鹭,
Himantopus himantopus ,113.242355,34.727653,2025/8/7,巩义两河口,20,鸻形目,反嘴鹬科,黑翅长脚鹬,
Phasianus colchicus ,113.242355,34.727653,2025/8/7,巩义两河口,2,鸡形目,雉科,环颈雉,
Vanellus cinereus,113.242355,34.727653,2025/8/7,巩义两河口,18,鸻形目,鸻科,灰头麦鸡,
Cecropis daurica ,113.681457,34.768149,2025/6/11,金水河,20,雀形目, 燕科,金腰燕,
Copsychus saularis,113.681457,34.768149,2025/6/11,金水河,4,雀形目,鹟科,鹊鸲,
Egretta garzetta ,113.681457,34.768149,2025/6/11,金水河,1,鹈形目,鹭科,白鹭,
Motacilla alba ,113.681457,34.768149,2025/6/11,金水河,2,雀形目,鹡鸰科,白鹡鸰,
Passer montanus ,113.681457,34.768149,2025/6/11,金水河,10,雀形目,雀科,麻雀,
Sterna hirundo,113.681457,34.768149,2025/6/11,金水河,4,鸻形目,  鸥科,普通燕鸥,
Garrulax canorus,113.014309,34.532667,2025/9/9,嵩北,1,雀形目,噪鹛科,画眉,Ⅱ
Garrulus glandarius,113.014309,34.532667,2025/9/9,嵩北,1,雀形目,鸦科,松鸦,
Parus major ,113.014309,34.532667,2025/9/9,嵩北,1,雀形目,山雀科,大山雀（远东山雀）,
Pernis ptilorhynchus,113.014309,34.532667,2025/9/9,嵩北,80,鹰形目,鹰科,凤头蜂鹰,Ⅱ
Phoenicurus auroreus ,113.014309,34.532667,2025/9/9,嵩北,3,雀形目,鹟科,北红尾鸲,
,113.014309,34.532667,2025/9/9,嵩北,2,雀形目,柳莺科,棕鹛柳莺,
Aegithalos caudatus ,113.713727,34.803324,2025/6/21,运河公园,1,雀形目,长尾山雀科,银喉长尾山雀,
Cecropis daurica ,113.713727,34.803324,2025/6/21,运河公园,3,雀形目, 燕科,金腰燕,
Cyanopica cyanus ,113.713727,34.803324,2025/6/21,运河公园,7,雀形目,鸦科,灰喜鹊,
Dendrocopos canicapillus ,113.713727,34.803324,2025/6/21,运河公园,1,啄木鸟目,啄木鸟科,星头啄木鸟,
Hirundo rustica ,113.713727,34.803324,2025/6/21,运河公园,13,雀形目, 燕科,家燕,
Motacilla alba ,113.713727,34.803324,2025/6/21,运河公园,3,雀形目,鹡鸰科,白鹡鸰,
Passer montanus ,113.713727,34.803324,2025/6/21,运河公园,17,雀形目,雀科,麻雀,
Pica pica ,113.713727,34.803324,2025/6/21,运河公园,6,雀形目,鸦科,喜鹊,
Pycnonotus sinensis ,113.713727,34.803324,2025/6/21,运河公园,10,雀形目,鹎科,白头鹎,
Sturnus cineraceus,113.713727,34.803324,2025/6/21,运河公园,10,雀形目,椋鸟科,灰椋鸟,
Turdus merula ,113.713727,34.803324,2025/6/21,运河公园,3,雀形目,鸫科,乌鸫,
Carduelis sinica ,113.72196,34.780478,2025/6/11,郑州之林,2,雀形目,燕雀科,金翅雀,
Cyanopica cyanus ,113.72196,34.780478,2025/6/11,郑州之林,3,雀形目,鸦科,灰喜鹊,
Passer montanus ,113.72196,34.780478,2025/6/11,郑州之林,8,雀形目,雀科,麻雀,
Pycnonotus sinensis ,113.72196,34.780478,2025/6/11,郑州之林,3,雀形目,鹎科,白头鹎,
Upupa epops ,113.72196,34.780478,2025/6/11,郑州之林,1,犀鸟目,戴胜科,戴胜,
