{"type": "FeatureCollection", "features": [{"type": "Feature", "properties": {"source": "B79 PCA natural-breaks core area", "Id": 1, "gridcode": 1}, "geometry": {"type": "Polygon", "coordinates": [[[113.42137437956227, 34.980608891629345], [113.42173849771423, 34.98230151636654], [113.42251498337426, 34.9810088147386], [113.42137437956227, 34.980608891629345]]]}}, {"type": "Feature", "properties": {"source": "B79 PCA natural-breaks core area", "Id": 2, "gridcode": 1}, "geometry": {"type": "Polygon", "coordinates": [[[113.43305247825582, 34.980608891629345], [113.43336001307202, 34.981506272824], [113.43414773863884, 34.980860856064645], [113.43305247825582, 34.980608891629345]]]}}, {"type": "Feature", "properties": {"source": "B79 PCA natural-breaks core area", "Id": 3, "gridcode": 1}, "geometry": {"type": "Polygon", "coordinates": [[[113.42137437956227, 34.980608891629345], [113.42087477941156, 34.979652274950894], [113.41933293834073, 34.98031407882079], [113.42137437956227, 34.980608891629345]]]}}, {"type": "Feature", "properties": {"source": "B79 PCA natural-breaks core area", "Id": 4, "gridcode": 1}, "geometry": {"type": "Polygon", "coordinates": [[[113.43305247825582, 34.97987285718082], [113.43414773863884, 34.97962088970545], [113.43336001307202, 34.97897545808563], [113.43305247825582, 34.97987285718082]]]}}, {"type": "Feature", "properties": {"source": "B79 PCA natural-breaks core area", "Id": 5, "gridcode": 1}, "geometry": {"type": "Polygon", "coordinates": [[[113.47257835075708, 34.979136816116544], [113.46855303856842, 34.97976649771297], [113.4705743027865, 34.980908994535724], [113.47257835075708, 34.979136816116544]]]}}, {"type": "Feature", "properties": {"source": "B79 PCA natural-breaks core area", "Id": 6, "gridcode": 1}, "geometry": {"type": "Polygon", "coordinates": [[[113.4465272075176, 34.97766471414095], [113.44446136747398, 34.97796306031019], [113.44603912141781, 34.97859928890588], [113.4465272075176, 34.97766471414095]]]}}, {"type": "Feature", "properties": {"source": "B79 PCA natural-breaks core area", "Id": 7, "gridcode": 1}, "geometry": {"type": "Polygon", "coordinates": [[[113.4788665577459, 34.976928653229756], [113.47777129736289, 34.97718062898874], [113.47855902292972, 34.9778260747545], [113.4788665577459, 34.976928653229756]]]}}, {"type": "Feature", "properties": {"source": "B79 PCA natural-breaks core area", "Id": 8, "gridcode": 1}, "geometry": {"type": "Polygon", "coordinates": [[[113.4321541629717, 34.97545651156091], [113.42995804966662, 34.97597100939285], [113.43153931265455, 34.977218544830016], [113.4321541629717, 34.97545651156091]]]}}, {"type": "Feature", "properties": {"source": "B79 PCA natural-breaks core area", "Id": 9, "gridcode": 1}, "geometry": {"type": "Polygon", "coordinates": [[[113.4734766660412, 34.97545651156091], [113.47238140565817, 34.97570849325318], [113.47316913122499, 34.97635394921718], [113.4734766660412, 34.97545651156091]]]}}, {"type": "Feature", "properties": {"source": "B79 PCA natural-breaks core area", "Id": 10, "gridcode": 1}, "geometry": {"type": "Polygon", "coordinates": [[[113.45730699092704, 34.97472043080338], [113.45780659107774, 34.97567710368839], [113.45934843214857, 34.97501526374915], [113.45730699092704, 34.97472043080338]]]}}, {"type": "Feature", "properties": {"source": "B79 PCA natural-breaks core area", "Id": 11, "gridcode": 1}, "geometry": {"type": "Polygon", "coordinates": [[[113.4734766660412, 34.97545651156091], [113.47457192642422, 34.975204529093396], [113.4737842008574, 34.974559064070874], [113.4734766660412, 34.97545651156091]]]}}, {"type": "Feature", "properties": {"source": "B79 PCA natural-breaks core area", "Id": 12, "gridcode": 1}, "geometry": {"type": "Polygon", "coordinates": [[[113.45371372979056, 34.97398434343054], [113.45261846940753, 34.974236329652044], [113.45340619497436, 34.97488179721799], [113.45371372979056, 34.97398434343054]]]}}, {"type": "Feature", "properties": {"source": "B79 PCA natural-breaks core area", "Id": 13, "gridcode": 1}, "geometry": {"type": "Polygon", "coordinates": [[[113.4555103603588, 34.97398434343054], [113.4555103603588, 34.97472043080338], [113.45730699092704, 34.97472043080338], [113.45730699092704, 34.97398434343054], [113.4555103603588, 34.97398434343054]]]}}, {"type": "Feature", "properties": {"source": "B79 PCA natural-breaks core area", "Id": 14, "gridcode": 1}, "geometry": {"type": "Polygon", "coordinates": [[[113.442035631097, 34.97324824944241], [113.43983951779195, 34.973762761146176], [113.44142078077986, 34.975010330219924], [113.442035631097, 34.97324824944241]]]}}, {"type": "Feature", "properties": {"source": "B79 PCA natural-breaks core area", "Id": 15, "gridcode": 1}, "geometry": {"type": "Polygon", "coordinates": [[[113.47706992717767, 34.97324824944241], [113.474955234661, 34.97362100062258], [113.47594632029794, 34.97492790064607], [113.47706992717767, 34.97324824944241]]]}}, {"type": "Feature", "properties": {"source": "B79 PCA natural-breaks core area", "Id": 16, "gridcode": 1}, "geometry": {"type": "Polygon", "coordinates": [[[113.46808677433647, 34.972512148839094], [113.46687856659716, 34.97303362899633], [113.46770215020817, 34.974937537463866], [113.46808677433647, 34.972512148839094]]]}}, {"type": "Feature", "properties": {"source": "B79 PCA natural-breaks core area", "Id": 17, "gridcode": 1}, "geometry": {"type": "Polygon", "coordinates": [[[113.45191709922233, 34.97324824944241], [113.45371372979056, 34.97324824944241], [113.45371372979056, 34.97398434343054], [113.4555103603588, 34.97398434343054], [113.45400761223215, 34.97152875411756], [113.4522188770131, 34.972023328377205], [113.45191709922233, 34.97324824944241]]]}}, {"type": "Feature", "properties": {"source": "B79 PCA natural-breaks core area", "Id": 18, "gridcode": 1}, "geometry": {"type": "Polygon", "coordinates": [[[113.47976487303004, 34.97177604162065], [113.47765018051336, 34.97272587489759], [113.47933369923888, 34.97341859307001], [113.47976487303004, 34.97177604162065]]]}}, {"type": "Feature", "properties": {"source": "B79 PCA natural-breaks core area", "Id": 19, "gridcode": 1}, "geometry": {"type": "Polygon", "coordinates": [[[113.442035631097, 34.97324824944241], [113.44402482045906, 34.97291918624369], [113.44503235474014, 34.97128721676594], [113.44562889223349, 34.97103992778714], [113.44475535957318, 34.97000314747578], [113.44279857404003, 34.970812123274705], [113.442035631097, 34.97324824944241]]]}}, {"type": "Feature", "properties": {"source": "B79 PCA natural-breaks core area", "Id": 20, "gridcode": 1}, "geometry": {"type": "Polygon", "coordinates": [[[113.44742552280172, 34.97103992778714], [113.44856612661371, 34.97143989902902], [113.4477896409537, 34.97273274889659], [113.44742552280172, 34.97103992778714], [113.44562889223349, 34.97103992778714], [113.44508976050811, 34.974575737637075], [113.4514965073922, 34.975228716523674], [113.45191709922233, 34.97324824944241], [113.44938833950438, 34.97298695447854], [113.45036155094806, 34.97135400353232], [113.44803264225614, 34.97005651539103], [113.44742552280172, 34.97103992778714]]]}}, {"type": "Feature", "properties": {"source": "B79 PCA natural-breaks core area", "Id": 21, "gridcode": 1}, "geometry": {"type": "Polygon", "coordinates": [[[113.45820530621117, 34.969567680275084], [113.45520046790362, 34.9698876474503], [113.45759659672116, 34.97051466929927], [113.45820530621117, 34.969567680275084]]]}}, {"type": "Feature", "properties": {"source": "B79 PCA natural-breaks core area", "Id": 22, "gridcode": 1}, "geometry": {"type": "Polygon", "coordinates": [[[113.4734766660412, 34.969567680275084], [113.47230914128167, 34.96997709953988], [113.4731168245367, 34.97124054406103], [113.4734766660412, 34.969567680275084]]]}}, {"type": "Feature", "properties": {"source": "B79 PCA natural-breaks core area", "Id": 23, "gridcode": 1}, "geometry": {"type": "Polygon", "coordinates": [[[113.43395079353994, 34.968095406303505], [113.43280026571267, 34.968463477276956], [113.43395079353994, 34.96883154659672], [113.43395079353994, 34.968095406303505]]]}}, {"type": "Feature", "properties": {"source": "B79 PCA natural-breaks core area", "Id": 24, "gridcode": 1}, "geometry": {"type": "Polygon", "coordinates": [[[113.46269688263176, 34.968095406303505], [113.4605007693267, 34.968609950373306], [113.46208203231461, 34.969857597928765], [113.46269688263176, 34.968095406303505]]]}}, {"type": "Feature", "properties": {"source": "B79 PCA natural-breaks core area", "Id": 25, "gridcode": 1}, "geometry": {"type": "Polygon", "coordinates": [[[113.4788665577459, 34.968095406303505], [113.4788665577459, 34.96883154659672], [113.48001708557318, 34.968463477276956], [113.4788665577459, 34.968095406303505]]]}}, {"type": "Feature", "properties": {"source": "B79 PCA natural-breaks core area", "Id": 26, "gridcode": 1}, "geometry": {"type": "Polygon", "coordinates": [[[113.524680637236, 34.968095406303505], [113.52261479719236, 34.9683937873301], [113.5241925511362, 34.969030090260624], [113.524680637236, 34.968095406303505]]]}}, {"type": "Feature", "properties": {"source": "B79 PCA natural-breaks core area", "Id": 27, "gridcode": 1}, "geometry": {"type": "Polygon", "coordinates": [[[113.52647726780424, 34.968095406303505], [113.52538200742121, 34.96834741064125], [113.52616973298804, 34.968992924612735], [113.52647726780424, 34.968095406303505]]]}}, {"type": "Feature", "properties": {"source": "B79 PCA natural-breaks core area", "Id": 28, "gridcode": 1}, "geometry": {"type": "Polygon", "coordinates": [[[113.43484910882405, 34.967359259395536], [113.43395079353994, 34.967359259395536], [113.43395079353994, 34.968095406303505], [113.43484910882405, 34.968095406303505], [113.43484910882405, 34.967359259395536]]]}}, {"type": "Feature", "properties": {"source": "B79 PCA natural-breaks core area", "Id": 29, "gridcode": 1}, "geometry": {"type": "Polygon", "coordinates": [[[113.53546042064544, 34.96662310587285], [113.53429289588591, 34.96703253985367], [113.53510057914094, 34.96829602978853], [113.53546042064544, 34.96662310587285]]]}}, {"type": "Feature", "properties": {"source": "B79 PCA natural-breaks core area", "Id": 30, "gridcode": 1}, "geometry": {"type": "Polygon", "coordinates": [[[113.4788665577459, 34.96883154659672], [113.47771602991864, 34.968463477276956], [113.4788665577459, 34.968095406303505], [113.47850594863802, 34.965752034934], [113.47766646467103, 34.96711195855932], [113.4755507304069, 34.96761231064125], [113.47423807377744, 34.969814973698334], [113.47856477995515, 34.96932038610534], [113.4788665577459, 34.96883154659672]]]}}, {"type": "Feature", "properties": {"source": "B79 PCA natural-breaks core area", "Id": 31, "gridcode": 1}, "geometry": {"type": "Polygon", "coordinates": [[[113.48874802587123, 34.964414605617215], [113.486951395303, 34.964414605617215], [113.48590833195063, 34.96613425026947], [113.48809336983531, 34.965475099355345], [113.48874802587123, 34.964414605617215]]]}}, {"type": "Feature", "properties": {"source": "B79 PCA natural-breaks core area", "Id": 32, "gridcode": 1}, "geometry": {"type": "Polygon", "coordinates": [[[113.45640867564293, 34.965150778983634], [113.46556815794906, 34.96624766626494], [113.46644070369074, 34.96401395135673], [113.46404435555793, 34.96405402866582], [113.46179856734764, 34.964016467597865], [113.45955277913734, 34.96405402866582], [113.45686079404092, 34.9640090059317], [113.45640867564293, 34.965150778983634]]]}}, {"type": "Feature", "properties": {"source": "B79 PCA natural-breaks core area", "Id": 33, "gridcode": 1}, "geometry": {"type": "Polygon", "coordinates": [[[113.486951395303, 34.964414605617215], [113.4866438604868, 34.96351703715193], [113.48585613491996, 34.96416258918239], [113.486951395303, 34.964414605617215]]]}}, {"type": "Feature", "properties": {"source": "B79 PCA natural-breaks core area", "Id": 34, "gridcode": 1}, "geometry": {"type": "Polygon", "coordinates": [[[114.08612768981071, 34.96367842563636], [114.08496016505119, 34.96408787433261], [114.08576790313502, 34.96535140967951], [114.08612768981071, 34.96367842563636]]]}}, {"type": "Feature", "properties": {"source": "B79 PCA natural-breaks core area", "Id": 35, "gridcode": 1}, "geometry": {"type": "Polygon", "coordinates": [[[114.08882263566306, 34.96367842563636], [114.0895656757467, 34.96694098682006], [114.09194151790317, 34.96476198768704], [114.0929409375198, 34.96403013561612], [114.08882263566306, 34.96367842563636]]]}}, {"type": "Feature", "properties": {"source": "B79 PCA natural-breaks core area", "Id": 36, "gridcode": 1}, "geometry": {"type": "Polygon", "coordinates": [[[114.08612768981071, 34.96367842563636], [114.08882263566306, 34.96367842563636], [114.08882263566306, 34.96294223904109], [114.08612768981071, 34.96294223904109], [114.08612768981071, 34.96367842563636]]]}}, {"type": "Feature", "properties": {"source": "B79 PCA natural-breaks core area", "Id": 37, "gridcode": 1}, "geometry": {"type": "Polygon", "coordinates": [[[114.09421252736779, 34.96220604583152], [114.09214668732415, 34.96250444830668], [114.09372444126798, 34.96314079697722], [114.09421252736779, 34.96220604583152]]]}}, {"type": "Feature", "properties": {"source": "B79 PCA natural-breaks core area", "Id": 38, "gridcode": 1}, "geometry": {"type": "Polygon", "coordinates": [[[113.53007052894073, 34.961469846007645], [113.52976063648553, 34.96195205674094], [113.52858379082768, 34.96246003413483], [113.5279640059173, 34.963424441109666], [113.52533978923465, 34.96406682048727], [113.5288623212014, 34.96466858707464], [113.53028178436001, 34.96687708048417], [113.53391030042373, 34.966277127382895], [113.53081263693454, 34.96551886318641], [113.53397368253239, 34.96474507061116], [113.533353897622, 34.96319622506247], [113.53186715950896, 34.96294223904109], [113.53150731800447, 34.96461523811578], [113.53069963474944, 34.96335169141616], [113.53186715950896, 34.96294223904109], [113.53186715950896, 34.961469846007645], [113.53007052894073, 34.961469846007645]]]}}, {"type": "Feature", "properties": {"source": "B79 PCA natural-breaks core area", "Id": 39, "gridcode": 1}, "geometry": {"type": "Polygon", "coordinates": [[[114.09600915793602, 34.96073363956958], [114.0951108426519, 34.96073363956958], [114.09556000029396, 34.962444838107565], [114.09600915793602, 34.96073363956958]]]}}, {"type": "Feature", "properties": {"source": "B79 PCA natural-breaks core area", "Id": 40, "gridcode": 1}, "geometry": {"type": "Polygon", "coordinates": [[[113.51749411496304, 34.95999742651737], [113.51718658014686, 34.959099809666746], [113.51639885458002, 34.95974539649695], [113.51749411496304, 34.95999742651737]]]}}, {"type": "Feature", "properties": {"source": "B79 PCA natural-breaks core area", "Id": 41, "gridcode": 1}, "geometry": {"type": "Polygon", "coordinates": [[[113.53905368178191, 34.961469846007645], [113.53969918140594, 34.96223604199223], [113.54391217262398, 34.96094412736761], [113.54169621128835, 34.9589933291411], [113.54011648350722, 34.96086845753125], [113.53905368178191, 34.961469846007645]]]}}, {"type": "Feature", "properties": {"source": "B79 PCA natural-breaks core area", "Id": 42, "gridcode": 1}, "geometry": {"type": "Polygon", "coordinates": [[[114.08792432037895, 34.9592612068511], [114.08682905999592, 34.959513238360614], [114.08761684039156, 34.9601588219339], [114.08792432037895, 34.9592612068511]]]}}, {"type": "Feature", "properties": {"source": "B79 PCA natural-breaks core area", "Id": 43, "gridcode": 1}, "geometry": {"type": "Polygon", "coordinates": [[[114.09151758151543, 34.9592612068511], [114.0904223211324, 34.959513238360614], [114.09121010152803, 34.9601588219339], [114.09151758151543, 34.9592612068511]]]}}, {"type": "Feature", "properties": {"source": "B79 PCA natural-breaks core area", "Id": 44, "gridcode": 1}, "geometry": {"type": "Polygon", "coordinates": [[[113.4546120450747, 34.958524980570786], [113.45237661951018, 34.95895793109007], [113.44743528233057, 34.958260720613495], [113.44607804987554, 34.95975606580226], [113.44517973459143, 34.95876634491171], [113.44434737837022, 34.959683383063215], [113.44152051439204, 34.96031146876808], [113.44075411723374, 34.9618920108414], [113.4397238838238, 34.96252007961809], [113.4389574866655, 34.96336439628911], [113.43525539033378, 34.96457001349346], [113.43484910882405, 34.967359259395536], [113.43599963665132, 34.96772733367635], [113.43484910882405, 34.968095406303505], [113.43484910882405, 34.96883154659672], [113.43395079353994, 34.96883154659672], [113.43360833276938, 34.969287031213675], [113.43153827090708, 34.969865106800036], [113.43186740827589, 34.97073113282625], [113.42920086374905, 34.972077503688524], [113.42799007905549, 34.974988793409835], [113.42531010146928, 34.97573713948473], [113.42459080226199, 34.97669371204591], [113.42353397687738, 34.976423986184635], [113.42257085393544, 34.97873964814396], [113.4229685273214, 34.97978576599708], [113.42627097642988, 34.97894294665577], [113.42872133094419, 34.97753327497715], [113.4275987109831, 34.98048643915239], [113.42910540678434, 34.98010191261666], [113.42980167788988, 34.983272360720015], [113.43237282028085, 34.983833564847636], [113.43339493902636, 34.98213229603834], [113.43163482444807, 34.982581487705275], [113.43091338691704, 34.98168881557472], [113.43305247825582, 34.980608891629345], [113.43305247825582, 34.97987285718082], [113.43256176037295, 34.97953887891855], [113.43171805458731, 34.97794485014812], [113.43020346343688, 34.97943883370562], [113.4288360328225, 34.9768553806299], [113.42924982587971, 34.97352907025903], [113.43388072231599, 34.9714420303392], [113.43256176037295, 34.97431834434506], [113.4321541629717, 34.97545651156091], [113.43440998485491, 34.976610212962704], [113.43526487571854, 34.975797178044964], [113.43630251101835, 34.9750646439519], [113.43608933659058, 34.97289072154658], [113.43892491835015, 34.971435358411505], [113.43975645213915, 34.97064449525385], [113.44155171198705, 34.96937704839144], [113.43712828778192, 34.968285701382385], [113.43975645213915, 34.96696380909526], [113.44880638647547, 34.966282401233606], [113.4506628901083, 34.96543356244814], [113.45462761645778, 34.96724632514005], [113.45599290874843, 34.966282401233606], [113.45640867564293, 34.965150778983634], [113.4515004550668, 34.96471376951833], [113.45327356407397, 34.96331769379549], [113.45415389550716, 34.962536733167944], [113.45060674540304, 34.96259605965652], [113.44968030293748, 34.96230360282069], [113.45417187935807, 34.961109104443736], [113.4550522107913, 34.960358172975106], [113.45597783082465, 34.95962931751098], [113.4550522107913, 34.958900455564425], [113.4546120450747, 34.958524980570786]], [[113.43574742410817, 34.97103992778714], [113.43543988929198, 34.97193741383605], [113.43465216372515, 34.97129192306692], [113.43574742410817, 34.97103992778714]], [[113.44383226166525, 34.961469846007645], [113.44334417556544, 34.96240460555158], [113.44176642162161, 34.96176825116378], [113.44383226166525, 34.961469846007645]], [[113.44922215336997, 34.9592612068511], [113.44860730305282, 34.9610235884841], [113.4470260400649, 34.95977580640059], [113.44922215336997, 34.9592612068511]]]}}, {"type": "Feature", "properties": {"source": "B79 PCA natural-breaks core area", "Id": 45, "gridcode": 1}, "geometry": {"type": "Polygon", "coordinates": [[[113.52917221365661, 34.95778874767652], [113.52737558308837, 34.95778874767652], [113.52737558308837, 34.958524980570786], [113.52917221365661, 34.958524980570786], [113.52917221365661, 34.95778874767652]]]}}, {"type": "Feature", "properties": {"source": "B79 PCA natural-breaks core area", "Id": 46, "gridcode": 1}, "geometry": {"type": "Polygon", "coordinates": [[[113.54174862763428, 34.95778874767652], [113.53968278759064, 34.958087166237064], [113.54126054153448, 34.95872354921035], [113.54174862763428, 34.95778874767652]]]}}, {"type": "Feature", "properties": {"source": "B79 PCA natural-breaks core area", "Id": 47, "gridcode": 1}, "geometry": {"type": "Polygon", "coordinates": [[[113.52917221365661, 34.95778874767652], [113.53026747403963, 34.95753671086358], [113.52947974847281, 34.95689110663424], [113.52917221365661, 34.95778874767652]]]}}, {"type": "Feature", "properties": {"source": "B79 PCA natural-breaks core area", "Id": 48, "gridcode": 1}, "geometry": {"type": "Polygon", "coordinates": [[[114.0951108426519, 34.96073363956958], [114.09556000029396, 34.9597907136525], [114.09600915793602, 34.96073363956958], [114.09650799048332, 34.96106102173732], [114.09794669855555, 34.962533422116735], [114.10108641574486, 34.96089697976549], [114.1008884837273, 34.95959265031237], [114.10359516294581, 34.95865790643638], [114.1027832578721, 34.95810733413051], [114.10017362565392, 34.95837336393628], [114.09870410378839, 34.956869351610905], [114.09740630576745, 34.95819758827161], [114.09271339794283, 34.95886691107094], [114.0938751108481, 34.95962931751098], [114.09201641406273, 34.960849141266564], [114.09284882511274, 34.961154741003085], [114.0951108426519, 34.96073363956958]]]}}, {"type": "Feature", "properties": {"source": "B79 PCA natural-breaks core area", "Id": 49, "gridcode": 1}, "geometry": {"type": "Polygon", "coordinates": [[[113.5147991691107, 34.955580009310594], [113.51273332906705, 34.95587843591349], [113.51431108301088, 34.95651483603742], [113.5147991691107, 34.955580009310594]]]}}, {"type": "Feature", "properties": {"source": "B79 PCA natural-breaks core area", "Id": 50, "gridcode": 1}, "geometry": {"type": "Polygon", "coordinates": [[[113.52647726780424, 34.955580009310594], [113.52538200742121, 34.955832052140785], [113.52616973298804, 34.95647766471252], [113.52647726780424, 34.955580009310594]]]}}, {"type": "Feature", "properties": {"source": "B79 PCA natural-breaks core area", "Id": 51, "gridcode": 1}, "geometry": {"type": "Polygon", "coordinates": [[[113.52737558308837, 34.958524980570786], [113.526779045595, 34.95877230732455], [113.52580161233267, 34.960355836361174], [113.52647726780424, 34.961469846007645], [113.53007052894073, 34.961469846007645], [113.53062205197801, 34.96049966156489], [113.53337829644411, 34.96096761690621], [113.53420763708057, 34.96242651356527], [113.5360042676488, 34.961582454027145], [113.53680789357162, 34.962996167607244], [113.53754254484676, 34.9617038212422], [113.53905368178191, 34.961469846007645], [113.5386541990451, 34.95958859490124], [113.53480576460953, 34.95890618486367], [113.54124979508698, 34.95668072638545], [113.53982073688597, 34.95529752044805], [113.53685756847686, 34.956725109986955], [113.53226664224579, 34.957379905041904], [113.53146767677214, 34.95819758827161], [113.53047001167755, 34.958852371562074], [113.52903130360532, 34.96032481162633], [113.52777506582518, 34.95967004010052], [113.52737558308837, 34.958524980570786]]]}}, {"type": "Feature", "properties": {"source": "B79 PCA natural-breaks core area", "Id": 52, "gridcode": 1}, "geometry": {"type": "Polygon", "coordinates": [[[113.5426469429184, 34.955580009310594], [113.5432748424932, 34.957379905041904], [113.54479738382163, 34.95608392848988], [113.5426469429184, 34.955580009310594]]]}}, {"type": "Feature", "properties": {"source": "B79 PCA natural-breaks core area", "Id": 53, "gridcode": 1}, "geometry": {"type": "Polygon", "coordinates": [[[113.4546120450747, 34.958524980570786], [113.46035733714999, 34.95806195425689], [113.46243227877672, 34.958198596524596], [113.46220912550484, 34.95592265143454], [113.4649092800945, 34.95493516203734], [113.45669586896923, 34.9551884651066], [113.45506120271673, 34.956743545337766], [113.45347993972884, 34.955239258754425], [113.45230846729471, 34.95743908079471], [113.45419627818019, 34.958129487633144], [113.4546120450747, 34.958524980570786]]]}}, {"type": "Feature", "properties": {"source": "B79 PCA natural-breaks core area", "Id": 54, "gridcode": 1}, "geometry": {"type": "Polygon", "coordinates": [[[113.47078172018884, 34.95484374996111], [113.46685411294625, 34.95517400358618], [113.47008199486804, 34.95581110009194], [113.47078172018884, 34.95484374996111]]]}}, {"type": "Feature", "properties": {"source": "B79 PCA natural-breaks core area", "Id": 55, "gridcode": 1}, "geometry": {"type": "Polygon", "coordinates": [[[113.50491770098537, 34.955580009310594], [113.50601296136841, 34.95532796570534], [113.50522523580157, 34.95468234407735], [113.50491770098537, 34.955580009310594]]]}}, {"type": "Feature", "properties": {"source": "B79 PCA natural-breaks core area", "Id": 56, "gridcode": 1}, "geometry": {"type": "Polygon", "coordinates": [[[113.54174862763428, 34.95484374996111], [113.54174862763428, 34.955580009310594], [113.5426469429184, 34.955580009310594], [113.5426469429184, 34.95484374996111], [113.54174862763428, 34.95484374996111]]]}}, {"type": "Feature", "properties": {"source": "B79 PCA natural-breaks core area", "Id": 57, "gridcode": 1}, "geometry": {"type": "Polygon", "coordinates": [[[113.54174862763428, 34.95484374996111], [113.54144109281808, 34.953946076664366], [113.54065336725124, 34.954591704091804], [113.54174862763428, 34.95484374996111]]]}}, {"type": "Feature", "properties": {"source": "B79 PCA natural-breaks core area", "Id": 58, "gridcode": 1}, "geometry": {"type": "Polygon", "coordinates": [[[113.51749411496304, 34.95999742651737], [113.51698475528352, 34.96060203702916], [113.51524832675274, 34.96028301373245], [113.51128645150158, 34.96101090290707], [113.50671433155361, 34.9592612068511], [113.50640679673742, 34.9601588219339], [113.50561907117059, 34.959513238360614], [113.50671433155361, 34.9592612068511], [113.50739464747434, 34.95815900784015], [113.51000581489933, 34.95754141795446], [113.51060937048085, 34.956563595465674], [113.51192959348661, 34.95601621087043], [113.51065674257592, 34.95395404761242], [113.50762311914116, 34.95521188046256], [113.50947852619773, 34.95598117384034], [113.50701610934438, 34.956563595465674], [113.50610721209921, 34.958036076652164], [113.50192097734227, 34.957458086116404], [113.50252453292377, 34.956563595465674], [113.5046159231946, 34.95606892788066], [113.50491770098537, 34.955580009310594], [113.49990283836657, 34.955887395294965], [113.49862949399655, 34.95734347837071], [113.49735614962653, 34.955887395294965], [113.49594891329338, 34.95527262217341], [113.49419702303715, 34.957275899410206], [113.48919718351328, 34.95646615802846], [113.48650223766093, 34.95690261325863], [113.48290897652444, 34.95632067149908], [113.48015832459734, 34.95676615419467], [113.47938984394413, 34.955887395294965], [113.47688652479575, 34.9550960955767], [113.47437498132531, 34.9555028571995], [113.47206071192666, 34.95512804913208], [113.47127260255814, 34.958350044972484], [113.47031249520096, 34.957252200981706], [113.4695083758188, 34.95885444983858], [113.47489826752353, 34.959568579028996], [113.47623285567848, 34.96109463273442], [113.47938984394413, 34.961777209901385], [113.48013990211594, 34.96337106887413], [113.48424208430144, 34.96398578124567], [113.48637503481308, 34.961546992501525], [113.4873264243889, 34.96263487951738], [113.48837299678533, 34.96324959741192], [113.48874802587123, 34.964414605617215], [113.49073721523328, 34.96474370297888], [113.49174474951434, 34.966375802814525], [113.4992260314899, 34.96687040818468], [113.50042612456478, 34.967359259395536], [113.50075432984376, 34.96602686901613], [113.5033329837822, 34.96705887516227], [113.50042612456478, 34.967359259395536], [113.50079303898625, 34.967794738335485], [113.50455078656391, 34.96839607316806], [113.50641151201539, 34.97060446609788], [113.5090423629845, 34.97000314747578], [113.51152331197689, 34.96705858872582], [113.51375418674985, 34.967725800411365], [113.51296668049827, 34.97060446609788], [113.51533056997334, 34.97000314747578], [113.51614017223685, 34.969042252283494], [113.51973990317335, 34.9683809652945], [113.52069842049494, 34.96855705047658], [113.52145429052099, 34.96765992896177], [113.52772687129792, 34.96698083242475], [113.52794185507655, 34.96619495580251], [113.52431372281454, 34.96543194489256], [113.52504755165747, 34.96250673430893], [113.52611035338278, 34.96190535625069], [113.52647726780424, 34.961469846007645], [113.52237700462722, 34.96114913823917], [113.52159437814007, 34.96007702616542], [113.52343860011862, 34.95891037511564], [113.52237700462722, 34.957468025501896], [113.52154278422636, 34.953443076818836], [113.52054994406737, 34.957299207445466], [113.52094970094826, 34.95951632766558], [113.51749411496304, 34.95999742651737]], [[113.50401938570127, 34.958524980570786], [113.50401938570127, 34.95999742651737], [113.50042612456478, 34.95999742651737], [113.50042612456478, 34.958524980570786], [113.50401938570127, 34.958524980570786]], [[113.49593454814418, 34.958524980570786], [113.49544646204438, 34.95945977370678], [113.49386870810055, 34.958823396450505], [113.49593454814418, 34.958524980570786]], [[113.49773117871243, 34.958524980570786], [113.49742364389623, 34.95942260371756], [113.49663591832939, 34.95877701434447], [113.49773117871243, 34.958524980570786]], [[113.4779682424618, 34.95631626204636], [113.4776607076456, 34.95721390938461], [113.47687298207876, 34.95656830261245], [113.4779682424618, 34.95631626204636]], [[113.48964634115534, 34.95778874767652], [113.48915825505554, 34.95872354921035], [113.48758050111171, 34.958087166237064], [113.48964634115534, 34.95778874767652]], [[113.4923412870077, 34.95778874767652], [113.4918532009079, 34.95872354921035], [113.49027544696406, 34.958087166237064], [113.4923412870077, 34.95778874767652]], [[113.5013244398489, 34.95705250816835], [113.5010169050327, 34.95795014744286], [113.50022917946586, 34.957304546470326], [113.5013244398489, 34.95705250816835]], [[113.48156150359827, 34.96073363956958], [113.48125396878207, 34.96163123852425], [113.48046624321523, 34.96098566655069], [113.48156150359827, 34.96073363956958]], [[113.48515476473474, 34.96073363956958], [113.48484722991856, 34.96163123852425], [113.48405950435172, 34.96098566655069], [113.48515476473474, 34.96073363956958]]]}}, {"type": "Feature", "properties": {"source": "B79 PCA natural-breaks core area", "Id": 59, "gridcode": 1}, "geometry": {"type": "Polygon", "coordinates": [[[113.51659579967894, 34.951898646427374], [113.5155005392959, 34.95215070057769], [113.51628826486274, 34.95279634214652], [113.51659579967894, 34.951898646427374]]]}}, {"type": "Feature", "properties": {"source": "B79 PCA natural-breaks core area", "Id": 60, "gridcode": 1}, "geometry": {"type": "Polygon", "coordinates": [[[113.52198569138365, 34.951162354010265], [113.52089043100062, 34.95141441042456], [113.52167815656746, 34.95206005779263], [113.52198569138365, 34.951162354010265]]]}}, {"type": "Feature", "properties": {"source": "B79 PCA natural-breaks core area", "Id": 61, "gridcode": 1}, "geometry": {"type": "Polygon", "coordinates": [[[113.55791830274843, 34.951162354010265], [113.5568230423654, 34.95141441042456], [113.55761076793223, 34.95206005779263], [113.55791830274843, 34.951162354010265]]]}}, {"type": "Feature", "properties": {"source": "B79 PCA natural-breaks core area", "Id": 62, "gridcode": 1}, "geometry": {"type": "Polygon", "coordinates": [[[114.10589062606134, 34.94968974933617], [114.10369451275628, 34.95020440898158], [114.10527577574419, 34.95145233397802], [114.10589062606134, 34.94968974933617]]]}}, {"type": "Feature", "properties": {"source": "B79 PCA natural-breaks core area", "Id": 63, "gridcode": 1}, "geometry": {"type": "Polygon", "coordinates": [[[113.52198569138365, 34.948953437079254], [113.52089043100062, 34.949205500285295], [113.52167815656746, 34.9498511650508], [113.52198569138365, 34.948953437079254]]]}}, {"type": "Feature", "properties": {"source": "B79 PCA natural-breaks core area", "Id": 64, "gridcode": 1}, "geometry": {"type": "Polygon", "coordinates": [[[113.58666439184024, 34.948953437079254], [113.58396944598789, 34.948953437079254], [113.58396944598789, 34.94968974933617], [113.58666439184024, 34.94968974933617], [113.58666439184024, 34.948953437079254]]]}}, {"type": "Feature", "properties": {"source": "B79 PCA natural-breaks core area", "Id": 65, "gridcode": 1}, "geometry": {"type": "Polygon", "coordinates": [[[114.09600915793602, 34.948953437079254], [114.09389452024816, 34.94990353773632], [114.09557798414487, 34.9505964460571], [114.09600915793602, 34.948953437079254]]]}}, {"type": "Feature", "properties": {"source": "B79 PCA natural-breaks core area", "Id": 66, "gridcode": 1}, "geometry": {"type": "Polygon", "coordinates": [[[114.10229736492487, 34.948953437079254], [114.10112984016534, 34.949362962153344], [114.10193757824918, 34.950626718917185], [114.10229736492487, 34.948953437079254]]]}}, {"type": "Feature", "properties": {"source": "B79 PCA natural-breaks core area", "Id": 67, "gridcode": 1}, "geometry": {"type": "Polygon", "coordinates": [[[114.10589062606134, 34.94968974933617], [114.10698588644436, 34.949437687619], [114.10619810604872, 34.94879201959702], [114.10589062606134, 34.94968974933617]]]}}, {"type": "Feature", "properties": {"source": "B79 PCA natural-breaks core area", "Id": 68, "gridcode": 1}, "geometry": {"type": "Polygon", "coordinates": [[[114.10229736492487, 34.948953437079254], [114.10535922519868, 34.948309383137044], [114.1037904631803, 34.947180911447006], [114.10229736492487, 34.948953437079254]]]}}, {"type": "Feature", "properties": {"source": "B79 PCA natural-breaks core area", "Id": 69, "gridcode": 1}, "geometry": {"type": "Polygon", "coordinates": [[[113.59744417524969, 34.94674446062988], [113.59775171006589, 34.94764221278992], [113.59853943563272, 34.9469965306275], [113.59744417524969, 34.94674446062988]]]}}, {"type": "Feature", "properties": {"source": "B79 PCA natural-breaks core area", "Id": 70, "gridcode": 1}, "geometry": {"type": "Polygon", "coordinates": [[[113.98731300855756, 34.94674446062988], [113.98840826894059, 34.94649238985726], [113.98762048854495, 34.9458466986396], [113.98731300855756, 34.94674446062988]]]}}, {"type": "Feature", "properties": {"source": "B79 PCA natural-breaks core area", "Id": 71, "gridcode": 1}, "geometry": {"type": "Polygon", "coordinates": [[[114.09331421208367, 34.94600812192074], [114.09362169207105, 34.9469058821435], [114.0944094724667, 34.94626019418219], [114.09331421208367, 34.94600812192074]]]}}, {"type": "Feature", "properties": {"source": "B79 PCA natural-breaks core area", "Id": 72, "gridcode": 1}, "geometry": {"type": "Polygon", "coordinates": [[[113.56869808615787, 34.944535424663854], [113.56760282577484, 34.94478750145283], [113.56839055134166, 34.94543320101172], [113.56869808615787, 34.944535424663854]]]}}, {"type": "Feature", "properties": {"source": "B79 PCA natural-breaks core area", "Id": 73, "gridcode": 1}, "geometry": {"type": "Polygon", "coordinates": [[[113.99449953083052, 34.944535424663854], [113.99152430008238, 34.944900180144884], [113.98965737897494, 34.94713489633418], [113.99410761446998, 34.94750614559556], [113.99449953083052, 34.944535424663854]]]}}, {"type": "Feature", "properties": {"source": "B79 PCA natural-breaks core area", "Id": 74, "gridcode": 1}, "geometry": {"type": "Polygon", "coordinates": [[[113.97204164872753, 34.943062700955814], [113.96984553542246, 34.94357740220184], [113.97142679841038, 34.94482542807181], [113.97204164872753, 34.943062700955814]]]}}, {"type": "Feature", "properties": {"source": "B79 PCA natural-breaks core area", "Id": 75, "gridcode": 1}, "geometry": {"type": "Polygon", "coordinates": [[[114.00168605310348, 34.943062700955814], [113.99694708907533, 34.94341661458971], [113.99502281702874, 34.944547188639085], [114.00119390967146, 34.94555803589794], [114.00168605310348, 34.943062700955814]]]}}, {"type": "Feature", "properties": {"source": "B79 PCA natural-breaks core area", "Id": 76, "gridcode": 1}, "geometry": {"type": "Polygon", "coordinates": [[[114.09331421208367, 34.94600812192074], [114.09300135887253, 34.94284201821151], [114.09036135149152, 34.94339348519275], [114.09214668732415, 34.944019746284845], [114.09268510627494, 34.94578744710355], [114.09331421208367, 34.94600812192074]]]}}, {"type": "Feature", "properties": {"source": "B79 PCA natural-breaks core area", "Id": 77, "gridcode": 1}, "geometry": {"type": "Polygon", "coordinates": [[[113.26237257427312, 34.942326329182805], [113.26127731389008, 34.942578412763005], [113.2620650394569, 34.94322412971784], [113.26237257427312, 34.942326329182805]]]}}, {"type": "Feature", "properties": {"source": "B79 PCA natural-breaks core area", "Id": 78, "gridcode": 1}, "geometry": {"type": "Polygon", "coordinates": [[[113.56959640144198, 34.942326329182805], [113.56740028813692, 34.94284103505088], [113.56898155112484, 34.94408907212852], [113.56959640144198, 34.942326329182805]]]}}, {"type": "Feature", "properties": {"source": "B79 PCA natural-breaks core area", "Id": 79, "gridcode": 1}, "geometry": {"type": "Polygon", "coordinates": [[[114.00348268367172, 34.941589950797216], [114.00047784536416, 34.94191002721227], [114.00287397418171, 34.942537260325956], [114.00348268367172, 34.941589950797216]]]}}, {"type": "Feature", "properties": {"source": "B79 PCA natural-breaks core area", "Id": 80, "gridcode": 1}, "geometry": {"type": "Polygon", "coordinates": [[[113.97743154043225, 34.943062700955814], [113.97852680081529, 34.943314782272324], [113.97773902041963, 34.943960493428555], [113.97743154043225, 34.943062700955814], [113.97596695315995, 34.94337079399515], [113.97619822109624, 34.94421659444915], [113.97473659457988, 34.94504380213518], [113.97886125657902, 34.94630887263413], [113.97985793475496, 34.94749211247708], [113.9823722744949, 34.94703009121459], [113.98644243665319, 34.94777799887236], [113.98731300855756, 34.94674446062988], [113.98498497712667, 34.94644371151428], [113.9823423379626, 34.94503315057747], [113.98155620243138, 34.944099824932394], [113.9801264862846, 34.9437990661162], [113.97976669960892, 34.945472453151815], [113.97895896152508, 34.94420861693633], [113.9801264862846, 34.9437990661162], [113.97852164690678, 34.94053277736495], [113.97782290850463, 34.94117435297839], [113.97743154043225, 34.943062700955814]]]}}, {"type": "Feature", "properties": {"source": "B79 PCA natural-breaks core area", "Id": 81, "gridcode": 1}, "geometry": {"type": "Polygon", "coordinates": [[[114.00527931423996, 34.94085356579908], [114.00412878641269, 34.9412217591247], [114.00527931423996, 34.941589950797216], [114.00527931423996, 34.94085356579908]]]}}, {"type": "Feature", "properties": {"source": "B79 PCA natural-breaks core area", "Id": 82, "gridcode": 1}, "geometry": {"type": "Polygon", "coordinates": [[[114.00527931423996, 34.94085356579908], [114.00736730512435, 34.9412217591247], [114.00527931423996, 34.941589950797216], [114.00582310641451, 34.94234182950821], [114.00935748140503, 34.94333676561404], [114.00980674870472, 34.94022239827562], [114.00842341773436, 34.94061181443005], [114.00595634043187, 34.9399173216502], [114.00527931423996, 34.94085356579908]]]}}, {"type": "Feature", "properties": {"source": "B79 PCA natural-breaks core area", "Id": 83, "gridcode": 1}, "geometry": {"type": "Polygon", "coordinates": [[[114.01426246708115, 34.93864437113017], [114.01306237400627, 34.939142054144575], [114.01374685691684, 34.942472882704195], [114.01515288701609, 34.94011285375617], [114.01426246708115, 34.93864437113017]]]}}, {"type": "Feature", "properties": {"source": "B79 PCA natural-breaks core area", "Id": 84, "gridcode": 1}, "geometry": {"type": "Polygon", "coordinates": [[[113.58037618485142, 34.93790795968256], [113.57928092446838, 34.938160056844545], [113.58006865003522, 34.93880580858982], [113.58037618485142, 34.93790795968256]]]}}, {"type": "Feature", "properties": {"source": "B79 PCA natural-breaks core area", "Id": 85, "gridcode": 1}, "geometry": {"type": "Polygon", "coordinates": [[[113.26147425898898, 34.93717154162271], [113.25846942068144, 34.93749163528261], [113.26086554949897, 34.93811890219027], [113.26147425898898, 34.93717154162271]]]}}, {"type": "Feature", "properties": {"source": "B79 PCA natural-breaks core area", "Id": 86, "gridcode": 1}, "geometry": {"type": "Polygon", "coordinates": [[[113.62349531848915, 34.9342258032625], [113.62385943664113, 34.935919387633625], [113.62463592230114, 34.93462595136806], [113.62349531848915, 34.9342258032625]]]}}, {"type": "Feature", "properties": {"source": "B79 PCA natural-breaks core area", "Id": 87, "gridcode": 1}, "geometry": {"type": "Polygon", "coordinates": [[[113.25877931313663, 34.93348935214251], [113.25917879587345, 34.93463476136924], [113.26255696357367, 34.935426590074286], [113.26293347303755, 34.93790795968256], [113.26259199918564, 34.940158575042766], [113.26502952375755, 34.94265378487265], [113.26646466795688, 34.94199887218537], [113.26729543414248, 34.94114847004242], [113.26995857928289, 34.94243173583227], [113.26792294991562, 34.939165263397044], [113.2654670028623, 34.93831689943043], [113.2632196246164, 34.933944662344366], [113.25877931313663, 34.93348935214251]]]}}, {"type": "Feature", "properties": {"source": "B79 PCA natural-breaks core area", "Id": 88, "gridcode": 1}, "geometry": {"type": "Polygon", "coordinates": [[[113.97204164872753, 34.93348935214251], [113.970874123968, 34.93389895444971], [113.97168186205184, 34.93516294955276], [113.97204164872753, 34.93348935214251]]]}}, {"type": "Feature", "properties": {"source": "B79 PCA natural-breaks core area", "Id": 89, "gridcode": 1}, "geometry": {"type": "Polygon", "coordinates": [[[113.25877931313663, 34.93348935214251], [113.25847177832043, 34.93259144503721], [113.2576840527536, 34.93323724062465], [113.25877931313663, 34.93348935214251]]]}}, {"type": "Feature", "properties": {"source": "B79 PCA natural-breaks core area", "Id": 90, "gridcode": 1}, "geometry": {"type": "Polygon", "coordinates": [[[113.58396944598789, 34.9342258032625], [113.58756270712438, 34.9342258032625], [113.58756270712438, 34.93275289441071], [113.58396944598789, 34.93275289441071], [113.58396944598789, 34.9342258032625]]]}}, {"type": "Feature", "properties": {"source": "B79 PCA natural-breaks core area", "Id": 91, "gridcode": 1}, "geometry": {"type": "Polygon", "coordinates": [[[113.97204164872753, 34.93348935214251], [113.97410748877117, 34.93319084685172], [113.97252973482733, 34.93255426005611], [113.97204164872753, 34.93348935214251]]]}}, {"type": "Feature", "properties": {"source": "B79 PCA natural-breaks core area", "Id": 92, "gridcode": 1}, "geometry": {"type": "Polygon", "coordinates": [[[113.59564754468146, 34.93275289441071], [113.59674280506448, 34.93250078062942], [113.59595507949766, 34.93185497924418], [113.59564754468146, 34.93275289441071]]]}}, {"type": "Feature", "properties": {"source": "B79 PCA natural-breaks core area", "Id": 93, "gridcode": 1}, "geometry": {"type": "Polygon", "coordinates": [[[113.60283406695441, 34.9312799591118], [113.60076822691076, 34.93157847135609], [113.6023459808546, 34.93221506572402], [113.60283406695441, 34.9312799591118]]]}}, {"type": "Feature", "properties": {"source": "B79 PCA natural-breaks core area", "Id": 94, "gridcode": 1}, "geometry": {"type": "Polygon", "coordinates": [[[113.99899110725111, 34.9312799591118], [113.99679499394605, 34.93179473430569], [113.99837625693397, 34.933042939485304], [113.99899110725111, 34.9312799591118]]]}}, {"type": "Feature", "properties": {"source": "B79 PCA natural-breaks core area", "Id": 95, "gridcode": 1}, "geometry": {"type": "Polygon", "coordinates": [[[113.60013912110205, 34.93054348154483], [113.59904386071901, 34.930795601341444], [113.59983158628584, 34.93144141106643], [113.60013912110205, 34.93054348154483]]]}}, {"type": "Feature", "properties": {"source": "B79 PCA natural-breaks core area", "Id": 96, "gridcode": 1}, "geometry": {"type": "Polygon", "coordinates": [[[113.60283406695441, 34.9312799591118], [113.60583890526195, 34.930959841211184], [113.60344277644442, 34.93033251955509], [113.60283406695441, 34.9312799591118]]]}}, {"type": "Feature", "properties": {"source": "B79 PCA natural-breaks core area", "Id": 97, "gridcode": 1}, "geometry": {"type": "Polygon", "coordinates": [[[113.58307113070377, 34.92907050657618], [113.58100529066013, 34.92936902686003], [113.58258304460396, 34.93000563837293], [113.58307113070377, 34.92907050657618]]]}}, {"type": "Feature", "properties": {"source": "B79 PCA natural-breaks core area", "Id": 98, "gridcode": 1}, "geometry": {"type": "Polygon", "coordinates": [[[113.60642732809089, 34.929806997366285], [113.60611979327467, 34.9289090499556], [113.60533206770785, 34.929554874531505], [113.60642732809089, 34.929806997366285]]]}}, {"type": "Feature", "properties": {"source": "B79 PCA natural-breaks core area", "Id": 99, "gridcode": 1}, "geometry": {"type": "Polygon", "coordinates": [[[113.97922817100049, 34.92907050657618], [113.97716233095684, 34.92936902686003], [113.97874008490068, 34.93000563837293], [113.97922817100049, 34.92907050657618]]]}}, {"type": "Feature", "properties": {"source": "B79 PCA natural-breaks core area", "Id": 100, "gridcode": 1}, "geometry": {"type": "Polygon", "coordinates": [[[114.01785572821763, 34.92759750516168], [114.01565961491255, 34.92811230346197], [114.01724087790048, 34.92936056467031], [114.01785572821763, 34.92759750516168]]]}}, {"type": "Feature", "properties": {"source": "B79 PCA natural-breaks core area", "Id": 101, "gridcode": 1}, "geometry": {"type": "Polygon", "coordinates": [[[113.63158015604623, 34.92686099453736], [113.6304848956632, 34.92711312565051], [113.63127262123004, 34.92775896436327], [113.63158015604623, 34.92686099453736]]]}}, {"type": "Feature", "properties": {"source": "B79 PCA natural-breaks core area", "Id": 102, "gridcode": 1}, "geometry": {"type": "Polygon", "coordinates": [[[113.998092791967, 34.92686099453736], [113.996552760247, 34.92715837655699], [113.99777039854227, 34.930087781615384], [114.00023188330577, 34.929309690371944], [113.9995469617647, 34.92787829697259], [113.99843525273754, 34.92731671238978], [113.998092791967, 34.92686099453736]]]}}, {"type": "Feature", "properties": {"source": "B79 PCA natural-breaks core area", "Id": 103, "gridcode": 1}, "geometry": {"type": "Polygon", "coordinates": [[[113.58666439184024, 34.92612447730178], [113.58365955353271, 34.92644461406946], [113.58605568235023, 34.92707196545372], [113.58666439184024, 34.92612447730178]]]}}, {"type": "Feature", "properties": {"source": "B79 PCA natural-breaks core area", "Id": 104, "gridcode": 1}, "geometry": {"type": "Polygon", "coordinates": [[[113.58756270712438, 34.9342258032625], [113.58756270712438, 34.93496224777054], [113.58935933769261, 34.93496224777054], [113.58935933769261, 34.93569868566668], [113.59051496459956, 34.93619769005151], [113.58974977367517, 34.93816202327802], [113.58935933769261, 34.93569868566668], [113.58756270712438, 34.93569868566668], [113.58756270712438, 34.93496224777054], [113.58396944598789, 34.93496224777054], [113.58396944598789, 34.9342258032625], [113.57542536228704, 34.933730708723466], [113.57431195356666, 34.941522150977804], [113.5760003520566, 34.945379336730504], [113.57271522885327, 34.94709192040887], [113.57172863917904, 34.947997011108285], [113.56822622938692, 34.94782590117792], [113.56737588931482, 34.9486059851894], [113.56449825385512, 34.94933432917044], [113.56288431289421, 34.95081491148235], [113.56170922175839, 34.95167545961043], [113.55654555373913, 34.952982364236284], [113.55569779062125, 34.95380393919557], [113.56268100765291, 34.9534627992771], [113.56823286367339, 34.95224406209212], [113.56914724379992, 34.95228873177548], [113.57591547705294, 34.95195809015709], [113.57720680527387, 34.950773499155886], [113.57995230329249, 34.95007860933124], [113.5825966969786, 34.949300887496555], [113.58396944598789, 34.948953437079254], [113.58396944598789, 34.947480792726054], [113.58192800476637, 34.94718586069642], [113.5834698458372, 34.94652378779452], [113.58396944598789, 34.947480792726054], [113.58666439184024, 34.947480792726054], [113.58666439184024, 34.948953437079254], [113.58846102240848, 34.94821711820919], [113.5887685572247, 34.94731937234435], [113.58955628279152, 34.94796505196427], [113.58846102240848, 34.94821711820919], [113.58912669903596, 34.95002939383099], [113.59070681061878, 34.948526113178985], [113.59160512590292, 34.949380758752135], [113.5937989912266, 34.94729354190784], [113.59696162686006, 34.947085246498446], [113.59744417524969, 34.94674446062988], [113.59802152265824, 34.94605902518712], [113.60156883724882, 34.94497102208117], [113.60274063865582, 34.94122802338589], [113.60695872895353, 34.940552795076364], [113.61017164260919, 34.93944656620635], [113.61230651212931, 34.93983889068855], [113.61398076478531, 34.938945148852035], [113.61805991886905, 34.938292139267105], [113.6197375709115, 34.93630025599423], [113.62133177349945, 34.93539789603905], [113.62206560234237, 34.934526597188245], [113.62349531848915, 34.9342258032625], [113.62265786318827, 34.933111549792415], [113.6187023480795, 34.93234779826096], [113.6177629660139, 34.930087781615384], [113.61541048093208, 34.929806997366285], [113.61510294611588, 34.930704934948885], [113.61431522054905, 34.93005911942623], [113.61541048093208, 34.929806997366285], [113.61501044990712, 34.92862927309847], [113.61108481650183, 34.92956769140301], [113.60956836117174, 34.92938396211702], [113.60642732809089, 34.929806997366285], [113.60642732809089, 34.93201643006712], [113.60951358718683, 34.93160078373595], [113.61400516360742, 34.931516928263335], [113.61041190247093, 34.93233725181105], [113.60961743296002, 34.93318110960624], [113.60725436591716, 34.932894823958726], [113.60642732809089, 34.93201643006712], [113.60356773131089, 34.932312051577604], [113.60642031000272, 34.93349510569252], [113.607325643375, 34.93496224777054], [113.60936708459653, 34.93525722376537], [113.6078252435257, 34.935919387633625], [113.607325643375, 34.93496224777054], [113.60575753930239, 34.935149577315244], [113.60306577352122, 34.93734084779441], [113.60283406695441, 34.93864437113017], [113.60392932733743, 34.93889646602859], [113.6031416017706, 34.939542211975585], [113.60283406695441, 34.93864437113017], [113.59914216878204, 34.93914153164135], [113.59791109742739, 34.93667565018392], [113.59705286200611, 34.937587159726476], [113.59474922939732, 34.93790795968256], [113.59426114329753, 34.938842990736894], [113.5926833893537, 34.938206447806856], [113.59474922939732, 34.93790795968256], [113.59528063025998, 34.93613433002376], [113.59564754468146, 34.93275289441071], [113.59517311095627, 34.93310041347426], [113.59415324019211, 34.93403620728657], [113.59433439459266, 34.931544629122456], [113.59791860897487, 34.93019595164934], [113.59876637209274, 34.92855453990895], [113.58960195519336, 34.92577692868765], [113.58803714084956, 34.92729386502785], [113.58983119446356, 34.92720618976264], [113.59068153453566, 34.927986469919695], [113.5922149319692, 34.92910972721493], [113.58978321925154, 34.93089100996814], [113.58893545613368, 34.93387828896665], [113.58756270712438, 34.9342258032625]], [[113.56690145558962, 34.94968974933617], [113.56654161408514, 34.951363016145265], [113.56573393083009, 34.950099270732096], [113.56690145558962, 34.94968974933617]], [[113.58756270712438, 34.94600812192074], [113.58725517230818, 34.9469058821435], [113.58646744674134, 34.94626019418219], [113.58756270712438, 34.94600812192074]], [[113.57857955428318, 34.943062700955814], [113.5770847015057, 34.942815326800925], [113.57648114592418, 34.94074131414816], [113.57930236253455, 34.94187074527618], [113.57857955428318, 34.943062700955814], [113.57983288613619, 34.9437990661162], [113.57857955428318, 34.944535424663854], [113.57809146818336, 34.94547038015391], [113.57651371423952, 34.9448338886661], [113.57857955428318, 34.944535424663854], [113.57857955428318, 34.943062700955814]], [[113.58307113070377, 34.941589950797216], [113.58258304460396, 34.9425249398722], [113.58100529066013, 34.94188842552063], [113.58307113070377, 34.941589950797216]], [[113.58037618485142, 34.93790795968256], [113.58178150217607, 34.93822875838383], [113.58346244394735, 34.93888131900685], [113.57785702017587, 34.94016089537773], [113.57826313719916, 34.93790795968256], [113.57769565897706, 34.934759927336366], [113.57897086752675, 34.93611431123386], [113.58189159843404, 34.93678105847784], [113.58076749809499, 34.93749234320444], [113.58037618485142, 34.93790795968256]], [[113.60552901280676, 34.93717154162271], [113.60516917130226, 34.938845063902356], [113.60436148804723, 34.937581125542465], [113.60552901280676, 34.93717154162271]]]}}, {"type": "Feature", "properties": {"source": "B79 PCA natural-breaks core area", "Id": 105, "gridcode": 1}, "geometry": {"type": "Polygon", "coordinates": [[[113.61630879621619, 34.92612447730178], [113.61514127145666, 34.926534116381255], [113.61594895471171, 34.9277982249626], [113.61630879621619, 34.92612447730178]]]}}, {"type": "Feature", "properties": {"source": "B79 PCA natural-breaks core area", "Id": 106, "gridcode": 1}, "geometry": {"type": "Polygon", "coordinates": [[[113.62439363377328, 34.92612447730178], [113.62042534355089, 34.926982840211494], [113.6211754017227, 34.92876301724259], [113.62312028940325, 34.929377994757324], [113.62389036009206, 34.93025884989346], [113.62926023927977, 34.92937622477768], [113.62819661512226, 34.92729001030753], [113.62566697814329, 34.9279049988634], [113.62437926862408, 34.929377994757324], [113.62368584861686, 34.92753657718451], [113.62439363377328, 34.92612447730178]]]}}, {"type": "Feature", "properties": {"source": "B79 PCA natural-breaks core area", "Id": 107, "gridcode": 1}, "geometry": {"type": "Polygon", "coordinates": [[[113.58217281541965, 34.92538795345497], [113.58107755503663, 34.925640089094564], [113.58186528060347, 34.92628593940207], [113.58217281541965, 34.92538795345497]]]}}, {"type": "Feature", "properties": {"source": "B79 PCA natural-breaks core area", "Id": 108, "gridcode": 1}, "geometry": {"type": "Polygon", "coordinates": [[[113.61900374206856, 34.92538795345497], [113.61693790202492, 34.925686487137554], [113.61851565596875, 34.92632312722438], [113.61900374206856, 34.92538795345497]]]}}, {"type": "Feature", "properties": {"source": "B79 PCA natural-breaks core area", "Id": 109, "gridcode": 1}, "geometry": {"type": "Polygon", "coordinates": [[[114.01605909764939, 34.92538795345497], [114.01489157288987, 34.925797596211474], [114.0156993109737, 34.927061716140074], [114.01605909764939, 34.92538795345497]]]}}, {"type": "Feature", "properties": {"source": "B79 PCA natural-breaks core area", "Id": 110, "gridcode": 1}, "geometry": {"type": "Polygon", "coordinates": [[[113.2479995297272, 34.924651422997016], [113.24593368968355, 34.924949959359274], [113.24751144362739, 34.925586605160696], [113.2479995297272, 34.924651422997016]]]}}, {"type": "Feature", "properties": {"source": "B79 PCA natural-breaks core area", "Id": 111, "gridcode": 1}, "geometry": {"type": "Polygon", "coordinates": [[[114.01336415179702, 34.924651422997016], [114.01036742815391, 34.92496125412379], [114.01240596344832, 34.926204320558], [114.01336415179702, 34.924651422997016]]]}}, {"type": "Feature", "properties": {"source": "B79 PCA natural-breaks core area", "Id": 112, "gridcode": 1}, "geometry": {"type": "Polygon", "coordinates": [[[113.60283406695441, 34.92391488592796], [113.60173880657138, 34.92416702609391], [113.6025265321382, 34.92481288799594], [113.60283406695441, 34.92391488592796]]]}}, {"type": "Feature", "properties": {"source": "B79 PCA natural-breaks core area", "Id": 113, "gridcode": 1}, "geometry": {"type": "Polygon", "coordinates": [[[113.61720711150032, 34.92391488592796], [113.61784350954126, 34.92490552765106], [113.62016699018062, 34.924230238023426], [113.61720711150032, 34.92391488592796]]]}}, {"type": "Feature", "properties": {"source": "B79 PCA natural-breaks core area", "Id": 114, "gridcode": 1}, "geometry": {"type": "Polygon", "coordinates": [[[113.99360121554639, 34.92391488592796], [113.99250595516337, 34.92416702609391], [113.993293735559, 34.92481288799594], [113.99360121554639, 34.92391488592796]]]}}, {"type": "Feature", "properties": {"source": "B79 PCA natural-breaks core area", "Id": 115, "gridcode": 1}, "geometry": {"type": "Polygon", "coordinates": [[[113.61271553507972, 34.92317834224787], [113.61162027469669, 34.923430484676985], [113.61240800026351, 34.924076352376176], [113.61271553507972, 34.92317834224787]]]}}, {"type": "Feature", "properties": {"source": "B79 PCA natural-breaks core area", "Id": 116, "gridcode": 1}, "geometry": {"type": "Polygon", "coordinates": [[[113.63517341718271, 34.92317834224787], [113.63407815679967, 34.923430484676985], [113.63486593719533, 34.924076352376176], [113.63517341718271, 34.92317834224787]]]}}, {"type": "Feature", "properties": {"source": "B79 PCA natural-breaks core area", "Id": 117, "gridcode": 1}, "geometry": {"type": "Polygon", "coordinates": [[[113.61720711150032, 34.92391488592796], [113.61684299334834, 34.922221053730965], [113.61606650768833, 34.923514685577715], [113.61720711150032, 34.92391488592796]]]}}, {"type": "Feature", "properties": {"source": "B79 PCA natural-breaks core area", "Id": 118, "gridcode": 1}, "geometry": {"type": "Polygon", "coordinates": [[[113.63247847133034, 34.922441791956814], [113.63138321094732, 34.922693936649054], [113.63217093651414, 34.92333981014538], [113.63247847133034, 34.922441791956814]]]}}, {"type": "Feature", "properties": {"source": "B79 PCA natural-breaks core area", "Id": 119, "gridcode": 1}, "geometry": {"type": "Polygon", "coordinates": [[[113.25428773671604, 34.921705235054866], [113.253192476333, 34.921957382010206], [113.25398020189984, 34.922603261303585], [113.25428773671604, 34.921705235054866]]]}}, {"type": "Feature", "properties": {"source": "B79 PCA natural-breaks core area", "Id": 120, "gridcode": 1}, "geometry": {"type": "Polygon", "coordinates": [[[113.61541048093208, 34.921705235054866], [113.61431522054905, 34.921957382010206], [113.61510294611588, 34.922603261303585], [113.61541048093208, 34.921705235054866]]]}}, {"type": "Feature", "properties": {"source": "B79 PCA natural-breaks core area", "Id": 121, "gridcode": 1}, "geometry": {"type": "Polygon", "coordinates": [[[113.62439363377328, 34.921705235054866], [113.62223008878357, 34.9221604814081], [113.62316552317458, 34.92495225202802], [113.62562596619063, 34.92411091696644], [113.62439363377328, 34.921705235054866]]]}}, {"type": "Feature", "properties": {"source": "B79 PCA natural-breaks core area", "Id": 122, "gridcode": 1}, "geometry": {"type": "Polygon", "coordinates": [[[113.62798689490975, 34.920968671542035], [113.62689163452671, 34.92122082076049], [113.62767936009355, 34.921866705850896], [113.62798689490975, 34.920968671542035]]]}}, {"type": "Feature", "properties": {"source": "B79 PCA natural-breaks core area", "Id": 123, "gridcode": 1}, "geometry": {"type": "Polygon", "coordinates": [[[113.99090626969404, 34.920968671542035], [113.9912703330172, 34.9226625295889], [113.99204681867721, 34.921368884308706], [113.99090626969404, 34.920968671542035]]]}}, {"type": "Feature", "properties": {"source": "B79 PCA natural-breaks core area", "Id": 124, "gridcode": 1}, "geometry": {"type": "Polygon", "coordinates": [[[113.25249110614779, 34.92023210141846], [113.25139584576476, 34.92048425289997], [113.2521835713316, 34.92113014378734], [113.25249110614779, 34.92023210141846]]]}}, {"type": "Feature", "properties": {"source": "B79 PCA natural-breaks core area", "Id": 125, "gridcode": 1}, "geometry": {"type": "Polygon", "coordinates": [[[113.9891096391258, 34.92023210141846], [113.9891096391258, 34.920968671542035], [113.99090626969404, 34.920968671542035], [113.99090626969404, 34.92023210141846], [113.9891096391258, 34.92023210141846]]]}}, {"type": "Feature", "properties": {"source": "B79 PCA natural-breaks core area", "Id": 126, "gridcode": 1}, "geometry": {"type": "Polygon", "coordinates": [[[113.25428773671604, 34.91949552468415], [113.2546790499596, 34.91991123233992], [113.25597180372968, 34.920729412855486], [113.25518605200016, 34.924651422997016], [113.25728857252018, 34.92509381857977], [113.25824791227397, 34.927624875817116], [113.25643285922432, 34.928634824704126], [113.25518605200016, 34.924651422997016], [113.2546790499596, 34.92497227354183], [113.25383857907397, 34.925865055018], [113.25289426241514, 34.92486200062487], [113.25110503373675, 34.9250787870141], [113.24754828859021, 34.92291670783496], [113.24664470973998, 34.92195688749499], [113.24581158591538, 34.923098709584934], [113.24760821648361, 34.9242357393527], [113.2479995297272, 34.924651422997016], [113.24853093058985, 34.92495225202802], [113.24926475943278, 34.92582365256838], [113.25032756115809, 34.92642530093225], [113.25142830442249, 34.927732380425944], [113.25305447220885, 34.928652901134065], [113.25267412472802, 34.93004377410971], [113.25384230743332, 34.930258479044554], [113.25608436728427, 34.929806997366285], [113.25657245338407, 34.92887186330534], [113.2581502073279, 34.929508478676055], [113.25608436728427, 34.929806997366285], [113.25647568052786, 34.93022265278582], [113.25748968460894, 34.93086430904915], [113.25887641496574, 34.93233725181105], [113.26018463046128, 34.93169560706848], [113.26096725694845, 34.930127827750766], [113.26200878509403, 34.92946874690105], [113.26096725694845, 34.926540151377914], [113.25971321232086, 34.92048723128371], [113.25747784158517, 34.920758083923346], [113.25659136932481, 34.91981639538796], [113.25428773671604, 34.91949552468415]]]}}, {"type": "Feature", "properties": {"source": "B79 PCA natural-breaks core area", "Id": 127, "gridcode": 1}, "geometry": {"type": "Polygon", "coordinates": [[[113.65673298400158, 34.91949552468415], [113.65673298400158, 34.92023210141846], [113.6576312992857, 34.92023210141846], [113.6576312992857, 34.91949552468415], [113.65673298400158, 34.91949552468415]]]}}, {"type": "Feature", "properties": {"source": "B79 PCA natural-breaks core area", "Id": 128, "gridcode": 1}, "geometry": {"type": "Polygon", "coordinates": [[[113.59744417524969, 34.91875894133919], [113.59654585996557, 34.91875894133919], [113.59699501760763, 34.91970233914083], [113.59744417524969, 34.91875894133919]]]}}, {"type": "Feature", "properties": {"source": "B79 PCA natural-breaks core area", "Id": 129, "gridcode": 1}, "geometry": {"type": "Polygon", "coordinates": [[[113.63517341718271, 34.91875894133919], [113.63307500882371, 34.91910629488922], [113.63401861270798, 34.92047954368173], [113.635895074029, 34.91994931095252], [113.63517341718271, 34.91875894133919]]]}}, {"type": "Feature", "properties": {"source": "B79 PCA natural-breaks core area", "Id": 130, "gridcode": 1}, "geometry": {"type": "Polygon", "coordinates": [[[113.66571613684278, 34.92023210141846], [113.66770916422179, 34.91999396450966], [113.6659990535216, 34.91864001132688], [113.66571613684278, 34.92023210141846]]]}}, {"type": "Feature", "properties": {"source": "B79 PCA natural-breaks core area", "Id": 131, "gridcode": 1}, "geometry": {"type": "Polygon", "coordinates": [[[113.25249110614779, 34.91802235138364], [113.25249110614779, 34.91949552468415], [113.25428773671604, 34.91949552468415], [113.25428773671604, 34.91802235138364], [113.25249110614779, 34.91802235138364]]]}}, {"type": "Feature", "properties": {"source": "B79 PCA natural-breaks core area", "Id": 132, "gridcode": 1}, "geometry": {"type": "Polygon", "coordinates": [[[113.59654585996557, 34.91802235138364], [113.59445786908118, 34.91839064718773], [113.59654585996557, 34.91875894133919], [113.59654585996557, 34.91802235138364]]]}}, {"type": "Feature", "properties": {"source": "B79 PCA natural-breaks core area", "Id": 133, "gridcode": 1}, "geometry": {"type": "Polygon", "coordinates": [[[113.59744417524969, 34.91802235138364], [113.59744417524969, 34.91875894133919], [113.59859470307696, 34.91839064718773], [113.59744417524969, 34.91802235138364]]]}}, {"type": "Feature", "properties": {"source": "B79 PCA natural-breaks core area", "Id": 134, "gridcode": 1}, "geometry": {"type": "Polygon", "coordinates": [[[114.01336415179702, 34.91802235138364], [114.012268891414, 34.91827450965423], [114.01305667180964, 34.918920417932135], [114.01336415179702, 34.91802235138364]]]}}, {"type": "Feature", "properties": {"source": "B79 PCA natural-breaks core area", "Id": 135, "gridcode": 1}, "geometry": {"type": "Polygon", "coordinates": [[[113.25249110614779, 34.91802235138364], [113.25199490538355, 34.916294813176656], [113.24675875367252, 34.91775798617991], [113.24748726412052, 34.91852390786458], [113.25115997220811, 34.9175334026566], [113.25249110614779, 34.91802235138364]]]}}, {"type": "Feature", "properties": {"source": "B79 PCA natural-breaks core area", "Id": 136, "gridcode": 1}, "geometry": {"type": "Polygon", "coordinates": [[[113.59654585996557, 34.91802235138364], [113.59744417524969, 34.91802235138364], [113.59699501760763, 34.9163102228831], [113.59654585996557, 34.91802235138364]]]}}, {"type": "Feature", "properties": {"source": "B79 PCA natural-breaks core area", "Id": 137, "gridcode": 1}, "geometry": {"type": "Polygon", "coordinates": [[[113.64774983116038, 34.91728575481753], [113.6486481464445, 34.91728575481753], [113.64819898880245, 34.91634232923881], [113.64774983116038, 34.91728575481753]]]}}, {"type": "Feature", "properties": {"source": "B79 PCA natural-breaks core area", "Id": 138, "gridcode": 1}, "geometry": {"type": "Polygon", "coordinates": [[[113.6809874966728, 34.91654915164099], [113.67981997191328, 34.91695883851924], [113.68062770999711, 34.918223094606375], [113.6809874966728, 34.91654915164099]]]}}, {"type": "Feature", "properties": {"source": "B79 PCA natural-breaks core area", "Id": 139, "gridcode": 1}, "geometry": {"type": "Polygon", "coordinates": [[[113.97114333344341, 34.92907050657618], [113.97152790274289, 34.92664376332315], [113.97235154118272, 34.928548746679176], [113.97114333344341, 34.92907050657618], [113.97232467506399, 34.93015452890944], [113.97435103836175, 34.9294460799457], [113.97336390039939, 34.92872297044102], [113.9725160276239, 34.92573550371665], [113.97156441873284, 34.92503831134899], [113.97172638304859, 34.922810067928715], [113.97156573462438, 34.9206003873066], [113.97171497865533, 34.91854695997844], [113.97009259405712, 34.91705806223802], [113.96889261063987, 34.91920191379724], [113.96792663659961, 34.91663691697055], [113.96526349145921, 34.917639195211855], [113.96804660204404, 34.92399924929282], [113.96760226933759, 34.93011220150046], [113.97114333344341, 34.92907050657618]]]}}, {"type": "Feature", "properties": {"source": "B79 PCA natural-breaks core area", "Id": 140, "gridcode": 1}, "geometry": {"type": "Polygon", "coordinates": [[[113.9891096391258, 34.92023210141846], [113.98869590089741, 34.9190454842404], [113.98689619991559, 34.91991291822929], [113.98506722034726, 34.91972638560068], [113.98322990679924, 34.91991377241323], [113.98242194940015, 34.91908649111206], [113.9796276537373, 34.918431390259116], [113.97593833251918, 34.91622159174211], [113.97363968933244, 34.917107095210646], [113.97315938892419, 34.92027351230889], [113.97423776203259, 34.921377695733554], [113.97739820451349, 34.92345281051151], [113.97872933845319, 34.927269989359246], [113.97972700354778, 34.92792501965672], [113.98102677540602, 34.929255736834826], [113.98416890506314, 34.92957616480929], [113.98502248003525, 34.92791538854876], [113.98745084819528, 34.928163038026184], [113.98861080657849, 34.92055964531196], [113.9891096391258, 34.92023210141846]], [[113.98282143213696, 34.920968671542035], [113.98169788008605, 34.92264939694987], [113.9807067944491, 34.92134165767433], [113.98282143213696, 34.920968671542035]]]}}, {"type": "Feature", "properties": {"source": "B79 PCA natural-breaks core area", "Id": 141, "gridcode": 1}, "geometry": {"type": "Polygon", "coordinates": [[[113.25608436728427, 34.915812541853995], [113.25639190210046, 34.91671063258145], [113.2571796276673, 34.916064706913495], [113.25608436728427, 34.915812541853995]]]}}, {"type": "Feature", "properties": {"source": "B79 PCA natural-breaks core area", "Id": 142, "gridcode": 1}, "geometry": {"type": "Polygon", "coordinates": [[[113.64146162417154, 34.91802235138364], [113.64255688455458, 34.91827450965423], [113.64176910415893, 34.918920417932135], [113.64146162417154, 34.91802235138364], [113.64056330888742, 34.91802235138364], [113.64056330888742, 34.91949552468415], [113.64165856927046, 34.919747678428706], [113.6408707888748, 34.92039357511298], [113.64056330888742, 34.91949552468415], [113.63657867967855, 34.920811441754225], [113.63736141582335, 34.922120931517725], [113.63927362553092, 34.92276265114137], [113.6410536977974, 34.9236430041227], [113.6422043352823, 34.92025498446429], [113.64626068057953, 34.92074649074286], [113.64909730408655, 34.919343484649424], [113.65265876451107, 34.92110500192661], [113.65461999117812, 34.91986381387764], [113.65302403406814, 34.91885377951307], [113.65224140758099, 34.91654915164099], [113.65044477701275, 34.91654915164099], [113.65044477701275, 34.91728575481753], [113.65154003739576, 34.91753791535112], [113.65075225700014, 34.91818382942574], [113.65044477701275, 34.91728575481753], [113.6486481464445, 34.91728575481753], [113.64819898880245, 34.91899786296896], [113.64774983116038, 34.91728575481753], [113.6450895371183, 34.91584421567135], [113.64196341747478, 34.916418860669395], [113.64146162417154, 34.91802235138364]], [[113.64685151587626, 34.91875894133919], [113.64654403588888, 34.91965699982788], [113.64575625549324, 34.919011097346775], [113.64685151587626, 34.91875894133919]]]}}, {"type": "Feature", "properties": {"source": "B79 PCA natural-breaks core area", "Id": 143, "gridcode": 1}, "geometry": {"type": "Polygon", "coordinates": [[[113.67919086610456, 34.915812541853995], [113.67712502606092, 34.916111110370345], [113.67870278000476, 34.916747824743], [113.67919086610456, 34.915812541853995]]]}}, {"type": "Feature", "properties": {"source": "B79 PCA natural-breaks core area", "Id": 144, "gridcode": 1}, "geometry": {"type": "Polygon", "coordinates": [[[113.25069447557955, 34.91507592545669], [113.24959921519651, 34.91532809277911], [113.25038694076335, 34.91597402424361], [113.25069447557955, 34.91507592545669]]]}}, {"type": "Feature", "properties": {"source": "B79 PCA natural-breaks core area", "Id": 145, "gridcode": 1}, "geometry": {"type": "Polygon", "coordinates": [[[113.65224140758099, 34.91654915164099], [113.65403803814922, 34.91654915164099], [113.65354117943922, 34.91481936815545], [113.65224140758099, 34.91654915164099]]]}}, {"type": "Feature", "properties": {"source": "B79 PCA natural-breaks core area", "Id": 146, "gridcode": 1}, "geometry": {"type": "Polygon", "coordinates": [[[113.25159279086367, 34.91507592545669], [113.25219991031808, 34.91605999744165], [113.25458951450679, 34.91539784188767], [113.25370830581255, 34.914213633247556], [113.25159279086367, 34.91507592545669]]]}}, {"type": "Feature", "properties": {"source": "B79 PCA natural-breaks core area", "Id": 147, "gridcode": 1}, "geometry": {"type": "Polygon", "coordinates": [[[113.25608436728427, 34.915812541853995], [113.2557202491323, 34.91411854243097], [113.25494376347228, 34.915412301992745], [113.25608436728427, 34.915812541853995]]]}}, {"type": "Feature", "properties": {"source": "B79 PCA natural-breaks core area", "Id": 148, "gridcode": 1}, "geometry": {"type": "Polygon", "coordinates": [[[113.67919086610456, 34.91433930244909], [113.67809560572154, 34.914591472034395], [113.67888338611718, 34.91523740929544], [113.67919086610456, 34.91433930244909]]]}}, {"type": "Feature", "properties": {"source": "B79 PCA natural-breaks core area", "Id": 149, "gridcode": 1}, "geometry": {"type": "Polygon", "coordinates": [[[113.25069447557955, 34.91507592545669], [113.25159279086367, 34.91507592545669], [113.25114363322162, 34.91336373549689], [113.25069447557955, 34.91507592545669]]]}}, {"type": "Feature", "properties": {"source": "B79 PCA natural-breaks core area", "Id": 150, "gridcode": 1}, "geometry": {"type": "Polygon", "coordinates": [[[113.65583466871746, 34.91654915164099], [113.65673298400158, 34.91654915164099], [113.65718214164364, 34.91408658694624], [113.6576312992857, 34.91654915164099], [113.66059117796598, 34.91686453204058], [113.65826775215545, 34.9175398822789], [113.6576312992857, 34.91654915164099], [113.65673298400158, 34.91654915164099], [113.65628382635951, 34.91749257484251], [113.65583466871746, 34.91654915164099], [113.65403803814922, 34.91654915164099], [113.65620158313892, 34.919194675649315], [113.65673298400158, 34.91949552468415], [113.65742053732572, 34.917714708252774], [113.658961665622, 34.91922139722491], [113.6576312992857, 34.92023210141846], [113.6580581964294, 34.92155888044712], [113.65987708749599, 34.92126418113195], [113.660781324292, 34.92141069361205], [113.66534110775687, 34.92066115184669], [113.66571613684278, 34.92023210141846], [113.66521730429547, 34.91990455621771], [113.66391950627452, 34.91857569924541], [113.66257203334835, 34.9199554307279], [113.66107586467935, 34.91842347205552], [113.66650051785197, 34.91654915164099], [113.66610947875246, 34.91397098846646], [113.66625729723427, 34.91299590046612], [113.66077540278012, 34.91355504840199], [113.65636003841061, 34.91310468876138], [113.65583466871746, 34.91654915164099]]]}}, {"type": "Feature", "properties": {"source": "B79 PCA natural-breaks core area", "Id": 151, "gridcode": 1}, "geometry": {"type": "Polygon", "coordinates": [[[113.61720711150032, 34.912129393765255], [113.61054387542558, 34.91247595483008], [113.61634618946715, 34.91311438904872], [113.61720711150032, 34.912129393765255]]]}}, {"type": "Feature", "properties": {"source": "B79 PCA natural-breaks core area", "Id": 152, "gridcode": 1}, "geometry": {"type": "Polygon", "coordinates": [[[113.64415657002391, 34.912129393765255], [113.64306130964087, 34.9123815701391], [113.64384909003651, 34.913027524789385], [113.64415657002391, 34.912129393765255]]]}}, {"type": "Feature", "properties": {"source": "B79 PCA natural-breaks core area", "Id": 153, "gridcode": 1}, "geometry": {"type": "Polygon", "coordinates": [[[113.64954646172862, 34.912129393765255], [113.64845120134558, 34.9123815701391], [113.64923898174123, 34.913027524789385], [113.64954646172862, 34.912129393765255]]]}}, {"type": "Feature", "properties": {"source": "B79 PCA natural-breaks core area", "Id": 154, "gridcode": 1}, "geometry": {"type": "Polygon", "coordinates": [[[113.65313972286509, 34.912129393765255], [113.65107388282146, 34.91242797567804], [113.6526516367653, 34.91306471861976], [113.65313972286509, 34.912129393765255]]]}}, {"type": "Feature", "properties": {"source": "B79 PCA natural-breaks core area", "Id": 155, "gridcode": 1}, "geometry": {"type": "Polygon", "coordinates": [[[113.67380097439985, 34.912129393765255], [113.67324511988627, 34.91241023850288], [113.67206520381484, 34.91398056501063], [113.66806862192459, 34.91475242854764], [113.67003171277129, 34.915718633072494], [113.67155518618955, 34.91532951462519], [113.67248903054497, 34.915568035982965], [113.67547807815417, 34.91473278669954], [113.6741434351704, 34.91405846431099], [113.67380097439985, 34.912129393765255]]]}}, {"type": "Feature", "properties": {"source": "B79 PCA natural-breaks core area", "Id": 156, "gridcode": 1}, "geometry": {"type": "Polygon", "coordinates": [[[113.67649592025221, 34.912129393765255], [113.67450289287319, 34.91236755349182], [113.67621300357337, 34.913721610142495], [113.67649592025221, 34.912129393765255]]]}}, {"type": "Feature", "properties": {"source": "B79 PCA natural-breaks core area", "Id": 157, "gridcode": 1}, "geometry": {"type": "Polygon", "coordinates": [[[113.65583466871746, 34.91139274431715], [113.6537688286738, 34.91169132890916], [113.65534658261765, 34.91232807756453], [113.65583466871746, 34.91139274431715]]]}}, {"type": "Feature", "properties": {"source": "B79 PCA natural-breaks core area", "Id": 158, "gridcode": 1}, "geometry": {"type": "Polygon", "coordinates": [[[113.9891096391258, 34.91139274431715], [113.98704379908216, 34.91169132890916], [113.988621553026, 34.91232807756453], [113.9891096391258, 34.91139274431715]]]}}, {"type": "Feature", "properties": {"source": "B79 PCA natural-breaks core area", "Id": 159, "gridcode": 1}, "geometry": {"type": "Polygon", "coordinates": [[[113.61810542678444, 34.91065608825908], [113.61720711150032, 34.91065608825908], [113.61720711150032, 34.912129393765255], [113.61810542678444, 34.912129393765255], [113.61810542678444, 34.91065608825908]]]}}, {"type": "Feature", "properties": {"source": "B79 PCA natural-breaks core area", "Id": 160, "gridcode": 1}, "geometry": {"type": "Polygon", "coordinates": [[[113.63337678661448, 34.91065608825908], [113.63220926185494, 34.91106580454907], [113.63301694510997, 34.91233015140002], [113.63337678661448, 34.91065608825908]]]}}, {"type": "Feature", "properties": {"source": "B79 PCA natural-breaks core area", "Id": 161, "gridcode": 1}, "geometry": {"type": "Polygon", "coordinates": [[[113.64774983116038, 34.91065608825908], [113.64568399111674, 34.9109546755303], [113.64726174506058, 34.91159142989924], [113.64774983116038, 34.91065608825908]]]}}, {"type": "Feature", "properties": {"source": "B79 PCA natural-breaks core area", "Id": 162, "gridcode": 1}, "geometry": {"type": "Polygon", "coordinates": [[[113.65942792985393, 34.91065608825908], [113.65826040509441, 34.91106580454907], [113.65906814317825, 34.91233015140002], [113.65942792985393, 34.91065608825908]]]}}, {"type": "Feature", "properties": {"source": "B79 PCA natural-breaks core area", "Id": 163, "gridcode": 1}, "geometry": {"type": "Polygon", "coordinates": [[[113.61810542678444, 34.91065608825908], [113.61920068716746, 34.91040390658501], [113.61841296160063, 34.90975793129114], [113.61810542678444, 34.91065608825908]]]}}, {"type": "Feature", "properties": {"source": "B79 PCA natural-breaks core area", "Id": 164, "gridcode": 1}, "geometry": {"type": "Polygon", "coordinates": [[[113.63158015604623, 34.90918275631327], [113.62951431600258, 34.909481348942805], [113.63109206994642, 34.910118114738765], [113.63158015604623, 34.90918275631327]]]}}, {"type": "Feature", "properties": {"source": "B79 PCA natural-breaks core area", "Id": 165, "gridcode": 1}, "geometry": {"type": "Polygon", "coordinates": [[[113.67290265911572, 34.90918275631327], [113.6718073987327, 34.90943494173824], [113.67259517912834, 34.910080919573396], [113.67290265911572, 34.90918275631327]]]}}, {"type": "Feature", "properties": {"source": "B79 PCA natural-breaks core area", "Id": 166, "gridcode": 1}, "geometry": {"type": "Polygon", "coordinates": [[[113.99090626969404, 34.90991942559109], [113.99190174163608, 34.91097699351807], [113.99301016093442, 34.9092411518929], [113.99090626969404, 34.90991942559109]]]}}, {"type": "Feature", "properties": {"source": "B79 PCA natural-breaks core area", "Id": 167, "gridcode": 1}, "geometry": {"type": "Polygon", "coordinates": [[[113.64415657002391, 34.90844608042567], [113.63933876216161, 34.90875548375464], [113.64038050962246, 34.91018692968447], [113.64369107339535, 34.90911556481296], [113.64415657002391, 34.90844608042567]]]}}, {"type": "Feature", "properties": {"source": "B79 PCA natural-breaks core area", "Id": 168, "gridcode": 1}, "geometry": {"type": "Polygon", "coordinates": [[[113.65134309229686, 34.90844608042567], [113.64927725225321, 34.9087446757343], [113.65085500619706, 34.90938144724371], [113.65134309229686, 34.90844608042567]]]}}, {"type": "Feature", "properties": {"source": "B79 PCA natural-breaks core area", "Id": 169, "gridcode": 1}, "geometry": {"type": "Polygon", "coordinates": [[[113.99090626969404, 34.90991942559109], [113.99027837011923, 34.90811848819337], [113.98875588361962, 34.9094152255533], [113.99090626969404, 34.90991942559109]]]}}, {"type": "Feature", "properties": {"source": "B79 PCA natural-breaks core area", "Id": 170, "gridcode": 1}, "geometry": {"type": "Polygon", "coordinates": [[[113.65134309229686, 34.90844608042567], [113.6524383526799, 34.90819389196338], [113.65165057228424, 34.90754789928137], [113.65134309229686, 34.90844608042567]]]}}, {"type": "Feature", "properties": {"source": "B79 PCA natural-breaks core area", "Id": 171, "gridcode": 1}, "geometry": {"type": "Polygon", "coordinates": [[[113.67290265911572, 34.90918275631327], [113.67407018387524, 34.908773030626016], [113.67326244579141, 34.90750862899439], [113.67290265911572, 34.90918275631327]]]}}, {"type": "Feature", "properties": {"source": "B79 PCA natural-breaks core area", "Id": 172, "gridcode": 1}, "geometry": {"type": "Polygon", "coordinates": [[[113.6944622259346, 34.90770939792835], [113.69336696555156, 34.90796158787876], [113.6941547459472, 34.90860757730599], [113.6944622259346, 34.90770939792835]]]}}, {"type": "Feature", "properties": {"source": "B79 PCA natural-breaks core area", "Id": 173, "gridcode": 1}, "geometry": {"type": "Polygon", "coordinates": [[[113.67919086610456, 34.90697270882134], [113.67712502606092, 34.90727130948814], [113.67870278000476, 34.907908092424236], [113.67919086610456, 34.90697270882134]]]}}, {"type": "Feature", "properties": {"source": "B79 PCA natural-breaks core area", "Id": 174, "gridcode": 1}, "geometry": {"type": "Polygon", "coordinates": [[[113.66481782155866, 34.90844608042567], [113.66367727257548, 34.90804580464888], [113.6644537582355, 34.90675192899399], [113.66481782155866, 34.90844608042567], [113.66654865755041, 34.90889545395296], [113.66818233688426, 34.91312691062304], [113.66974144903143, 34.91174702501326], [113.67239428635484, 34.91072035034297], [113.66930939797925, 34.90991942559109], [113.66900191799186, 34.910817580792326], [113.66821413759622, 34.91017160875334], [113.66930939797925, 34.90991942559109], [113.66887734692708, 34.90953704654616], [113.66751539919406, 34.90850217216022], [113.6688431337473, 34.907327008590734], [113.67602965602026, 34.90592317172263], [113.66807278891443, 34.90528268063739], [113.65720451179963, 34.906702518880806], [113.65899587880176, 34.908063694518916], [113.66066059124417, 34.90953704654616], [113.66438577050647, 34.908828464551576], [113.66481782155866, 34.90844608042567]]]}}, {"type": "Feature", "properties": {"source": "B79 PCA natural-breaks core area", "Id": 175, "gridcode": 1}, "geometry": {"type": "Polygon", "coordinates": [[[113.68547907309339, 34.904762601843096], [113.67840725269876, 34.90518181270029], [113.67919086610456, 34.90697270882134], [113.68368244252515, 34.90697270882134], [113.68413160016722, 34.90602916471967], [113.68458075780929, 34.90697270882134], [113.68567601819232, 34.90722490103445], [113.68488823779667, 34.907870896257684], [113.68458075780929, 34.90697270882134], [113.68368244252515, 34.90697270882134], [113.68289860980411, 34.90853697374618], [113.68869730514399, 34.909490319013464], [113.68954375237031, 34.910458788622144], [113.6903456785999, 34.90875364588544], [113.69256131096265, 34.90805286392575], [113.68761640991015, 34.90739727596172], [113.68817401894576, 34.90549931077867], [113.6858896312506, 34.90643052947391], [113.68547907309339, 34.904762601843096]]]}}, {"type": "Feature", "properties": {"source": "B79 PCA natural-breaks core area", "Id": 176, "gridcode": 1}, "geometry": {"type": "Polygon", "coordinates": [[[113.68817401894576, 34.904762601843096], [113.68817401894576, 34.90549931077867], [113.6887217587949, 34.90578685546692], [113.68952149187193, 34.906811388582284], [113.69032122494897, 34.90578685546692], [113.69384485349202, 34.90508618308171], [113.68817401894576, 34.904762601843096]]]}}, {"type": "Feature", "properties": {"source": "B79 PCA natural-breaks core area", "Id": 177, "gridcode": 1}, "geometry": {"type": "Polygon", "coordinates": [[[114.03402540333178, 34.904762601843096], [114.03195956328814, 34.905061216167546], [114.03353731723197, 34.90569801062265], [114.03402540333178, 34.904762601843096]]]}}, {"type": "Feature", "properties": {"source": "B79 PCA natural-breaks core area", "Id": 178, "gridcode": 1}, "geometry": {"type": "Polygon", "coordinates": [[[113.6944622259346, 34.90402588629808], [113.69479328231188, 34.905370643492624], [113.69732176788577, 34.90432161426259], [113.6944622259346, 34.90402588629808]]]}}, {"type": "Feature", "properties": {"source": "B79 PCA natural-breaks core area", "Id": 179, "gridcode": 1}, "geometry": {"type": "Polygon", "coordinates": [[[113.69266559536635, 34.90328916414374], [113.69059975532271, 34.903587783826225], [113.69217750926654, 34.90422458970738], [113.69266559536635, 34.90328916414374]]]}}, {"type": "Feature", "properties": {"source": "B79 PCA natural-breaks core area", "Id": 180, "gridcode": 1}, "geometry": {"type": "Polygon", "coordinates": [[[113.6944622259346, 34.90402588629808], [113.6941547459472, 34.90312765680311], [113.69336696555156, 34.90377368425993], [113.6944622259346, 34.90402588629808]]]}}, {"type": "Feature", "properties": {"source": "B79 PCA natural-breaks core area", "Id": 181, "gridcode": 1}, "geometry": {"type": "Polygon", "coordinates": [[[113.68547907309339, 34.904762601843096], [113.68817401894576, 34.904762601843096], [113.68851647971631, 34.904306764375754], [113.68992163255453, 34.90359669833326], [113.68586978322003, 34.902561653523776], [113.68547907309339, 34.904762601843096]]]}}, {"type": "Feature", "properties": {"source": "B79 PCA natural-breaks core area", "Id": 182, "gridcode": 1}, "geometry": {"type": "Polygon", "coordinates": [[[113.67559760496809, 34.90181570000728], [113.67259276666054, 34.902135931590685], [113.67498889547808, 34.90276347440215], [113.67559760496809, 34.90181570000728]]]}}, {"type": "Feature", "properties": {"source": "B79 PCA natural-breaks core area", "Id": 183, "gridcode": 1}, "geometry": {"type": "Polygon", "coordinates": [[[113.68278412724105, 34.90181570000728], [113.67794197538547, 34.90215195100625], [113.68201027336409, 34.90280709183867], [113.68278412724105, 34.90181570000728]]]}}, {"type": "Feature", "properties": {"source": "B79 PCA natural-breaks core area", "Id": 184, "gridcode": 1}, "geometry": {"type": "Polygon", "coordinates": [[[114.01605909764939, 34.90181570000728], [114.01496383726635, 34.90206790805856], [114.015751617662, 34.90271394385208], [114.01605909764939, 34.90181570000728]]]}}, {"type": "Feature", "properties": {"source": "B79 PCA natural-breaks core area", "Id": 185, "gridcode": 1}, "geometry": {"type": "Polygon", "coordinates": [[[114.0214489893541, 34.89886869242497], [114.02035372897107, 34.899120909526175], [114.02114150936671, 34.89976696850148], [114.0214489893541, 34.89886869242497]]]}}, {"type": "Feature", "properties": {"source": "B79 PCA natural-breaks core area", "Id": 186, "gridcode": 1}, "geometry": {"type": "Polygon", "coordinates": [[[114.04570350202533, 34.89886869242497], [114.04171887281646, 34.90018494576026], [114.04531213395293, 34.9000212626116], [114.04570350202533, 34.89886869242497]]]}}, {"type": "Feature", "properties": {"source": "B79 PCA natural-breaks core area", "Id": 187, "gridcode": 1}, "geometry": {"type": "Polygon", "coordinates": [[[113.66841108269513, 34.89813192400697], [113.66634524265149, 34.898430562441646], [113.66792299659532, 34.89906740831233], [113.66841108269513, 34.89813192400697]]]}}, {"type": "Feature", "properties": {"source": "B79 PCA natural-breaks core area", "Id": 188, "gridcode": 1}, "geometry": {"type": "Polygon", "coordinates": [[[113.66841108269513, 34.89813192400697], [113.67141592100269, 34.89781167681154], [113.66901979218514, 34.89718409616361], [113.66841108269513, 34.89813192400697]]]}}, {"type": "Feature", "properties": {"source": "B79 PCA natural-breaks core area", "Id": 189, "gridcode": 1}, "geometry": {"type": "Polygon", "coordinates": [[[114.01156752122878, 34.89739514898013], [114.01047226084576, 34.897647370606144], [114.0112600412414, 34.89829344117203], [114.01156752122878, 34.89739514898013]]]}}, {"type": "Feature", "properties": {"source": "B79 PCA natural-breaks core area", "Id": 190, "gridcode": 1}, "geometry": {"type": "Polygon", "coordinates": [[[114.01605909764939, 34.89813192400697], [114.01817373533724, 34.89775882679802], [114.0171826497003, 34.896450696619766], [114.01605909764939, 34.89813192400697]]]}}, {"type": "Feature", "properties": {"source": "B79 PCA natural-breaks core area", "Id": 191, "gridcode": 1}, "geometry": {"type": "Polygon", "coordinates": [[[113.67380097439985, 34.895921579100154], [113.67160486109478, 34.896436576070684], [113.6731861240827, 34.89768532463805], [113.67380097439985, 34.895921579100154]]]}}, {"type": "Feature", "properties": {"source": "B79 PCA natural-breaks core area", "Id": 192, "gridcode": 1}, "geometry": {"type": "Polygon", "coordinates": [[[113.67649592025221, 34.895921579100154], [113.67532839549267, 34.89633136890973], [113.67613613357652, 34.897595948261284], [113.67649592025221, 34.895921579100154]]]}}, {"type": "Feature", "properties": {"source": "B79 PCA natural-breaks core area", "Id": 193, "gridcode": 1}, "geometry": {"type": "Polygon", "coordinates": [[[113.6809874966728, 34.895921579100154], [113.67972226696722, 34.89663806348454], [113.6805725522105, 34.90058120152651], [113.6809874966728, 34.895921579100154]]]}}, {"type": "Feature", "properties": {"source": "B79 PCA natural-breaks core area", "Id": 194, "gridcode": 1}, "geometry": {"type": "Polygon", "coordinates": [[[114.03672034918414, 34.895921579100154], [114.03562508880111, 34.8961738052509], [114.03641286919674, 34.89681988740713], [114.03672034918414, 34.895921579100154]]]}}, {"type": "Feature", "properties": {"source": "B79 PCA natural-breaks core area", "Id": 195, "gridcode": 1}, "geometry": {"type": "Polygon", "coordinates": [[[114.04300855617296, 34.895921579100154], [114.0381500653309, 34.8969442060363], [114.04123703720143, 34.8980260219974], [114.04300855617296, 34.895921579100154]]]}}, {"type": "Feature", "properties": {"source": "B79 PCA natural-breaks core area", "Id": 196, "gridcode": 1}, "geometry": {"type": "Polygon", "coordinates": [[[114.04660181730945, 34.895921579100154], [114.04440570400439, 34.896436576070684], [114.0459869669923, 34.89768532463805], [114.04660181730945, 34.895921579100154]]]}}, {"type": "Feature", "properties": {"source": "B79 PCA natural-breaks core area", "Id": 197, "gridcode": 1}, "geometry": {"type": "Polygon", "coordinates": [[[113.67020771326337, 34.895184784247135], [113.66904018850384, 34.89559457773234], [113.66984792658768, 34.89685916842677], [113.67020771326337, 34.895184784247135]]]}}, {"type": "Feature", "properties": {"source": "B79 PCA natural-breaks core area", "Id": 198, "gridcode": 1}, "geometry": {"type": "Polygon", "coordinates": [[[114.0214489893541, 34.894447982785515], [114.01845226571099, 34.89568054978515], [114.02219191978011, 34.895673804237], [114.0214489893541, 34.894447982785515]]]}}, {"type": "Feature", "properties": {"source": "B79 PCA natural-breaks core area", "Id": 199, "gridcode": 1}, "geometry": {"type": "Polygon", "coordinates": [[[114.0537883395824, 34.894447982785515], [114.05269307919937, 34.89470021346097], [114.05348085959501, 34.89534630720732], [114.0537883395824, 34.894447982785515]]]}}, {"type": "Feature", "properties": {"source": "B79 PCA natural-breaks core area", "Id": 200, "gridcode": 1}, "geometry": {"type": "Polygon", "coordinates": [[[114.058279916003, 34.894447982785515], [114.0551610337629, 34.89523790574018], [114.05761615838401, 34.89621093926066], [114.058279916003, 34.894447982785515]]]}}, {"type": "Feature", "properties": {"source": "B79 PCA natural-breaks core area", "Id": 201, "gridcode": 1}, "geometry": {"type": "Polygon", "coordinates": [[[114.01066920594467, 34.894447982785515], [114.01102976022374, 34.89679338900979], [114.0120799513219, 34.89509071696027], [114.01276761430366, 34.89788441438355], [114.01396068929039, 34.89837943288455], [114.01460065120422, 34.90019818879196], [114.0156988723432, 34.899758289661186], [114.01666616227499, 34.901326458022055], [114.01665563514275, 34.8991161990824], [114.01605909764939, 34.89813192400697], [114.01373106621848, 34.89709422457648], [114.01268570005595, 34.893753290418225], [114.01066920594467, 34.894447982785515]]]}}, {"type": "Feature", "properties": {"source": "B79 PCA natural-breaks core area", "Id": 202, "gridcode": 1}, "geometry": {"type": "Polygon", "coordinates": [[[114.01695741293351, 34.893711174715385], [114.01732147625667, 34.895405589550506], [114.01809796191668, 34.89411152036204], [114.01695741293351, 34.893711174715385]]]}}, {"type": "Feature", "properties": {"source": "B79 PCA natural-breaks core area", "Id": 203, "gridcode": 1}, "geometry": {"type": "Polygon", "coordinates": [[[114.03672034918414, 34.893711174715385], [114.03555282442461, 34.894120975551715], [114.03636056250845, 34.89538558893162], [114.03672034918414, 34.893711174715385]]]}}, {"type": "Feature", "properties": {"source": "B79 PCA natural-breaks core area", "Id": 204, "gridcode": 1}, "geometry": {"type": "Polygon", "coordinates": [[[114.04839844787769, 34.893711174715385], [114.04730318749465, 34.89396340765313], [114.0480909678903, 34.89460950719448], [114.04839844787769, 34.893711174715385]]]}}, {"type": "Feature", "properties": {"source": "B79 PCA natural-breaks core area", "Id": 205, "gridcode": 1}, "geometry": {"type": "Polygon", "coordinates": [[[114.04660181730945, 34.892974360036774], [114.04360509366633, 34.894206949146756], [114.04630003951868, 34.894200462061605], [114.04660181730945, 34.892974360036774]]]}}, {"type": "Feature", "properties": {"source": "B79 PCA natural-breaks core area", "Id": 206, "gridcode": 1}, "geometry": {"type": "Polygon", "coordinates": [[[114.0304321421953, 34.89223753874976], [114.03073962218268, 34.89313588734318], [114.03152740257833, 34.892489776212045], [114.0304321421953, 34.89223753874976]]]}}, {"type": "Feature", "properties": {"source": "B79 PCA natural-breaks core area", "Id": 207, "gridcode": 1}, "geometry": {"type": "Polygon", "coordinates": [[[114.04839844787769, 34.89223753874976], [114.04730318749465, 34.892489776212045], [114.0480909678903, 34.89313588734318], [114.04839844787769, 34.89223753874976]]]}}, {"type": "Feature", "properties": {"source": "B79 PCA natural-breaks core area", "Id": 208, "gridcode": 1}, "geometry": {"type": "Polygon", "coordinates": [[[114.01695741293351, 34.893711174715385], [114.01656692212212, 34.89124650279784], [114.01580173119774, 34.893211911987635], [114.01695741293351, 34.893711174715385]]]}}, {"type": "Feature", "properties": {"source": "B79 PCA natural-breaks core area", "Id": 209, "gridcode": 1}, "geometry": {"type": "Polygon", "coordinates": [[[114.0214489893541, 34.89150071085442], [114.02081988354539, 34.89172152605995], [114.02028146459458, 34.89275354819856], [114.01848483402634, 34.893384164548635], [114.02112374483107, 34.89390465268186], [114.0214489893541, 34.89150071085442]]]}}, {"type": "Feature", "properties": {"source": "B79 PCA natural-breaks core area", "Id": 210, "gridcode": 1}, "geometry": {"type": "Polygon", "coordinates": [[[114.05199170901416, 34.89150071085442], [114.05082418425464, 34.891910522717176], [114.05163192233849, 34.893175170124465], [114.05199170901416, 34.89150071085442]]]}}, {"type": "Feature", "properties": {"source": "B79 PCA natural-breaks core area", "Id": 211, "gridcode": 1}, "geometry": {"type": "Polygon", "coordinates": [[[114.06097486185536, 34.89150071085442], [114.05890902181171, 34.891799373397255], [114.06048677575555, 34.89243627067913], [114.06097486185536, 34.89150071085442]]]}}, {"type": "Feature", "properties": {"source": "B79 PCA natural-breaks core area", "Id": 212, "gridcode": 1}, "geometry": {"type": "Polygon", "coordinates": [[[114.01066920594467, 34.894447982785515], [114.01097098373542, 34.89322188445499], [114.01276761430366, 34.892476397021326], [114.01204606711501, 34.89072488474121], [114.01126574343803, 34.89199001136578], [114.0059305708894, 34.89254183136192], [114.00684610242104, 34.89407957957651], [114.00587585173332, 34.89570915090322], [114.00961221607362, 34.89567266873633], [114.00904331230238, 34.894717201200024], [114.01066920594467, 34.894447982785515]]]}}, {"type": "Feature", "properties": {"source": "B79 PCA natural-breaks core area", "Id": 213, "gridcode": 1}, "geometry": {"type": "Polygon", "coordinates": [[[114.0492967631618, 34.89076387635076], [114.04839844787769, 34.89076387635076], [114.04839844787769, 34.89223753874976], [114.0492967631618, 34.89223753874976], [114.0492967631618, 34.89076387635076]]]}}, {"type": "Feature", "properties": {"source": "B79 PCA natural-breaks core area", "Id": 214, "gridcode": 1}, "geometry": {"type": "Polygon", "coordinates": [[[114.0070759448082, 34.890027035238916], [114.00590842004867, 34.89043685445244], [114.0067161581325, 34.89170152454415], [114.0070759448082, 34.890027035238916]]]}}, {"type": "Feature", "properties": {"source": "B79 PCA natural-breaks core area", "Id": 215, "gridcode": 1}, "geometry": {"type": "Polygon", "coordinates": [[[114.01785572821763, 34.890027035238916], [114.01676046783459, 34.89027927948781], [114.01754824823024, 34.89092540800327], [114.01785572821763, 34.890027035238916]]]}}, {"type": "Feature", "properties": {"source": "B79 PCA natural-breaks core area", "Id": 216, "gridcode": 1}, "geometry": {"type": "Polygon", "coordinates": [[[114.05109339373006, 34.890027035238916], [114.0492967631618, 34.890027035238916], [114.0492967631618, 34.89076387635076], [114.05109339373006, 34.89076387635076], [114.05109339373006, 34.890027035238916]]]}}, {"type": "Feature", "properties": {"source": "B79 PCA natural-breaks core area", "Id": 217, "gridcode": 1}, "geometry": {"type": "Polygon", "coordinates": [[[114.01156752122878, 34.889290187518895], [114.01047226084576, 34.889542434029956], [114.0112600412414, 34.89018856834008], [114.01156752122878, 34.889290187518895]]]}}, {"type": "Feature", "properties": {"source": "B79 PCA natural-breaks core area", "Id": 218, "gridcode": 1}, "geometry": {"type": "Polygon", "coordinates": [[[114.03761866446825, 34.89150071085442], [114.03797845114393, 34.889826217456374], [114.03878618922778, 34.89109089694747], [114.03761866446825, 34.89150071085442], [114.03890461946543, 34.892598586053595], [114.04165209132134, 34.89153602558678], [114.04043445302607, 34.88892912567614], [114.03545018488532, 34.88979177897316], [114.03761866446825, 34.89150071085442]]]}}, {"type": "Feature", "properties": {"source": "B79 PCA natural-breaks core area", "Id": 219, "gridcode": 1}, "geometry": {"type": "Polygon", "coordinates": [[[114.0070759448082, 34.888553333190785], [114.00598068442515, 34.888805581964], [114.00676846482081, 34.88945172206872], [114.0070759448082, 34.888553333190785]]]}}, {"type": "Feature", "properties": {"source": "B79 PCA natural-breaks core area", "Id": 220, "gridcode": 1}, "geometry": {"type": "Polygon", "coordinates": [[[114.04750013259357, 34.888553333190785], [114.04640487221054, 34.888805581964], [114.04719265260618, 34.88945172206872], [114.04750013259357, 34.888553333190785]]]}}, {"type": "Feature", "properties": {"source": "B79 PCA natural-breaks core area", "Id": 221, "gridcode": 1}, "geometry": {"type": "Polygon", "coordinates": [[[114.03672034918414, 34.88781647225464], [114.03702782917152, 34.88871486918923], [114.03781560956716, 34.888068723289976], [114.03672034918414, 34.88781647225464]]]}}, {"type": "Feature", "properties": {"source": "B79 PCA natural-breaks core area", "Id": 222, "gridcode": 1}, "geometry": {"type": "Polygon", "coordinates": [[[114.00168605310348, 34.887079604710536], [113.99962021305983, 34.887378283324324], [114.00119796700366, 34.888015214877896], [114.00168605310348, 34.887079604710536]]]}}, {"type": "Feature", "properties": {"source": "B79 PCA natural-breaks core area", "Id": 223, "gridcode": 1}, "geometry": {"type": "Polygon", "coordinates": [[[114.00438099895582, 34.887079604710536], [114.0032857385728, 34.88733185800798], [114.00407351896844, 34.88797800970172], [114.00438099895582, 34.887079604710536]]]}}, {"type": "Feature", "properties": {"source": "B79 PCA natural-breaks core area", "Id": 224, "gridcode": 1}, "geometry": {"type": "Polygon", "coordinates": [[[114.01156752122878, 34.8863427305585], [114.00977089066055, 34.8863427305585], [114.00977089066055, 34.888553333190785], [114.01156752122878, 34.888553333190785], [114.01156752122878, 34.889290187518895], [114.01442706317995, 34.888994405432996], [114.01276761430366, 34.888305794707115], [114.01156752122878, 34.8863427305585]]]}}, {"type": "Feature", "properties": {"source": "B79 PCA natural-breaks core area", "Id": 225, "gridcode": 1}, "geometry": {"type": "Polygon", "coordinates": [[[114.05468665486653, 34.8863427305585], [114.05238307708656, 34.88740060209749], [114.05109339373006, 34.890027035238916], [114.05257322341257, 34.889715537539296], [114.05431974044507, 34.88751551276311], [114.05468665486653, 34.8863427305585]]]}}, {"type": "Feature", "properties": {"source": "B79 PCA natural-breaks core area", "Id": 226, "gridcode": 1}, "geometry": {"type": "Polygon", "coordinates": [[[114.00977089066055, 34.88560584979866], [114.00862036283328, 34.885974291004544], [114.00977089066055, 34.8863427305585], [114.00977089066055, 34.88560584979866]]]}}, {"type": "Feature", "properties": {"source": "B79 PCA natural-breaks core area", "Id": 227, "gridcode": 1}, "geometry": {"type": "Polygon", "coordinates": [[[114.05558497015065, 34.88560584979866], [114.05468665486653, 34.88560584979866], [114.05468665486653, 34.8863427305585], [114.05558497015065, 34.8863427305585], [114.05558497015065, 34.88560584979866]]]}}, {"type": "Feature", "properties": {"source": "B79 PCA natural-breaks core area", "Id": 228, "gridcode": 1}, "geometry": {"type": "Polygon", "coordinates": [[[113.81303984343837, 34.883395167872635], [113.81194458305534, 34.88364743248029], [113.81273236345099, 34.88429361314565], [113.81303984343837, 34.883395167872635]]]}}, {"type": "Feature", "properties": {"source": "B79 PCA natural-breaks core area", "Id": 229, "gridcode": 1}, "geometry": {"type": "Polygon", "coordinates": [[[113.85256571593963, 34.883395167872635], [113.8514704555566, 34.88364743248029], [113.85225823595225, 34.88429361314565], [113.85256571593963, 34.883395167872635]]]}}, {"type": "Feature", "properties": {"source": "B79 PCA natural-breaks core area", "Id": 230, "gridcode": 1}, "geometry": {"type": "Polygon", "coordinates": [[[114.02414393520645, 34.883395167872635], [114.02523919558949, 34.88314290249063], [114.02445141519384, 34.88249671277738], [114.02414393520645, 34.883395167872635]]]}}, {"type": "Feature", "properties": {"source": "B79 PCA natural-breaks core area", "Id": 231, "gridcode": 1}, "geometry": {"type": "Polygon", "coordinates": [[[114.00348268367172, 34.88192134688387], [114.0023151589122, 34.88233120652418], [114.00312289699602, 34.88359600137238], [114.00348268367172, 34.88192134688387]]]}}, {"type": "Feature", "properties": {"source": "B79 PCA natural-breaks core area", "Id": 232, "gridcode": 1}, "geometry": {"type": "Polygon", "coordinates": [[[114.00348268367172, 34.880447499465255], [114.00238742328868, 34.88069977312069], [114.00317520368434, 34.88134597696237], [114.00348268367172, 34.880447499465255]]]}}, {"type": "Feature", "properties": {"source": "B79 PCA natural-breaks core area", "Id": 233, "gridcode": 1}, "geometry": {"type": "Polygon", "coordinates": [[[114.04750013259357, 34.880447499465255], [114.04450340895045, 34.88075749178488], [114.04517473294574, 34.881776664256066], [114.04719835480282, 34.88093686579683], [114.04750013259357, 34.880447499465255]]]}}, {"type": "Feature", "properties": {"source": "B79 PCA natural-breaks core area", "Id": 234, "gridcode": 1}, "geometry": {"type": "Polygon", "coordinates": [[[114.06995801469655, 34.880447499465255], [114.06886275431353, 34.88069977312069], [114.06965053470917, 34.88134597696237], [114.06995801469655, 34.880447499465255]]]}}, {"type": "Feature", "properties": {"source": "B79 PCA natural-breaks core area", "Id": 235, "gridcode": 1}, "geometry": {"type": "Polygon", "coordinates": [[[113.80405669059718, 34.87897362561727], [113.80296143021415, 34.87922590379645], [113.8037492106098, 34.879872119225965], [113.80405669059718, 34.87897362561727]]]}}, {"type": "Feature", "properties": {"source": "B79 PCA natural-breaks core area", "Id": 236, "gridcode": 1}, "geometry": {"type": "Polygon", "coordinates": [[[114.02414393520645, 34.87897362561727], [114.02015119133316, 34.87954363713784], [114.02133319089951, 34.88148633120746], [114.02274678737504, 34.88003827138021], [114.02374445246964, 34.879382859003], [114.02414393520645, 34.87897362561727]]]}}, {"type": "Feature", "properties": {"source": "B79 PCA natural-breaks core area", "Id": 237, "gridcode": 1}, "geometry": {"type": "Polygon", "coordinates": [[[114.05558497015065, 34.88560584979866], [114.05795949641558, 34.88529886667049], [114.05970963214978, 34.88309419218816], [114.06007654657124, 34.88192134688387], [114.05752053693287, 34.88166495024741], [114.05856678035643, 34.880044478465564], [114.05648328543477, 34.879710565844896], [114.05612349875908, 34.881385265380416], [114.05531576067524, 34.88012043650997], [114.05648328543477, 34.879710565844896], [114.0553511800889, 34.8786325568822], [114.05489796511463, 34.87987518904075], [114.05558497015065, 34.88560584979866]], [[114.058279916003, 34.88265826068202], [114.05797243601562, 34.88355671401118], [114.05718465561998, 34.88291052755166], [114.058279916003, 34.88265826068202]]]}}, {"type": "Feature", "properties": {"source": "B79 PCA natural-breaks core area", "Id": 238, "gridcode": 1}, "geometry": {"type": "Polygon", "coordinates": [[[114.0439068714571, 34.87823667878242], [114.04427093478024, 34.879931412734294], [114.04504742044026, 34.87863709982675], [114.0439068714571, 34.87823667878242]]]}}, {"type": "Feature", "properties": {"source": "B79 PCA natural-breaks core area", "Id": 239, "gridcode": 1}, "geometry": {"type": "Polygon", "coordinates": [[[114.02773719634294, 34.87749972534041], [114.02461831410284, 34.87828981123296], [114.02857640616587, 34.880722104952326], [114.02773719634294, 34.87749972534041]]]}}, {"type": "Feature", "properties": {"source": "B79 PCA natural-breaks core area", "Id": 240, "gridcode": 1}, "geometry": {"type": "Polygon", "coordinates": [[[113.80405669059718, 34.87897362561727], [113.80635215371272, 34.879301334090734], [113.80715605377961, 34.880866362141504], [113.8080991093757, 34.880770130738874], [113.80899742465984, 34.88086179683094], [113.81054096542391, 34.88070429346172], [113.81491290537295, 34.881728414167895], [113.81887889278515, 34.88132373525662], [113.8215738386375, 34.88159872012931], [113.82311737940158, 34.881441218172306], [113.82694421128454, 34.88233762708007], [113.82786840576874, 34.882243320195684], [113.8341438924728, 34.883073199073365], [113.83584808166108, 34.88289931695658], [113.84048813450926, 34.883722858716716], [113.84225296436553, 34.884573861564334], [113.84308373055114, 34.883722858716716], [113.84757530697173, 34.882925673659095], [113.84673993516579, 34.88144765004221], [113.8452382836154, 34.8829859544644], [113.84361732456634, 34.882140298768235], [113.8415889874313, 34.880062458769906], [113.83589720827818, 34.879382859003], [113.83364692410515, 34.878297705194086], [113.82421910958463, 34.87717200968414], [113.81888909094451, 34.87634741270399], [113.81798057750103, 34.876440118287974], [113.81617912199718, 34.87625628134876], [113.80804943447048, 34.87709048257911], [113.80725046899683, 34.87790896606424], [113.804456173334, 34.87856439019402], [113.80405669059718, 34.87897362561727]], [[113.81303984343837, 34.87897362561727], [113.81273236345099, 34.879872119225965], [113.81194458305534, 34.87922590379645], [113.81303984343837, 34.87897362561727]]]}}, {"type": "Feature", "properties": {"source": "B79 PCA natural-breaks core area", "Id": 241, "gridcode": 1}, "geometry": {"type": "Polygon", "coordinates": [[[113.80315837531306, 34.87528882537207], [113.80206311493002, 34.87554111486028], [113.80285089532568, 34.87618735925842], [113.80315837531306, 34.87528882537207]]]}}, {"type": "Feature", "properties": {"source": "B79 PCA natural-breaks core area", "Id": 242, "gridcode": 1}, "geometry": {"type": "Polygon", "coordinates": [[[113.8372943561096, 34.87528882537207], [113.83511458179103, 34.87577364557809], [113.83610511913983, 34.87855103122576], [113.83945252787557, 34.87679461160187], [113.83767749985994, 34.87571143653475], [113.8372943561096, 34.87528882537207]]]}}, {"type": "Feature", "properties": {"source": "B79 PCA natural-breaks core area", "Id": 243, "gridcode": 1}, "geometry": {"type": "Polygon", "coordinates": [[[113.8184297351431, 34.87381485902524], [113.81726221038357, 34.87422475908811], [113.8180699484674, 34.875489678679806], [113.8184297351431, 34.87381485902524]]]}}, {"type": "Feature", "properties": {"source": "B79 PCA natural-breaks core area", "Id": 244, "gridcode": 1}, "geometry": {"type": "Polygon", "coordinates": [[[113.79776848360834, 34.8730778659416], [113.79290999276627, 34.87410077718591], [113.79533737400764, 34.87542004748955], [113.79740156918687, 34.87425083743448], [113.79776848360834, 34.8730778659416]]]}}, {"type": "Feature", "properties": {"source": "B79 PCA natural-breaks core area", "Id": 245, "gridcode": 1}, "geometry": {"type": "Polygon", "coordinates": [[[114.06187317713949, 34.87234086625128], [114.06223724046264, 34.874035721754744], [114.06301372612265, 34.87274131601459], [114.06187317713949, 34.87234086625128]]]}}, {"type": "Feature", "properties": {"source": "B79 PCA natural-breaks core area", "Id": 246, "gridcode": 1}, "geometry": {"type": "Polygon", "coordinates": [[[113.79956511417657, 34.8716038599543], [113.79846985379355, 34.87185616075099], [113.79925763418919, 34.87250243411636], [113.79956511417657, 34.8716038599543]]]}}, {"type": "Feature", "properties": {"source": "B79 PCA natural-breaks core area", "Id": 247, "gridcode": 1}, "geometry": {"type": "Polygon", "coordinates": [[[114.06187317713949, 34.87234086625128], [114.0615656971521, 34.871442290323394], [114.06077791675645, 34.872088566942], [114.06187317713949, 34.87234086625128]]]}}, {"type": "Feature", "properties": {"source": "B79 PCA natural-breaks core area", "Id": 248, "gridcode": 1}, "geometry": {"type": "Polygon", "coordinates": [[[114.07175464526479, 34.8716038599543], [114.07034697030115, 34.87327655424165], [114.066740659907, 34.87261327216469], [114.06573762158865, 34.87581961636656], [114.06117728983564, 34.87840272179318], [114.06007654657124, 34.88192134688387], [114.06240457800213, 34.881620365801965], [114.0649350374133, 34.878537672255305], [114.0659978391386, 34.87793568420733], [114.06673166798154, 34.876326800203685], [114.06889532262888, 34.87566260937483], [114.07197407017733, 34.87391872305889], [114.07249242178233, 34.87202175557114], [114.07175464526479, 34.8716038599543]]]}}, {"type": "Feature", "properties": {"source": "B79 PCA natural-breaks core area", "Id": 249, "gridcode": 1}, "geometry": {"type": "Polygon", "coordinates": [[[114.0627714924236, 34.87086684705073], [114.0632710925743, 34.87182472862353], [114.06481298847395, 34.8711620533602], [114.0627714924236, 34.87086684705073]]]}}, {"type": "Feature", "properties": {"source": "B79 PCA natural-breaks core area", "Id": 250, "gridcode": 1}, "geometry": {"type": "Polygon", "coordinates": [[[114.07175464526479, 34.8716038599543], [114.0714471652774, 34.870705275971495], [114.07065938488176, 34.87135155838336], [114.07175464526479, 34.8716038599543]]]}}, {"type": "Feature", "properties": {"source": "B79 PCA natural-breaks core area", "Id": 251, "gridcode": 1}, "geometry": {"type": "Polygon", "coordinates": [[[114.05917823128712, 34.8701298275406], [114.05525062404453, 34.87046042776166], [114.05847850596632, 34.871098176427665], [114.05917823128712, 34.8701298275406]]]}}, {"type": "Feature", "properties": {"source": "B79 PCA natural-breaks core area", "Id": 252, "gridcode": 1}, "geometry": {"type": "Polygon", "coordinates": [[[114.05648328543477, 34.86865576870105], [114.05538802505173, 34.86890807854416], [114.05617580544738, 34.869554375082345], [114.05648328543477, 34.86865576870105]]]}}, {"type": "Feature", "properties": {"source": "B79 PCA natural-breaks core area", "Id": 253, "gridcode": 1}, "geometry": {"type": "Polygon", "coordinates": [[[114.05738160071888, 34.86791872937175], [114.05738160071888, 34.86939280142404], [114.06007654657124, 34.86939280142404], [114.06007654657124, 34.87086684705073], [114.0627714924236, 34.87086684705073], [114.0624930717075, 34.86923324051776], [114.06127247265627, 34.870273023697074], [114.06075445002418, 34.868099537193025], [114.05738160071888, 34.86791872937175]]]}}, {"type": "Feature", "properties": {"source": "B79 PCA natural-breaks core area", "Id": 254, "gridcode": 1}, "geometry": {"type": "Polygon", "coordinates": [[[113.8139381587225, 34.86718168343616], [113.81187231867885, 34.86748043435797], [113.81345007262269, 34.868117520110026], [113.8139381587225, 34.86718168343616]]]}}, {"type": "Feature", "properties": {"source": "B79 PCA natural-breaks core area", "Id": 255, "gridcode": 1}, "geometry": {"type": "Polygon", "coordinates": [[[113.8372943561096, 34.86718168343616], [113.83547754853791, 34.867564231524845], [113.8372695734858, 34.86969382727803], [113.8378562417927, 34.86905873307397], [113.8372943561096, 34.86718168343616]]]}}, {"type": "Feature", "properties": {"source": "B79 PCA natural-breaks core area", "Id": 256, "gridcode": 1}, "geometry": {"type": "Polygon", "coordinates": [[[114.05738160071888, 34.86791872937175], [114.0570741207315, 34.86702010511562], [114.05628634033586, 34.8676664164929], [114.05738160071888, 34.86791872937175]]]}}, {"type": "Feature", "properties": {"source": "B79 PCA natural-breaks core area", "Id": 257, "gridcode": 1}, "geometry": {"type": "Polygon", "coordinates": [[[113.81124321287014, 34.86644463089437], [113.81036375869795, 34.866942830371215], [113.80978158635378, 34.86907367930184], [113.81122237792091, 34.869889858428365], [113.80977248477069, 34.872721939639426], [113.81090009415382, 34.876326800203685], [113.81214470822545, 34.87547005555479], [113.81157821692202, 34.87339697252259], [113.81405746622117, 34.871992583917], [113.81267292901691, 34.86895679725332], [113.8116101272916, 34.868354739046765], [113.81124321287014, 34.86644463089437]]]}}, {"type": "Feature", "properties": {"source": "B79 PCA natural-breaks core area", "Id": 258, "gridcode": 1}, "geometry": {"type": "Polygon", "coordinates": [[[113.8184297351431, 34.8657075717464], [113.81623362183802, 34.86622275807144], [113.81781488482595, 34.867471965789726], [113.8184297351431, 34.8657075717464]]]}}, {"type": "Feature", "properties": {"source": "B79 PCA natural-breaks core area", "Id": 259, "gridcode": 1}, "geometry": {"type": "Polygon", "coordinates": [[[113.83010783383664, 34.86497050599239], [113.82901257345362, 34.86522282714299], [113.82980035384925, 34.865869152645935], [113.83010783383664, 34.86497050599239]]]}}, {"type": "Feature", "properties": {"source": "B79 PCA natural-breaks core area", "Id": 260, "gridcode": 1}, "geometry": {"type": "Polygon", "coordinates": [[[114.05648328543477, 34.86497050599239], [114.05538802505173, 34.86522282714299], [114.05617580544738, 34.865869152645935], [114.05648328543477, 34.86497050599239]]]}}, {"type": "Feature", "properties": {"source": "B79 PCA natural-breaks core area", "Id": 261, "gridcode": 1}, "geometry": {"type": "Polygon", "coordinates": [[[114.02324561992235, 34.86718168343616], [114.02527077698619, 34.86693955763627], [114.02475067085918, 34.86407328912264], [114.02347414641795, 34.865158000869116], [114.02324561992235, 34.86718168343616]]]}}, {"type": "Feature", "properties": {"source": "B79 PCA natural-breaks core area", "Id": 262, "gridcode": 1}, "geometry": {"type": "Polygon", "coordinates": [[[113.81124321287014, 34.86644463089437], [113.81392894748178, 34.865339568291496], [113.81244330594501, 34.864722896483244], [113.8115901696034, 34.86333923416558], [113.81124321287014, 34.86644463089437]]]}}, {"type": "Feature", "properties": {"source": "B79 PCA natural-breaks core area", "Id": 263, "gridcode": 1}, "geometry": {"type": "Polygon", "coordinates": [[[113.83459941025724, 34.863496354666275], [113.83240329695218, 34.86401155484362], [113.83398455994009, 34.86526079615129], [113.83459941025724, 34.863496354666275]]]}}, {"type": "Feature", "properties": {"source": "B79 PCA natural-breaks core area", "Id": 264, "gridcode": 1}, "geometry": {"type": "Polygon", "coordinates": [[[113.85256571593963, 34.863496354666275], [113.8507690853714, 34.863496354666275], [113.84949990799122, 34.86620562948261], [113.85370977396688, 34.865775985275235], [113.85540157184327, 34.867509438916464], [113.8567728404746, 34.86679391517722], [113.85655231898579, 34.865339039695144], [113.8567001374676, 34.86436338000503], [113.85299941185622, 34.864741071334485], [113.85256571593963, 34.863496354666275]]]}}, {"type": "Feature", "properties": {"source": "B79 PCA natural-breaks core area", "Id": 265, "gridcode": 1}, "geometry": {"type": "Polygon", "coordinates": [[[113.86154886878083, 34.863496354666275], [113.85948302873719, 34.86379511897642], [113.86106078268102, 34.86443223327942], [113.86154886878083, 34.863496354666275]]]}}, {"type": "Feature", "properties": {"source": "B79 PCA natural-breaks core area", "Id": 266, "gridcode": 1}, "geometry": {"type": "Polygon", "coordinates": [[[113.87232865219026, 34.863496354666275], [113.87116112743074, 34.86390630616993], [113.87196886551457, 34.865171384507235], [113.87232865219026, 34.863496354666275]]]}}, {"type": "Feature", "properties": {"source": "B79 PCA natural-breaks core area", "Id": 267, "gridcode": 1}, "geometry": {"type": "Polygon", "coordinates": [[[113.81483647400661, 34.862759269094354], [113.81374121362359, 34.863011597029214], [113.81452899401923, 34.86365793991035], [113.81483647400661, 34.862759269094354]]]}}, {"type": "Feature", "properties": {"source": "B79 PCA natural-breaks core area", "Id": 268, "gridcode": 1}, "geometry": {"type": "Polygon", "coordinates": [[[113.84448087838256, 34.862759269094354], [113.84408951031017, 34.863912345769414], [113.84229287974193, 34.86505020064581], [113.84312879983602, 34.86540937671992], [113.84883911112817, 34.86461346489925], [113.84577056173907, 34.863912345769414], [113.84498782559427, 34.863080361459005], [113.84448087838256, 34.862759269094354]]]}}, {"type": "Feature", "properties": {"source": "B79 PCA natural-breaks core area", "Id": 269, "gridcode": 1}, "geometry": {"type": "Polygon", "coordinates": [[[113.85256571593963, 34.863496354666275], [113.85463155598327, 34.8631975892708], [113.85305380203944, 34.862560465403256], [113.85256571593963, 34.863496354666275]]]}}, {"type": "Feature", "properties": {"source": "B79 PCA natural-breaks core area", "Id": 270, "gridcode": 1}, "geometry": {"type": "Polygon", "coordinates": [[[113.86244718406495, 34.862759269094354], [113.86278756134057, 34.86484655512264], [113.86546013703692, 34.86575041034115], [113.86409237744967, 34.86304965703478], [113.86244718406495, 34.862759269094354]]]}}, {"type": "Feature", "properties": {"source": "B79 PCA natural-breaks core area", "Id": 271, "gridcode": 1}, "geometry": {"type": "Polygon", "coordinates": [[[114.05289002429829, 34.862759269094354], [114.05328051510966, 34.86522479532364], [114.05404570603403, 34.86325871682202], [114.05289002429829, 34.862759269094354]]]}}, {"type": "Feature", "properties": {"source": "B79 PCA natural-breaks core area", "Id": 272, "gridcode": 1}, "geometry": {"type": "Polygon", "coordinates": [[[113.82920951855253, 34.862022176916575], [113.82714367850888, 34.86232094658188], [113.82872143245271, 34.862958072304856], [113.82920951855253, 34.862022176916575]]]}}, {"type": "Feature", "properties": {"source": "B79 PCA natural-breaks core area", "Id": 273, "gridcode": 1}, "geometry": {"type": "Polygon", "coordinates": [[[113.84448087838256, 34.862759269094354], [113.84398127823187, 34.86180128191718], [113.8424393823322, 34.86246403261831], [113.84448087838256, 34.862759269094354]]]}}, {"type": "Feature", "properties": {"source": "B79 PCA natural-breaks core area", "Id": 274, "gridcode": 1}, "geometry": {"type": "Polygon", "coordinates": [[[113.86244718406495, 34.862022176916575], [113.86129665623768, 34.8623907238312], [113.86244718406495, 34.862759269094354], [113.86244718406495, 34.862022176916575]]]}}, {"type": "Feature", "properties": {"source": "B79 PCA natural-breaks core area", "Id": 275, "gridcode": 1}, "geometry": {"type": "Polygon", "coordinates": [[[114.04660181730945, 34.862022176916575], [114.0439068714571, 34.862022176916575], [114.0439068714571, 34.86423343363231], [114.04660181730945, 34.86423343363231], [114.04660181730945, 34.862022176916575]]]}}, {"type": "Feature", "properties": {"source": "B79 PCA natural-breaks core area", "Id": 276, "gridcode": 1}, "geometry": {"type": "Polygon", "coordinates": [[[114.04839844787769, 34.862022176916575], [114.04730318749465, 34.862274507112836], [114.0480909678903, 34.86292085578657], [114.04839844787769, 34.862022176916575]]]}}, {"type": "Feature", "properties": {"source": "B79 PCA natural-breaks core area", "Id": 277, "gridcode": 1}, "geometry": {"type": "Polygon", "coordinates": [[[114.0492967631618, 34.862022176916575], [114.0492967631618, 34.862759269094354], [114.05289002429829, 34.862759269094354], [114.05289002429829, 34.862022176916575], [114.0492967631618, 34.862022176916575]]]}}, {"type": "Feature", "properties": {"source": "B79 PCA natural-breaks core area", "Id": 278, "gridcode": 1}, "geometry": {"type": "Polygon", "coordinates": [[[113.8004634294607, 34.86128507813304], [113.79745859115316, 34.86160546767678], [113.7998547199707, 34.862233320039394], [113.8004634294607, 34.86128507813304]]]}}, {"type": "Feature", "properties": {"source": "B79 PCA natural-breaks core area", "Id": 279, "gridcode": 1}, "geometry": {"type": "Polygon", "coordinates": [[[113.8507690853714, 34.863496354666275], [113.84926633724474, 34.861037457528155], [113.84687404644416, 34.86169979823665], [113.84799639226118, 34.86320947737402], [113.8507690853714, 34.863496354666275]]]}}, {"type": "Feature", "properties": {"source": "B79 PCA natural-breaks core area", "Id": 280, "gridcode": 1}, "geometry": {"type": "Polygon", "coordinates": [[[113.86244718406495, 34.862022176916575], [113.86604044520143, 34.862022176916575], [113.86604044520143, 34.86128507813304], [113.86244718406495, 34.86128507813304], [113.86244718406495, 34.862022176916575]]]}}, {"type": "Feature", "properties": {"source": "B79 PCA natural-breaks core area", "Id": 281, "gridcode": 1}, "geometry": {"type": "Polygon", "coordinates": [[[113.86604044520143, 34.862022176916575], [113.86703591714347, 34.863080361459005], [113.86814433644179, 34.86134350775918], [113.86604044520143, 34.862022176916575]]]}}, {"type": "Feature", "properties": {"source": "B79 PCA natural-breaks core area", "Id": 282, "gridcode": 1}, "geometry": {"type": "Polygon", "coordinates": [[[113.8417859325302, 34.86054797274379], [113.84088761724608, 34.86054797274379], [113.84088761724608, 34.862022176916575], [113.8417859325302, 34.862022176916575], [113.8417859325302, 34.86054797274379]]]}}, {"type": "Feature", "properties": {"source": "B79 PCA natural-breaks core area", "Id": 283, "gridcode": 1}, "geometry": {"type": "Polygon", "coordinates": [[[113.83459941025724, 34.85981086074889], [113.83248477256939, 34.86076198772708], [113.83416823646608, 34.86145565428432], [113.83459941025724, 34.85981086074889]]]}}, {"type": "Feature", "properties": {"source": "B79 PCA natural-breaks core area", "Id": 284, "gridcode": 1}, "geometry": {"type": "Polygon", "coordinates": [[[113.8372943561096, 34.86128507813304], [113.83693029278645, 34.85958995981066], [113.83615380712644, 34.860884572577326], [113.8372943561096, 34.86128507813304]]]}}, {"type": "Feature", "properties": {"source": "B79 PCA natural-breaks core area", "Id": 285, "gridcode": 1}, "geometry": {"type": "Polygon", "coordinates": [[[113.8417859325302, 34.86054797274379], [113.84385177257384, 34.86024919663814], [113.84227401863, 34.85961204993119], [113.8417859325302, 34.86054797274379]]]}}, {"type": "Feature", "properties": {"source": "B79 PCA natural-breaks core area", "Id": 286, "gridcode": 1}, "geometry": {"type": "Polygon", "coordinates": [[[114.02594056577469, 34.86128507813304], [114.0253126661999, 34.85948307458671], [114.02379017970028, 34.86078057960576], [114.02594056577469, 34.86128507813304]]]}}, {"type": "Feature", "properties": {"source": "B79 PCA natural-breaks core area", "Id": 287, "gridcode": 1}, "geometry": {"type": "Polygon", "coordinates": [[[114.04839844787769, 34.862022176916575], [114.0492967631618, 34.862022176916575], [114.04884760551975, 34.85955797186599], [114.04839844787769, 34.862022176916575]]]}}, {"type": "Feature", "properties": {"source": "B79 PCA natural-breaks core area", "Id": 288, "gridcode": 1}, "geometry": {"type": "Polygon", "coordinates": [[[113.84807413951904, 34.85907374214838], [113.84690661475952, 34.85948371569604], [113.84771435284335, 34.860748862060674], [113.84807413951904, 34.85907374214838]]]}}, {"type": "Feature", "properties": {"source": "B79 PCA natural-breaks core area", "Id": 289, "gridcode": 1}, "geometry": {"type": "Polygon", "coordinates": [[[113.85166740065551, 34.85907374214838], [113.8507690853714, 34.85907374214838], [113.85121824301345, 34.8600178254939], [113.85166740065551, 34.85907374214838]]]}}, {"type": "Feature", "properties": {"source": "B79 PCA natural-breaks core area", "Id": 290, "gridcode": 1}, "geometry": {"type": "Polygon", "coordinates": [[[113.855260661792, 34.85907374214838], [113.85346403122375, 34.85907374214838], [113.85256571593963, 34.860556565746286], [113.8548896900383, 34.86148782144715], [113.855260661792, 34.85907374214838]]]}}, {"type": "Feature", "properties": {"source": "B79 PCA natural-breaks core area", "Id": 291, "gridcode": 1}, "geometry": {"type": "Polygon", "coordinates": [[[114.02234730463822, 34.85907374214838], [114.02125204425519, 34.85932608138994], [114.02203982465083, 34.85997245323361], [114.02234730463822, 34.85907374214838]]]}}, {"type": "Feature", "properties": {"source": "B79 PCA natural-breaks core area", "Id": 292, "gridcode": 1}, "geometry": {"type": "Polygon", "coordinates": [[[113.8651421299173, 34.858336616942374], [113.86294601661224, 34.858851849440235], [113.86452727960017, 34.86010116911947], [113.8651421299173, 34.858336616942374]]]}}, {"type": "Feature", "properties": {"source": "B79 PCA natural-breaks core area", "Id": 293, "gridcode": 1}, "geometry": {"type": "Polygon", "coordinates": [[[113.87143033690614, 34.858336616942374], [113.87022212916683, 34.858858822963086], [113.87104576760666, 34.860765384428774], [113.87143033690614, 34.858336616942374]]]}}, {"type": "Feature", "properties": {"source": "B79 PCA natural-breaks core area", "Id": 294, "gridcode": 1}, "geometry": {"type": "Polygon", "coordinates": [[[114.02414393520645, 34.858336616942374], [114.02304867482343, 34.8585889584452], [114.02383645521907, 34.85923533608122], [114.02414393520645, 34.858336616942374]]]}}, {"type": "Feature", "properties": {"source": "B79 PCA natural-breaks core area", "Id": 295, "gridcode": 1}, "geometry": {"type": "Polygon", "coordinates": [[[114.02594056577469, 34.86128507813304], [114.02563067331951, 34.86176787768285], [114.02295897488416, 34.86242267693285], [114.02724209215498, 34.86301356526281], [114.02818635398499, 34.86041977493769], [114.02894540408225, 34.86250497213962], [114.03012224974012, 34.86301356526281], [114.0304321421953, 34.86423343363231], [114.03152740257833, 34.86448575704437], [114.03073962218268, 34.86513208834009], [114.0304321421953, 34.86423343363231], [114.02903499436388, 34.864561200863186], [114.02783654615341, 34.86578911013936], [114.02626942899944, 34.86681875876242], [114.02982836729852, 34.86859233967288], [114.02404655923328, 34.868002278671916], [114.02324561992235, 34.86718168343616], [114.02212140992566, 34.867920337603806], [114.02174002069738, 34.87043578770529], [114.02594056577469, 34.87086684705073], [114.02642865187451, 34.86993104166725], [114.02800640581835, 34.870568108432465], [114.02594056577469, 34.87086684705073], [114.02634004851153, 34.871276120794285], [114.02739977982326, 34.87197236392861], [114.02560534240757, 34.87315127765834], [114.02829809510737, 34.87492033626293], [114.0271762975785, 34.87565731282948], [114.02823602889023, 34.87635351886104], [114.02968482546419, 34.879174177555825], [114.03279997934496, 34.879492046034706], [114.03442488606859, 34.87782743969014], [114.03492371861589, 34.87749972534041], [114.03528350529157, 34.87582494663734], [114.03609124337541, 34.87708984160707], [114.03492371861589, 34.87749972534041], [114.03455680419442, 34.879409576667], [114.03300043348794, 34.88244929519683], [114.02919662970675, 34.88460370339951], [114.02812615194753, 34.88440685278186], [114.02737028192146, 34.88530488221053], [114.0246265384249, 34.88590681628449], [114.02414393520645, 34.883395167872635], [114.0236532173236, 34.883060796604], [114.02281828414814, 34.88223620247844], [114.02012531213308, 34.88306626133687], [114.01744462177228, 34.88284211703603], [114.01621316661596, 34.88517132587389], [114.01388941183254, 34.882876490965934], [114.01229597684798, 34.88445000771285], [114.0101784880618, 34.885203326342726], [114.00977089066055, 34.88560584979866], [114.01156752122878, 34.88560584979866], [114.01156752122878, 34.8863427305585], [114.01289339160236, 34.885885902595625], [114.01732432735497, 34.88677864252011], [114.02234730463822, 34.887079604710536], [114.0235529902521, 34.88601222794165], [114.027270932111, 34.88786444892081], [114.02382812123939, 34.88919723782923], [114.02281356887016, 34.88743399591805], [114.02234730463822, 34.887079604710536], [114.02198039021675, 34.88751551276311], [114.01947833213109, 34.88828345369264], [114.01897061731597, 34.8901410877378], [114.02198039021675, 34.89106482394411], [114.02271421905968, 34.891936595452115], [114.02398339643986, 34.89265532946311], [114.02320976187816, 34.89548571564595], [114.02818788919178, 34.89456726826054], [114.02863551162706, 34.89223753874976], [114.02773719634294, 34.89223753874976], [114.02737740966725, 34.893911983002035], [114.02656967158342, 34.892647346937096], [114.02773719634294, 34.89223753874976], [114.02818635398499, 34.89129382535678], [114.02863551162706, 34.89223753874976], [114.0304321421953, 34.89223753874976], [114.03073391998606, 34.89174823971261], [114.03372362554101, 34.89051634452684], [114.03522549640665, 34.88806401221244], [114.03672034918414, 34.88781647225464], [114.03706280995468, 34.885886790865314], [114.03817451898183, 34.885324907771526], [114.03885944052291, 34.88441301456077], [114.03997114955007, 34.883851121390045], [114.04065607109115, 34.88220230054654], [114.04379118266013, 34.88132586047547], [114.042825756908, 34.87878314861317], [114.0439068714571, 34.87823667878242], [114.0447799654869, 34.87421743825718], [114.04799085047644, 34.87488625138669], [114.0490331462254, 34.87780019299562], [114.05061462852858, 34.87337885581265], [114.0538226624198, 34.87488625138669], [114.05438465776051, 34.87406271104964], [114.05248242689703, 34.8704642514119], [114.05149386338552, 34.86904807165471], [114.05185507561036, 34.86613980303417], [114.05064423608799, 34.866038538393155], [114.04888269596054, 34.86618585793572], [114.04794929023562, 34.865263911498644], [114.04643173832926, 34.866762930976], [114.04300855617296, 34.8657075717464], [114.04264876949729, 34.867382556549764], [114.04184103141344, 34.866117512227625], [114.04300855617296, 34.8657075717464], [114.04236212445912, 34.86390007537224], [114.04045079201256, 34.86751611929802], [114.03345956997411, 34.86683998095895], [114.03263220317494, 34.860179417572034], [114.03280919058567, 34.8587537251625], [114.02836224481943, 34.858381787646714], [114.02643128365757, 34.86095061693141], [114.02594056577469, 34.86128507813304]], [[114.03941529503649, 34.88192134688387], [114.03905550836082, 34.88359600137238], [114.03824777027697, 34.88233120652418], [114.03941529503649, 34.88192134688387]], [[114.03133045747941, 34.88781647225464], [114.0308423713796, 34.88875207403176], [114.02926461743577, 34.88811514819], [114.03133045747941, 34.88781647225464]], [[114.02234730463822, 34.884132068455656], [114.02173245432108, 34.88589606709881], [114.02015119133316, 34.88464713932939], [114.02234730463822, 34.884132068455656]], [[114.03941529503649, 34.87897362561727], [114.0391078150491, 34.879872119225965], [114.03832003465345, 34.87922590379645], [114.03941529503649, 34.87897362561727]], [[114.03312708804765, 34.87676276529129], [114.03312708804765, 34.87823667878242], [114.0304321421953, 34.87823667878242], [114.0304321421953, 34.87676276529129], [114.03312708804765, 34.87676276529129]], [[114.0304321421953, 34.87234086625128], [114.03007235551962, 34.87401571593417], [114.02926461743577, 34.87275077366326], [114.0304321421953, 34.87234086625128]], [[114.03222877276353, 34.87234086625128], [114.03192129277615, 34.873239432358346], [114.0311335123805, 34.87259316478634], [114.03222877276353, 34.87234086625128]], [[114.0492967631618, 34.8701298275406], [114.04971247522748, 34.87052574468043], [114.05150778990419, 34.87179471346089], [114.04708551710415, 34.87288706039643], [114.04618610524376, 34.87089822331451], [114.0492967631618, 34.8701298275406]], [[114.03582203390002, 34.87234086625128], [114.03472677351698, 34.872088566942], [114.03551455391263, 34.871442290323394], [114.03582203390002, 34.87234086625128], [114.03916637222216, 34.87344598095813], [114.03625342700643, 34.87442409685469], [114.03582203390002, 34.87234086625128]], [[114.03222877276353, 34.87086684705073], [114.03107309102778, 34.870367445529524], [114.03183828195216, 34.868401489979185], [114.03222877276353, 34.87086684705073], [114.03427026881388, 34.8711620533602], [114.03272837291422, 34.87182472862353], [114.03222877276353, 34.87086684705073]], [[114.04839844787769, 34.86791872937175], [114.0480909678903, 34.86881734380763], [114.04730318749465, 34.86817104147641], [114.04839844787769, 34.86791872937175]]]}}, {"type": "Feature", "properties": {"source": "B79 PCA natural-breaks core area", "Id": 296, "gridcode": 1}, "geometry": {"type": "Polygon", "coordinates": [[[114.05289002429829, 34.858336616942374], [114.04988518599075, 34.85865701797093], [114.05228131480828, 34.85928489284006], [114.05289002429829, 34.858336616942374]]]}}, {"type": "Feature", "properties": {"source": "B79 PCA natural-breaks core area", "Id": 297, "gridcode": 1}, "geometry": {"type": "Polygon", "coordinates": [[[114.05289002429829, 34.85759948513091], [114.05289002429829, 34.858336616942374], [114.05497801518268, 34.85796805186233], [114.05289002429829, 34.85759948513091]]]}}, {"type": "Feature", "properties": {"source": "B79 PCA natural-breaks core area", "Id": 298, "gridcode": 1}, "geometry": {"type": "Polygon", "coordinates": [[[113.8283112032684, 34.85686234671405], [113.82721594288537, 34.85711469273932], [113.82800372328101, 34.857761081959886], [113.8283112032684, 34.85686234671405]]]}}, {"type": "Feature", "properties": {"source": "B79 PCA natural-breaks core area", "Id": 299, "gridcode": 1}, "geometry": {"type": "Polygon", "coordinates": [[[114.05289002429829, 34.85759948513091], [114.05258254431091, 34.856700748119586], [114.05179476391525, 34.85734714059277], [114.05289002429829, 34.85759948513091]]]}}, {"type": "Feature", "properties": {"source": "B79 PCA natural-breaks core area", "Id": 300, "gridcode": 1}, "geometry": {"type": "Polygon", "coordinates": [[[113.80675163644953, 34.85612520169184], [113.80711822189812, 34.85851050602167], [113.80837753009183, 34.856394545638544], [113.80675163644953, 34.85612520169184]]]}}, {"type": "Feature", "properties": {"source": "B79 PCA natural-breaks core area", "Id": 301, "gridcode": 1}, "geometry": {"type": "Polygon", "coordinates": [[[113.80675163644953, 34.85612520169184], [113.80644415646215, 34.85522644857385], [113.80565637606651, 34.85587285263127], [113.80675163644953, 34.85612520169184]]]}}, {"type": "Feature", "properties": {"source": "B79 PCA natural-breaks core area", "Id": 302, "gridcode": 1}, "geometry": {"type": "Polygon", "coordinates": [[[113.83190446440487, 34.85538805006438], [113.83073693964536, 34.855798041981004], [113.8315446777292, 34.85706324503216], [113.83190446440487, 34.85538805006438]]]}}, {"type": "Feature", "properties": {"source": "B79 PCA natural-breaks core area", "Id": 303, "gridcode": 1}, "geometry": {"type": "Polygon", "coordinates": [[[113.80136174474482, 34.85465089183169], [113.80026648436179, 34.8549032446405], [113.80105426475743, 34.85554965123745], [113.80136174474482, 34.85465089183169]]]}}, {"type": "Feature", "properties": {"source": "B79 PCA natural-breaks core area", "Id": 304, "gridcode": 1}, "geometry": {"type": "Polygon", "coordinates": [[[113.80405669059718, 34.85465089183169], [113.80296143021415, 34.8549032446405], [113.8037492106098, 34.85554965123745], [113.80405669059718, 34.85465089183169]]]}}, {"type": "Feature", "properties": {"source": "B79 PCA natural-breaks core area", "Id": 305, "gridcode": 1}, "geometry": {"type": "Polygon", "coordinates": [[[113.81573478929073, 34.85465089183169], [113.81366894924709, 34.85494968827124], [113.81524670319092, 34.85558687109097], [113.81573478929073, 34.85465089183169]]]}}, {"type": "Feature", "properties": {"source": "B79 PCA natural-breaks core area", "Id": 306, "gridcode": 1}, "geometry": {"type": "Polygon", "coordinates": [[[113.82651457270016, 34.85465089183169], [113.82534704794064, 34.855060887422006], [113.82615478602449, 34.85632610181016], [113.82651457270016, 34.85465089183169]]]}}, {"type": "Feature", "properties": {"source": "B79 PCA natural-breaks core area", "Id": 307, "gridcode": 1}, "geometry": {"type": "Polygon", "coordinates": [[[113.82920951855253, 34.85465089183169], [113.8271756985361, 34.85498781949607], [113.8283112032684, 34.85686234671405], [113.8297789706119, 34.856553265363885], [113.82920951855253, 34.85465089183169]]]}}, {"type": "Feature", "properties": {"source": "B79 PCA natural-breaks core area", "Id": 308, "gridcode": 1}, "geometry": {"type": "Polygon", "coordinates": [[[113.87322696747438, 34.85686234671405], [113.87631328139913, 34.85615711223556], [113.87368445909613, 34.854652534067746], [113.87322696747438, 34.85686234671405]]]}}, {"type": "Feature", "properties": {"source": "B79 PCA natural-breaks core area", "Id": 309, "gridcode": 1}, "geometry": {"type": "Polygon", "coordinates": [[[113.87951517446321, 34.85465089183169], [113.87744933441958, 34.85494968827124], [113.87902708836342, 34.85558687109097], [113.87951517446321, 34.85465089183169]]]}}, {"type": "Feature", "properties": {"source": "B79 PCA natural-breaks core area", "Id": 310, "gridcode": 1}, "geometry": {"type": "Polygon", "coordinates": [[[114.06007654657124, 34.85465089183169], [114.05898128618821, 34.8549032446405], [114.05976906658385, 34.85554965123745], [114.06007654657124, 34.85465089183169]]]}}, {"type": "Feature", "properties": {"source": "B79 PCA natural-breaks core area", "Id": 311, "gridcode": 1}, "geometry": {"type": "Polygon", "coordinates": [[[113.80136174474482, 34.85465089183169], [113.80245700512785, 34.85439853824879], [113.80166922473221, 34.853752122607354], [113.80136174474482, 34.85465089183169]]]}}, {"type": "Feature", "properties": {"source": "B79 PCA natural-breaks core area", "Id": 312, "gridcode": 1}, "geometry": {"type": "Polygon", "coordinates": [[[114.05558497015065, 34.85391372699386], [114.05441744539111, 34.854323726257846], [114.05522518347496, 34.855588951982845], [114.05558497015065, 34.85391372699386]]]}}, {"type": "Feature", "properties": {"source": "B79 PCA natural-breaks core area", "Id": 313, "gridcode": 1}, "geometry": {"type": "Polygon", "coordinates": [[[114.0627714924236, 34.85391372699386], [114.06070565237997, 34.8542125261107], [114.0622834063238, 34.854849714639805], [114.0627714924236, 34.85391372699386]]]}}, {"type": "Feature", "properties": {"source": "B79 PCA natural-breaks core area", "Id": 314, "gridcode": 1}, "geometry": {"type": "Polygon", "coordinates": [[[113.82920951855253, 34.85465089183169], [113.83131604157595, 34.854290543951706], [113.83032945190173, 34.8529222289708], [113.82623889342474, 34.85351586265457], [113.82889962609734, 34.85416805050905], [113.82920951855253, 34.85465089183169]]]}}, {"type": "Feature", "properties": {"source": "B79 PCA natural-breaks core area", "Id": 315, "gridcode": 1}, "geometry": {"type": "Polygon", "coordinates": [[[114.05558497015065, 34.85391372699386], [114.05765081019429, 34.85361492679181], [114.05607305625045, 34.852977728699365], [114.05558497015065, 34.85391372699386]]]}}, {"type": "Feature", "properties": {"source": "B79 PCA natural-breaks core area", "Id": 316, "gridcode": 1}, "geometry": {"type": "Polygon", "coordinates": [[[113.82202299627957, 34.85243937750301], [113.82164796719367, 34.85581744484001], [113.81985133662543, 34.85687412325405], [113.8237912255223, 34.857872243567236], [113.82301539780805, 34.85465089183169], [113.82347245079929, 34.85275317616198], [113.82202299627957, 34.85243937750301]]]}}, {"type": "Feature", "properties": {"source": "B79 PCA natural-breaks core area", "Id": 317, "gridcode": 1}, "geometry": {"type": "Polygon", "coordinates": [[[114.0627714924236, 34.85391372699386], [114.06393901718312, 34.85350372568666], [114.0631312790993, 34.8522384678934], [114.0627714924236, 34.85391372699386]]]}}, {"type": "Feature", "properties": {"source": "B79 PCA natural-breaks core area", "Id": 318, "gridcode": 1}, "geometry": {"type": "Polygon", "coordinates": [[[113.80854826701777, 34.85170219285012], [113.80600497766419, 34.85196537581834], [113.80720145203736, 34.85390620188537], [113.80854826701777, 34.85170219285012]]]}}, {"type": "Feature", "properties": {"source": "B79 PCA natural-breaks core area", "Id": 319, "gridcode": 1}, "geometry": {"type": "Polygon", "coordinates": [[[113.81214152815426, 34.85170219285012], [113.8091366898467, 34.85202261971787], [113.81153281866425, 34.852650545223526], [113.81214152815426, 34.85170219285012]]]}}, {"type": "Feature", "properties": {"source": "B79 PCA natural-breaks core area", "Id": 320, "gridcode": 1}, "geometry": {"type": "Polygon", "coordinates": [[[114.05917823128712, 34.85170219285012], [114.0580107065276, 34.85211220313488], [114.05881844461145, 34.85337746286985], [114.05917823128712, 34.85170219285012]]]}}, {"type": "Feature", "properties": {"source": "B79 PCA natural-breaks core area", "Id": 321, "gridcode": 1}, "geometry": {"type": "Polygon", "coordinates": [[[113.84268424781432, 34.850965001592336], [113.8417859325302, 34.850965001592336], [113.8417859325302, 34.85170219285012], [113.84268424781432, 34.85170219285012], [113.84268424781432, 34.850965001592336]]]}}, {"type": "Feature", "properties": {"source": "B79 PCA natural-breaks core area", "Id": 322, "gridcode": 1}, "geometry": {"type": "Polygon", "coordinates": [[[113.87682022861087, 34.850965001592336], [113.87475438856721, 34.85126381141807], [113.87633214251105, 34.8519010227841], [113.87682022861087, 34.850965001592336]]]}}, {"type": "Feature", "properties": {"source": "B79 PCA natural-breaks core area", "Id": 323, "gridcode": 1}, "geometry": {"type": "Polygon", "coordinates": [[[113.88400675088381, 34.850965001592336], [113.88291149050077, 34.85121736570664], [113.88369927089643, 34.8518638012631], [113.88400675088381, 34.850965001592336]]]}}, {"type": "Feature", "properties": {"source": "B79 PCA natural-breaks core area", "Id": 324, "gridcode": 1}, "geometry": {"type": "Polygon", "coordinates": [[[113.8786168591791, 34.85022780372971], [113.87752159879606, 34.85048017010506], [113.87830937919172, 34.85112661145326], [113.8786168591791, 34.85022780372971]]]}}, {"type": "Feature", "properties": {"source": "B79 PCA natural-breaks core area", "Id": 325, "gridcode": 1}, "geometry": {"type": "Polygon", "coordinates": [[[113.76453081809592, 34.84949059926232], [113.7634355577129, 34.849742967898656], [113.76422333810854, 34.85038941503855], [113.76453081809592, 34.84949059926232]]]}}, {"type": "Feature", "properties": {"source": "B79 PCA natural-breaks core area", "Id": 326, "gridcode": 1}, "geometry": {"type": "Polygon", "coordinates": [[[113.80405669059718, 34.84949059926232], [113.80296143021415, 34.849742967898656], [113.8037492106098, 34.85038941503855], [113.80405669059718, 34.84949059926232]]]}}, {"type": "Feature", "properties": {"source": "B79 PCA natural-breaks core area", "Id": 327, "gridcode": 1}, "geometry": {"type": "Polygon", "coordinates": [[[113.87682022861087, 34.84949059926232], [113.87475438856721, 34.849789414442355], [113.87633214251105, 34.85042663722655], [113.87682022861087, 34.84949059926232]]]}}, {"type": "Feature", "properties": {"source": "B79 PCA natural-breaks core area", "Id": 328, "gridcode": 1}, "geometry": {"type": "Polygon", "coordinates": [[[113.77171734036887, 34.84875338819024], [113.77208140369203, 34.850448729807646], [113.77285788935204, 34.849153952807626], [113.77171734036887, 34.84875338819024]]]}}, {"type": "Feature", "properties": {"source": "B79 PCA natural-breaks core area", "Id": 329, "gridcode": 1}, "geometry": {"type": "Polygon", "coordinates": [[[113.77441228622124, 34.84875338819024], [113.7733170258382, 34.84900575908757], [113.77410480623385, 34.84965221201907], [113.77441228622124, 34.84875338819024]]]}}, {"type": "Feature", "properties": {"source": "B79 PCA natural-breaks core area", "Id": 330, "gridcode": 1}, "geometry": {"type": "Polygon", "coordinates": [[[113.8184297351431, 34.84949059926232], [113.81812225515571, 34.84859177366817], [113.81733447476006, 34.849238229851956], [113.8184297351431, 34.84949059926232]]]}}, {"type": "Feature", "properties": {"source": "B79 PCA natural-breaks core area", "Id": 331, "gridcode": 1}, "geometry": {"type": "Polygon", "coordinates": [[[113.88400675088381, 34.84875338819024], [113.87914014537732, 34.84980705264825], [113.88345890137704, 34.85045748134781], [113.88400675088381, 34.84875338819024]]]}}, {"type": "Feature", "properties": {"source": "B79 PCA natural-breaks core area", "Id": 332, "gridcode": 1}, "geometry": {"type": "Polygon", "coordinates": [[[113.77171734036887, 34.848016170513496], [113.76992070980063, 34.848016170513496], [113.76992070980063, 34.84875338819024], [113.77171734036887, 34.84875338819024], [113.77171734036887, 34.848016170513496]]]}}, {"type": "Feature", "properties": {"source": "B79 PCA natural-breaks core area", "Id": 333, "gridcode": 1}, "geometry": {"type": "Polygon", "coordinates": [[[113.77710723207359, 34.848016170513496], [113.77601197169056, 34.84826854367179], [113.7767997520862, 34.84891500239489], [113.77710723207359, 34.848016170513496]]]}}, {"type": "Feature", "properties": {"source": "B79 PCA natural-breaks core area", "Id": 334, "gridcode": 1}, "geometry": {"type": "Polygon", "coordinates": [[[113.80405669059718, 34.84949059926232], [113.8052242153567, 34.849080575914], [113.80441647727287, 34.84781525010361], [113.80405669059718, 34.84949059926232]]]}}, {"type": "Feature", "properties": {"source": "B79 PCA natural-breaks core area", "Id": 335, "gridcode": 1}, "geometry": {"type": "Polygon", "coordinates": [[[113.8876000120203, 34.848016170513496], [113.88650475163726, 34.84826854367179], [113.8872925320329, 34.84891500239489], [113.8876000120203, 34.848016170513496]]]}}, {"type": "Feature", "properties": {"source": "B79 PCA natural-breaks core area", "Id": 336, "gridcode": 1}, "geometry": {"type": "Polygon", "coordinates": [[[113.89298990372501, 34.848016170513496], [113.88814775186944, 34.848352641638094], [113.89221604984806, 34.84900821136171], [113.89298990372501, 34.848016170513496]]]}}, {"type": "Feature", "properties": {"source": "B79 PCA natural-breaks core area", "Id": 337, "gridcode": 1}, "geometry": {"type": "Polygon", "coordinates": [[[113.772615655653, 34.847278946232166], [113.77171734036887, 34.847278946232166], [113.77171734036887, 34.848016170513496], [113.772615655653, 34.848016170513496], [113.772615655653, 34.847278946232166]]]}}, {"type": "Feature", "properties": {"source": "B79 PCA natural-breaks core area", "Id": 338, "gridcode": 1}, "geometry": {"type": "Polygon", "coordinates": [[[113.80764995173367, 34.847278946232166], [113.80655469135063, 34.84753132165141], [113.80734247174628, 34.84817778616603], [113.80764995173367, 34.847278946232166]]]}}, {"type": "Feature", "properties": {"source": "B79 PCA natural-breaks core area", "Id": 339, "gridcode": 1}, "geometry": {"type": "Polygon", "coordinates": [[[113.79148027661951, 34.84654171534635], [113.78936563893164, 34.84691504505066], [113.7903567245686, 34.84822396361547], [113.79148027661951, 34.84654171534635]]]}}, {"type": "Feature", "properties": {"source": "B79 PCA natural-breaks core area", "Id": 340, "gridcode": 1}, "geometry": {"type": "Polygon", "coordinates": [[[113.87322696747438, 34.84654171534635], [113.87353444746176, 34.84744056333259], [113.8743222278574, 34.84679409302651], [113.87322696747438, 34.84654171534635]]]}}, {"type": "Feature", "properties": {"source": "B79 PCA natural-breaks core area", "Id": 341, "gridcode": 1}, "geometry": {"type": "Polygon", "coordinates": [[[113.87592191332674, 34.84654171534635], [113.87482665294371, 34.84679409302651], [113.87561443333935, 34.84744056333259], [113.87592191332674, 34.84654171534635]]]}}, {"type": "Feature", "properties": {"source": "B79 PCA natural-breaks core area", "Id": 342, "gridcode": 1}, "geometry": {"type": "Polygon", "coordinates": [[[113.8876000120203, 34.84654171534635], [113.88459517371274, 34.84686216230974], [113.88699130253029, 34.84749012719635], [113.8876000120203, 34.84654171534635]]]}}, {"type": "Feature", "properties": {"source": "B79 PCA natural-breaks core area", "Id": 343, "gridcode": 1}, "geometry": {"type": "Polygon", "coordinates": [[[113.77890386264183, 34.84580447785604], [113.7777363378823, 34.84621451752801], [113.77854407596615, 34.84747986795146], [113.77890386264183, 34.84580447785604]]]}}, {"type": "Feature", "properties": {"source": "B79 PCA natural-breaks core area", "Id": 344, "gridcode": 1}, "geometry": {"type": "Polygon", "coordinates": [[[113.87322696747438, 34.84654171534635], [113.87249620904501, 34.84553008199135], [113.86934245567937, 34.84621465252014], [113.87322696747438, 34.84654171534635]]]}}, {"type": "Feature", "properties": {"source": "B79 PCA natural-breaks core area", "Id": 345, "gridcode": 1}, "geometry": {"type": "Polygon", "coordinates": [[[113.8831084355997, 34.84580447785604], [113.88201317521667, 34.84605685779712], [113.8828009556123, 34.84670333389462], [113.8831084355997, 34.84580447785604]]]}}, {"type": "Feature", "properties": {"source": "B79 PCA natural-breaks core area", "Id": 346, "gridcode": 1}, "geometry": {"type": "Polygon", "coordinates": [[[113.76992070980063, 34.848016170513496], [113.76956881847413, 34.84527479807054], [113.76635694656594, 34.84617309742676], [113.76867993374597, 34.84682278990027], [113.76936485528705, 34.84773510003559], [113.76992070980063, 34.848016170513496]]]}}, {"type": "Feature", "properties": {"source": "B79 PCA natural-breaks core area", "Id": 347, "gridcode": 1}, "geometry": {"type": "Polygon", "coordinates": [[[113.7869887001989, 34.84506723376136], [113.78398386189136, 34.84538768646614], [113.7863799907089, 34.84601566260398], [113.7869887001989, 34.84506723376136]]]}}, {"type": "Feature", "properties": {"source": "B79 PCA natural-breaks core area", "Id": 348, "gridcode": 1}, "geometry": {"type": "Polygon", "coordinates": [[[113.81303984343837, 34.84506723376136], [113.81254101089108, 34.84539507736018], [113.81174204541743, 34.84695111013805], [113.80976469907914, 34.8476349039039], [113.81090579635044, 34.84838478017743], [113.80904709956506, 34.84960626034877], [113.81035421848435, 34.851292821695324], [113.81240459680252, 34.84923502390619], [113.81303984343837, 34.84506723376136]]]}}, {"type": "Feature", "properties": {"source": "B79 PCA natural-breaks core area", "Id": 349, "gridcode": 1}, "geometry": {"type": "Polygon", "coordinates": [[[113.8741252827585, 34.84506723376136], [113.87443276274588, 34.845966097852155], [113.87522054314154, 34.84531961596333], [113.8741252827585, 34.84506723376136]]]}}, {"type": "Feature", "properties": {"source": "B79 PCA natural-breaks core area", "Id": 350, "gridcode": 1}, "geometry": {"type": "Polygon", "coordinates": [[[113.77531060150535, 34.844329983062345], [113.77309222770192, 34.84479720026], [113.772615655653, 34.847278946232166], [113.7750088237146, 34.846294050363625], [113.77531060150535, 34.844329983062345]]]}}, {"type": "Feature", "properties": {"source": "B79 PCA natural-breaks core area", "Id": 351, "gridcode": 1}, "geometry": {"type": "Polygon", "coordinates": [[[113.82741288798428, 34.844329983062345], [113.8282864206446, 34.845368348644335], [113.83309414000516, 34.844670564097235], [113.82741288798428, 34.844329983062345]]]}}, {"type": "Feature", "properties": {"source": "B79 PCA natural-breaks core area", "Id": 352, "gridcode": 1}, "geometry": {"type": "Polygon", "coordinates": [[[113.87322696747438, 34.843592725759095], [113.87322696747438, 34.84506723376136], [113.8741252827585, 34.84506723376136], [113.8741252827585, 34.843592725759095], [113.87322696747438, 34.843592725759095]]]}}, {"type": "Feature", "properties": {"source": "B79 PCA natural-breaks core area", "Id": 353, "gridcode": 1}, "geometry": {"type": "Polygon", "coordinates": [[[113.76992070980063, 34.84285546185159], [113.76507855794506, 34.84319195407612], [113.76914685592368, 34.84384756491065], [113.76992070980063, 34.84285546185159]]]}}, {"type": "Feature", "properties": {"source": "B79 PCA natural-breaks core area", "Id": 354, "gridcode": 1}, "geometry": {"type": "Polygon", "coordinates": [[[113.77531060150535, 34.844329983062345], [113.77830732514848, 34.84401985341456], [113.77763600115318, 34.8430002129631], [113.7756123792961, 34.84384039887104], [113.77531060150535, 34.844329983062345]]]}}, {"type": "Feature", "properties": {"source": "B79 PCA natural-breaks core area", "Id": 355, "gridcode": 1}, "geometry": {"type": "Polygon", "coordinates": [[[113.81753141985897, 34.84285546185159], [113.81453469621586, 34.84316559588694], [113.81520602021114, 34.84418523428953], [113.81722964206821, 34.84334505190181], [113.81753141985897, 34.84285546185159]]]}}, {"type": "Feature", "properties": {"source": "B79 PCA natural-breaks core area", "Id": 356, "gridcode": 1}, "geometry": {"type": "Polygon", "coordinates": [[[113.87322696747438, 34.843592725759095], [113.87272736732369, 34.84263451538813], [113.87118547142404, 34.84329742049768], [113.87322696747438, 34.843592725759095]]]}}, {"type": "Feature", "properties": {"source": "B79 PCA natural-breaks core area", "Id": 357, "gridcode": 1}, "geometry": {"type": "Polygon", "coordinates": [[[113.87951517446321, 34.84285546185159], [113.87558756722062, 34.84318617169988], [113.87881544914242, 34.84382413184631], [113.87951517446321, 34.84285546185159]]]}}, {"type": "Feature", "properties": {"source": "B79 PCA natural-breaks core area", "Id": 358, "gridcode": 1}, "geometry": {"type": "Polygon", "coordinates": [[[113.76992070980063, 34.84285546185159], [113.77101597018367, 34.84260307209318], [113.77022818978801, 34.841956563787484], [113.76992070980063, 34.84285546185159]]]}}, {"type": "Feature", "properties": {"source": "B79 PCA natural-breaks core area", "Id": 359, "gridcode": 1}, "geometry": {"type": "Polygon", "coordinates": [[[113.77531060150535, 34.84138091422427], [113.77231387786223, 34.841691053815715], [113.77295899368455, 34.84345886542158], [113.7750088237146, 34.842607785775726], [113.77531060150535, 34.84138091422427]]]}}, {"type": "Feature", "properties": {"source": "B79 PCA natural-breaks core area", "Id": 360, "gridcode": 1}, "geometry": {"type": "Polygon", "coordinates": [[[113.83100614912077, 34.84211819133998], [113.83069866913338, 34.84121928522401], [113.82991088873773, 34.841865799320786], [113.83100614912077, 34.84211819133998]]]}}, {"type": "Feature", "properties": {"source": "B79 PCA natural-breaks core area", "Id": 361, "gridcode": 1}, "geometry": {"type": "Polygon", "coordinates": [[[113.87053202162201, 34.84138091422427], [113.87083950160941, 34.84227981857511], [113.87162728200505, 34.84163330773031], [113.87053202162201, 34.84138091422427]]]}}, {"type": "Feature", "properties": {"source": "B79 PCA natural-breaks core area", "Id": 362, "gridcode": 1}, "geometry": {"type": "Polygon", "coordinates": [[[113.77800554735771, 34.84064363050458], [113.77691028697468, 34.84089602627136], [113.77769806737032, 34.841542542907156], [113.77800554735771, 34.84064363050458]]]}}, {"type": "Feature", "properties": {"source": "B79 PCA natural-breaks core area", "Id": 363, "gridcode": 1}, "geometry": {"type": "Polygon", "coordinates": [[[113.78878533076714, 34.83990634018091], [113.78769007038412, 34.8401587382084], [113.78847785077976, 34.84080526063521], [113.78878533076714, 34.83990634018091]]]}}, {"type": "Feature", "properties": {"source": "B79 PCA natural-breaks core area", "Id": 364, "gridcode": 1}, "geometry": {"type": "Polygon", "coordinates": [[[113.81753141985897, 34.84064363050458], [113.81868194768623, 34.84101227318993], [113.81753141985897, 34.84138091422427], [113.81753141985897, 34.84285546185159], [113.81904941039585, 34.84260394958066], [113.82022208906386, 34.84063332540578], [113.8180695098369, 34.8397705388092], [113.81753141985897, 34.84064363050458]]]}}, {"type": "Feature", "properties": {"source": "B79 PCA natural-breaks core area", "Id": 365, "gridcode": 1}, "geometry": {"type": "Polygon", "coordinates": [[[113.76992070980063, 34.83916904325335], [113.7688254494176, 34.839421443541575], [113.76961322981325, 34.840067971759254], [113.76992070980063, 34.83916904325335]]]}}, {"type": "Feature", "properties": {"source": "B79 PCA natural-breaks core area", "Id": 366, "gridcode": 1}, "geometry": {"type": "Polygon", "coordinates": [[[113.81753141985897, 34.84138091422427], [113.81753141985897, 34.84064363050458], [113.81614238669198, 34.840309085388625], [113.81469512532482, 34.83887908853714], [113.81353056132124, 34.8409607591639], [113.81753141985897, 34.84138091422427]]]}}, {"type": "Feature", "properties": {"source": "B79 PCA natural-breaks core area", "Id": 367, "gridcode": 1}, "geometry": {"type": "Polygon", "coordinates": [[[113.83100614912077, 34.83916904325335], [113.82983862436124, 34.839579115983234], [113.83064636244508, 34.84084456842298], [113.83100614912077, 34.83916904325335]]]}}, {"type": "Feature", "properties": {"source": "B79 PCA natural-breaks core area", "Id": 368, "gridcode": 1}, "geometry": {"type": "Polygon", "coordinates": [[[113.87053202162201, 34.84138091422427], [113.87097218733864, 34.841004904402425], [113.87366713319099, 34.83993182189788], [113.87120246835629, 34.838807761297986], [113.8700738720545, 34.839530323623116], [113.86918454869584, 34.84029002762747], [113.86787304347146, 34.83916962826941], [113.86562385587472, 34.84094324281271], [113.87053202162201, 34.84138091422427]]]}}, {"type": "Feature", "properties": {"source": "B79 PCA natural-breaks core area", "Id": 369, "gridcode": 1}, "geometry": {"type": "Polygon", "coordinates": [[[113.76632744866416, 34.83843173972198], [113.76523218828113, 34.8386841422709], [113.76601996867677, 34.839330676279424], [113.76632744866416, 34.83843173972198]]]}}, {"type": "Feature", "properties": {"source": "B79 PCA natural-breaks core area", "Id": 370, "gridcode": 1}, "geometry": {"type": "Polygon", "coordinates": [[[113.7959718530401, 34.83843173972198], [113.79417522247186, 34.83843173972198], [113.79417522247186, 34.84138091422427], [113.7959718530401, 34.84138091422427], [113.7959718530401, 34.83843173972198]]]}}, {"type": "Feature", "properties": {"source": "B79 PCA natural-breaks core area", "Id": 371, "gridcode": 1}, "geometry": {"type": "Polygon", "coordinates": [[[113.87502359804262, 34.83843173972198], [113.8741252827585, 34.83843173972198], [113.87459143733282, 34.84092290269053], [113.87711158892701, 34.841444060485834], [113.87592191332674, 34.83916904325335], [113.87502359804262, 34.83916904325335], [113.87502359804262, 34.83843173972198]]]}}, {"type": "Feature", "properties": {"source": "B79 PCA natural-breaks core area", "Id": 372, "gridcode": 1}, "geometry": {"type": "Polygon", "coordinates": [[[113.87682022861087, 34.83843173972198], [113.87592191332674, 34.83843173972198], [113.87592191332674, 34.83916904325335], [113.87682022861087, 34.83916904325335], [113.87682022861087, 34.83843173972198]]]}}, {"type": "Feature", "properties": {"source": "B79 PCA natural-breaks core area", "Id": 373, "gridcode": 1}, "geometry": {"type": "Polygon", "coordinates": [[[113.77980217792596, 34.83769442958685], [113.77863465316642, 34.83810450966252], [113.77944239125026, 34.83936998477137], [113.77980217792596, 34.83769442958685]]]}}, {"type": "Feature", "properties": {"source": "B79 PCA natural-breaks core area", "Id": 374, "gridcode": 1}, "geometry": {"type": "Polygon", "coordinates": [[[113.80854826701777, 34.83769442958685], [113.80654350627263, 34.83802660023056], [113.80555154337466, 34.839693767227956], [113.80838937311559, 34.83965679894099], [113.80787913617503, 34.83879932352903], [113.80854826701777, 34.83769442958685]]]}}, {"type": "Feature", "properties": {"source": "B79 PCA natural-breaks core area", "Id": 375, "gridcode": 1}, "geometry": {"type": "Polygon", "coordinates": [[[113.86154886878083, 34.83769442958685], [113.86095233128746, 34.83794212044695], [113.86034877570594, 34.83892135608488], [113.8590385863731, 34.839465342099714], [113.85975223821258, 34.84064363050458], [113.86154886878083, 34.84064363050458], [113.86154886878083, 34.83769442958685]]]}}, {"type": "Feature", "properties": {"source": "B79 PCA natural-breaks core area", "Id": 376, "gridcode": 1}, "geometry": {"type": "Polygon", "coordinates": [[[113.77441228622124, 34.83695711284799], [113.77317962483099, 34.83755690323519], [113.77401379040305, 34.840145350500975], [113.77441228622124, 34.83695711284799]]]}}, {"type": "Feature", "properties": {"source": "B79 PCA natural-breaks core area", "Id": 377, "gridcode": 1}, "geometry": {"type": "Polygon", "coordinates": [[[113.78429375434655, 34.83695711284799], [113.78197438586822, 34.83802287632664], [113.78212110777376, 34.83883813725913], [113.77951344939287, 34.84049017890012], [113.779033916588, 34.84315292865346], [113.78109186128246, 34.840964809186765], [113.78343842485239, 34.83947822365578], [113.78429375434655, 34.83695711284799]]]}}, {"type": "Feature", "properties": {"source": "B79 PCA natural-breaks core area", "Id": 378, "gridcode": 1}, "geometry": {"type": "Polygon", "coordinates": [[[113.8741252827585, 34.83843173972198], [113.8741252827585, 34.83695711284799], [113.87143033690614, 34.83695711284799], [113.87143033690614, 34.83843173972198], [113.8741252827585, 34.83843173972198]]]}}, {"type": "Feature", "properties": {"source": "B79 PCA natural-breaks core area", "Id": 379, "gridcode": 1}, "geometry": {"type": "Polygon", "coordinates": [[[113.87592191332674, 34.83695711284799], [113.87502359804262, 34.83695711284799], [113.87502359804262, 34.83843173972198], [113.87592191332674, 34.83843173972198], [113.87592191332674, 34.83695711284799]]]}}, {"type": "Feature", "properties": {"source": "B79 PCA natural-breaks core area", "Id": 380, "gridcode": 1}, "geometry": {"type": "Polygon", "coordinates": [[[113.88580338145205, 34.83843173972198], [113.88697090621159, 34.838021661276386], [113.88616316812774, 34.836756165440185], [113.88580338145205, 34.83843173972198]]]}}, {"type": "Feature", "properties": {"source": "B79 PCA natural-breaks core area", "Id": 381, "gridcode": 1}, "geometry": {"type": "Polygon", "coordinates": [[[113.78429375434655, 34.836219789505535], [113.78429375434655, 34.83695711284799], [113.78544428217381, 34.836588452002204], [113.78429375434655, 34.836219789505535]]]}}, {"type": "Feature", "properties": {"source": "B79 PCA natural-breaks core area", "Id": 382, "gridcode": 1}, "geometry": {"type": "Polygon", "coordinates": [[[113.86154886878083, 34.83769442958685], [113.86445578282706, 34.837393567893066], [113.86187707405979, 34.836359939502316], [113.86154886878083, 34.83769442958685]]]}}, {"type": "Feature", "properties": {"source": "B79 PCA natural-breaks core area", "Id": 383, "gridcode": 1}, "geometry": {"type": "Polygon", "coordinates": [[[113.80405669059718, 34.835482459559486], [113.80284848285787, 34.83600481062501], [113.8036721212977, 34.83791190166191], [113.80405669059718, 34.835482459559486]]]}}, {"type": "Feature", "properties": {"source": "B79 PCA natural-breaks core area", "Id": 384, "gridcode": 1}, "geometry": {"type": "Polygon", "coordinates": [[[113.8094465823019, 34.835482459559486], [113.80644174399436, 34.83580294958046], [113.80883787281189, 34.836430998846], [113.8094465823019, 34.835482459559486]]]}}, {"type": "Feature", "properties": {"source": "B79 PCA natural-breaks core area", "Id": 385, "gridcode": 1}, "geometry": {"type": "Polygon", "coordinates": [[[113.82112468099544, 34.835482459559486], [113.81822796510858, 34.83712402674317], [113.81980166172019, 34.83899473078616], [113.8205932801328, 34.83725825740109], [113.82371347826442, 34.83660103024065], [113.82149159541692, 34.83591864115373], [113.82112468099544, 34.835482459559486]]]}}, {"type": "Feature", "properties": {"source": "B79 PCA natural-breaks core area", "Id": 386, "gridcode": 1}, "geometry": {"type": "Polygon", "coordinates": [[[113.77081902508476, 34.83474512300992], [113.769958870655, 34.83654098544828], [113.77208030711574, 34.83554418149371], [113.77081902508476, 34.83474512300992]]]}}, {"type": "Feature", "properties": {"source": "B79 PCA natural-breaks core area", "Id": 387, "gridcode": 1}, "geometry": {"type": "Polygon", "coordinates": [[[113.81214152815426, 34.83474512300992], [113.81104626777123, 34.83499753686194], [113.81183404816686, 34.835644099823945], [113.81214152815426, 34.83474512300992]]]}}, {"type": "Feature", "properties": {"source": "B79 PCA natural-breaks core area", "Id": 388, "gridcode": 1}, "geometry": {"type": "Polygon", "coordinates": [[[113.87053202162201, 34.83474512300992], [113.86936449686249, 34.83515521777683], [113.87017223494634, 34.83642073822258], [113.87053202162201, 34.83474512300992]]]}}, {"type": "Feature", "properties": {"source": "B79 PCA natural-breaks core area", "Id": 389, "gridcode": 1}, "geometry": {"type": "Polygon", "coordinates": [[[113.87682022861087, 34.83843173972198], [113.87985401653205, 34.83881412900041], [113.87894692863775, 34.84176885852984], [113.87951517446321, 34.84285546185159], [113.88003846066144, 34.842547655366005], [113.88080694131465, 34.84166767638721], [113.88493368680871, 34.842336956713616], [113.89298453050127, 34.84101227318993], [113.88723002718525, 34.84006540671686], [113.88580338145205, 34.83843173972198], [113.88430852867458, 34.838184050335045], [113.88362086569279, 34.834548276796234], [113.88131180503144, 34.835473886439914], [113.87987507079653, 34.83489794402287], [113.87831508138834, 34.83744673798148], [113.87712200640162, 34.83794212044695], [113.87682022861087, 34.83843173972198]], [[113.88131180503144, 34.83916904325335], [113.88100432504406, 34.840067971759254], [113.88021654464843, 34.839421443541575], [113.88131180503144, 34.83916904325335]]]}}, {"type": "Feature", "properties": {"source": "B79 PCA natural-breaks core area", "Id": 390, "gridcode": 1}, "geometry": {"type": "Polygon", "coordinates": [[[113.76992070980063, 34.834007779856904], [113.76992070980063, 34.83474512300992], [113.77081902508476, 34.83474512300992], [113.77081902508476, 34.834007779856904], [113.76992070980063, 34.834007779856904]]]}}, {"type": "Feature", "properties": {"source": "B79 PCA natural-breaks core area", "Id": 391, "gridcode": 1}, "geometry": {"type": "Polygon", "coordinates": [[[113.78519206963067, 34.834007779856904], [113.78100227100083, 34.834255481808924], [113.78039871541931, 34.83523476129892], [113.77873180982435, 34.83592692170741], [113.77980217792596, 34.83769442958685], [113.78099525291267, 34.83719904563085], [113.78214029785856, 34.83534119423657], [113.78429375434655, 34.836219789505535], [113.7848902918399, 34.83523476129892], [113.78519206963067, 34.834007779856904]]]}}, {"type": "Feature", "properties": {"source": "B79 PCA natural-breaks core area", "Id": 392, "gridcode": 1}, "geometry": {"type": "Polygon", "coordinates": [[[113.8094465823019, 34.834007779856904], [113.80644174399436, 34.83432827561843], [113.80883787281189, 34.83495633613359], [113.8094465823019, 34.834007779856904]]]}}, {"type": "Feature", "properties": {"source": "B79 PCA natural-breaks core area", "Id": 393, "gridcode": 1}, "geometry": {"type": "Polygon", "coordinates": [[[113.84537919366667, 34.834007779856904], [113.84568667365406, 34.834906764722014], [113.84647445404971, 34.83426019596949], [113.84537919366667, 34.834007779856904]]]}}, {"type": "Feature", "properties": {"source": "B79 PCA natural-breaks core area", "Id": 394, "gridcode": 1}, "geometry": {"type": "Polygon", "coordinates": [[[113.8651421299173, 34.834007779856904], [113.86555674540672, 34.83723822013381], [113.86727705426624, 34.83508754384285], [113.8651421299173, 34.834007779856904]]]}}, {"type": "Feature", "properties": {"source": "B79 PCA natural-breaks core area", "Id": 395, "gridcode": 1}, "geometry": {"type": "Polygon", "coordinates": [[[113.75644598053884, 34.833270430100534], [113.75535072015582, 34.83352284847363], [113.75613850055146, 34.83416942301664], [113.75644598053884, 34.833270430100534]]]}}, {"type": "Feature", "properties": {"source": "B79 PCA natural-breaks core area", "Id": 396, "gridcode": 1}, "geometry": {"type": "Polygon", "coordinates": [[[113.79058196133539, 34.833270430100534], [113.7893167316298, 34.83398746052308], [113.79021614349018, 34.83725825740109], [113.79151448979927, 34.83638668239425], [113.79058196133539, 34.833270430100534]]]}}, {"type": "Feature", "properties": {"source": "B79 PCA natural-breaks core area", "Id": 397, "gridcode": 1}, "geometry": {"type": "Polygon", "coordinates": [[[113.81753141985897, 34.833270430100534], [113.81624173650246, 34.83408750450363], [113.81835856734287, 34.834997368098755], [113.81753141985897, 34.833270430100534]]]}}, {"type": "Feature", "properties": {"source": "B79 PCA natural-breaks core area", "Id": 398, "gridcode": 1}, "geometry": {"type": "Polygon", "coordinates": [[[113.8561589770761, 34.83474512300992], [113.85556243958274, 34.83449742253101], [113.85481150414994, 34.83327900344954], [113.85406056871712, 34.83449742253101], [113.85257613341425, 34.83511379211013], [113.8552479415072, 34.83622319847111], [113.8561589770761, 34.83474512300992]]]}}, {"type": "Feature", "properties": {"source": "B79 PCA natural-breaks core area", "Id": 399, "gridcode": 1}, "geometry": {"type": "Polygon", "coordinates": [[[113.8561589770761, 34.83474512300992], [113.85915570071923, 34.83351164239689], [113.85646075486687, 34.83351813427085], [113.8561589770761, 34.83474512300992]]]}}, {"type": "Feature", "properties": {"source": "B79 PCA natural-breaks core area", "Id": 400, "gridcode": 1}, "geometry": {"type": "Polygon", "coordinates": [[[113.89029495787265, 34.83253307374079], [113.88729823422953, 34.83284324666646], [113.88796955822482, 34.83386301293227], [113.8899931800819, 34.833022725184975], [113.89029495787265, 34.83253307374079]]]}}, {"type": "Feature", "properties": {"source": "B79 PCA natural-breaks core area", "Id": 401, "gridcode": 1}, "geometry": {"type": "Polygon", "coordinates": [[[113.89478653429325, 34.83253307374079], [113.8927206942496, 34.832831950487844], [113.89429844819345, 34.833469304565156], [113.89478653429325, 34.83253307374079]]]}}, {"type": "Feature", "properties": {"source": "B79 PCA natural-breaks core area", "Id": 402, "gridcode": 1}, "geometry": {"type": "Polygon", "coordinates": [[[113.90017642599797, 34.83253307374079], [113.89908116561493, 34.83278549437442], [113.89986894601059, 34.83343207470785], [113.90017642599797, 34.83253307374079]]]}}, {"type": "Feature", "properties": {"source": "B79 PCA natural-breaks core area", "Id": 403, "gridcode": 1}, "geometry": {"type": "Polygon", "coordinates": [[[113.9019730565662, 34.83253307374079], [113.90087779618317, 34.83278549437442], [113.90166557657882, 34.83343207470785], [113.9019730565662, 34.83253307374079]]]}}, {"type": "Feature", "properties": {"source": "B79 PCA natural-breaks core area", "Id": 404, "gridcode": 1}, "geometry": {"type": "Polygon", "coordinates": [[[113.78519206963067, 34.834007779856904], [113.78662178577744, 34.8337066234139], [113.78735561462037, 34.83283423447627], [113.78915224518862, 34.83181603065253], [113.78576700457143, 34.8321688148321], [113.78519206963067, 34.834007779856904]]]}}, {"type": "Feature", "properties": {"source": "B79 PCA natural-breaks core area", "Id": 405, "gridcode": 1}, "geometry": {"type": "Polygon", "coordinates": [[[113.81663310457485, 34.83179571077784], [113.81553784419182, 34.83204813367195], [113.81632562458746, 34.83269471979575], [113.81663310457485, 34.83179571077784]]]}}, {"type": "Feature", "properties": {"source": "B79 PCA natural-breaks core area", "Id": 406, "gridcode": 1}, "geometry": {"type": "Polygon", "coordinates": [[[113.8417859325302, 34.83179571077784], [113.84227237376558, 34.8336264483557], [113.84219056917551, 34.834462387074275], [113.8397454233985, 34.83430111577184], [113.8405126978178, 34.84213952115824], [113.83413961582532, 34.841719234970654], [113.83100614912077, 34.84211819133998], [113.83139751719315, 34.84253429054679], [113.83466125715913, 34.844136343413126], [113.83226096135175, 34.849147360926224], [113.83396657608918, 34.85022780372971], [113.83229583247727, 34.85128613999608], [113.8315130963325, 34.852227185624855], [113.83329788387697, 34.85201074124642], [113.83416801715083, 34.85293578332629], [113.83499077832964, 34.85128613999608], [113.83568436282329, 34.85064386193517], [113.83782498936885, 34.8549358080511], [113.8372600332722, 34.858072824482726], [113.8359024718443, 34.85790820262229], [113.83510635746897, 34.85864353204392], [113.83819267139371, 34.85907374214838], [113.83868075749352, 34.85813780256148], [113.84025851143736, 34.85877496068782], [113.83819267139371, 34.85907374214838], [113.83819267139371, 34.86128507813304], [113.8372943561096, 34.86128507813304], [113.83783617444686, 34.86241608611459], [113.83600467275309, 34.86357605074823], [113.83998239353143, 34.86298450288334], [113.84088761724608, 34.862022176916575], [113.83958981922514, 34.86116943346475], [113.84203946096488, 34.85800882490546], [113.84947128735045, 34.858664407673096], [113.8507690853714, 34.85907374214838], [113.85121824301345, 34.85736039052806], [113.85166740065551, 34.85907374214838], [113.85346403122375, 34.85907374214838], [113.85346403122375, 34.85759948513091], [113.855260661792, 34.85759948513091], [113.855260661792, 34.85907374214838], [113.85574326501042, 34.85941489202151], [113.85728987618806, 34.860887991768614], [113.85843656599837, 34.85776284785931], [113.86200657971783, 34.857998229540065], [113.87012672703094, 34.857094986494126], [113.87143033690614, 34.858336616942374], [113.87322696747438, 34.858336616942374], [113.87322696747438, 34.85686234671405], [113.8718379343074, 34.85652786752891], [113.8710227395049, 34.85498537864828], [113.86996739449826, 34.85426601153304], [113.87451007137325, 34.85317208993842], [113.87273624959151, 34.850630498430746], [113.87183464457857, 34.8489243840408], [113.86873539105378, 34.84949059926232], [113.86824730495398, 34.85042663722655], [113.86666955101015, 34.849789414442355], [113.86873539105378, 34.84949059926232], [113.86839293028325, 34.84313654899519], [113.86446148502368, 34.84255594650274], [113.86031785225501, 34.84139700173182], [113.85975223821258, 34.84064363050458], [113.85924529100086, 34.840964809186765], [113.85597201082129, 34.841361811711224], [113.8548692937196, 34.84253429054679], [113.85342510276601, 34.84317663190315], [113.85126572476615, 34.84021332403173], [113.84807413951904, 34.84064363050458], [113.8474592892019, 34.84240856214134], [113.84587802621397, 34.841158973799324], [113.84807413951904, 34.84064363050458], [113.8484410539405, 34.84020747394521], [113.85023768450874, 34.83918936130831], [113.84942906916389, 34.83706145094803], [113.84859172352063, 34.83889827037879], [113.8462775089508, 34.83843173972198], [113.84597002896341, 34.839330676279424], [113.84518224856777, 34.8386841422709], [113.8462775089508, 34.83843173972198], [113.84739272702203, 34.83659034211331], [113.84424763660896, 34.83584536496753], [113.84335392694518, 34.83434336316812], [113.84537919366667, 34.834007779856904], [113.84480985126493, 34.83218690686473], [113.8417859325302, 34.83179571077784]], [[113.86334549934907, 34.85317655555093], [113.86396890296115, 34.85427152317289], [113.86345603423754, 34.85538805006438], [113.86400147127651, 34.856575536266746], [113.86157003270293, 34.857130023564956], [113.86032432205504, 34.85445816507785], [113.86334549934907, 34.85317655555093]], [[113.85346403122375, 34.85317655555093], [113.85307946192427, 34.85560547538738], [113.85225582348444, 34.853698794327435], [113.85346403122375, 34.85317655555093]], [[113.86873539105378, 34.85243937750301], [113.8683756043781, 34.85411463251264], [113.86756786629425, 34.8528493841142], [113.86873539105378, 34.85243937750301]], [[113.85885392292847, 34.85170219285012], [113.85854644294109, 34.852600984468026], [113.85775866254544, 34.851954554703376], [113.85885392292847, 34.85170219285012]], [[113.8417859325302, 34.85170219285012], [113.83931797796667, 34.8503038455628], [113.83978961542236, 34.84857739741842], [113.84166794092305, 34.84771506531866], [113.84268424781432, 34.850965001592336], [113.84358256309844, 34.850965001592336], [113.84358256309844, 34.85243937750301], [113.84448087838256, 34.85243937750301], [113.84448087838256, 34.85391372699386], [113.85018713234248, 34.853144508870365], [113.85116045344378, 34.85494747238536], [113.84616971550301, 34.855709171204296], [113.84448087838256, 34.85391372699386], [113.84358256309844, 34.85391372699386], [113.84358256309844, 34.85243937750301], [113.8417859325302, 34.85243937750301], [113.8417859325302, 34.85170219285012]], [[113.8651421299173, 34.85022780372971], [113.86483464992992, 34.85112661145326], [113.86404686953428, 34.85048017010506], [113.8651421299173, 34.85022780372971]], [[113.87143033690614, 34.85022780372971], [113.87094225080632, 34.85116383330776], [113.86936449686249, 34.850526616232614], [113.87143033690614, 34.85022780372971]], [[113.83639604082548, 34.84949059926232], [113.83590795472568, 34.85042663722655], [113.83433020078184, 34.849789414442355], [113.83639604082548, 34.84949059926232]], [[113.86244718406495, 34.84949059926232], [113.86213970407756, 34.85038941503855], [113.86135192368191, 34.849742967898656], [113.86244718406495, 34.84949059926232]], [[113.83549772554136, 34.847278946232166], [113.83632487302526, 34.84900559035309], [113.83420804218484, 34.848095881593316], [113.83549772554136, 34.847278946232166]], [[113.86334549934907, 34.848016170513496], [113.86303801936168, 34.84891500239489], [113.86225023896604, 34.84826854367179], [113.86334549934907, 34.848016170513496]], [[113.86783707576967, 34.84654171534635], [113.86747728909397, 34.848217090432804], [113.86666955101015, 34.846951751345024], [113.86783707576967, 34.84654171534635]], [[113.83819267139371, 34.84580447785604], [113.83783288471804, 34.84747986795146], [113.83702514663419, 34.84621451752801], [113.83819267139371, 34.84580447785604]], [[113.84088761724608, 34.843592725759095], [113.84131966829825, 34.84397540605247], [113.84225219676215, 34.84468455854463], [113.84311629886649, 34.84544990719876], [113.84486139034983, 34.84677687039774], [113.84014315161328, 34.8476335090091], [113.83865893562566, 34.84417181348813], [113.84088761724608, 34.843592725759095]], [[113.86604044520143, 34.844329983062345], [113.86573296521404, 34.845228855205306], [113.8649451848184, 34.84458236752518], [113.86604044520143, 34.844329983062345]], [[113.855260661792, 34.843592725759095], [113.8549531818046, 34.844491605954104], [113.85416540140896, 34.84384511248272], [113.855260661792, 34.843592725759095]], [[113.86334549934907, 34.843592725759095], [113.86303801936168, 34.844491605954104], [113.86225023896604, 34.84384511248272], [113.86334549934907, 34.843592725759095]], [[113.84807413951904, 34.84285546185159], [113.84758605341922, 34.84379157528787], [113.84600829947539, 34.84315430112466], [113.84807413951904, 34.84285546185159]], [[113.85885392292847, 34.84211819133998], [113.85819016530948, 34.84388227013291], [113.85573504068836, 34.84290861716228], [113.85885392292847, 34.84211819133998]], [[113.8417859325302, 34.83916904325335], [113.84147845254282, 34.840067971759254], [113.84069067214716, 34.839421443541575], [113.8417859325302, 34.83916904325335]]]}}, {"type": "Feature", "properties": {"source": "B79 PCA natural-breaks core area", "Id": 407, "gridcode": 1}, "geometry": {"type": "Polygon", "coordinates": [[[113.88580338145205, 34.83179571077784], [113.88190834252481, 34.832088840799436], [113.88269085935434, 34.834255481808924], [113.88460328837718, 34.833760077159674], [113.88580338145205, 34.83179571077784]]]}}, {"type": "Feature", "properties": {"source": "B79 PCA natural-breaks core area", "Id": 408, "gridcode": 1}, "geometry": {"type": "Polygon", "coordinates": [[[113.89837979542973, 34.83179571077784], [113.89631395538609, 34.83209459020139], [113.89789170932993, 34.832731949986425], [113.89837979542973, 34.83179571077784]]]}}, {"type": "Feature", "properties": {"source": "B79 PCA natural-breaks core area", "Id": 409, "gridcode": 1}, "geometry": {"type": "Polygon", "coordinates": [[[113.75734429582296, 34.831058341211666], [113.75644598053884, 34.831058341211666], [113.75644598053884, 34.833270430100534], [113.76130447138091, 34.834249946326494], [113.75954227330769, 34.83192524708042], [113.75772020216989, 34.832260535095834], [113.75734429582296, 34.831058341211666]]]}}, {"type": "Feature", "properties": {"source": "B79 PCA natural-breaks core area", "Id": 410, "gridcode": 1}, "geometry": {"type": "Polygon", "coordinates": [[[113.77441228622124, 34.831058341211666], [113.77314705651564, 34.8317753908981], [113.77401061033187, 34.835783609506805], [113.77528066497305, 34.83396019930488], [113.77441228622124, 34.831058341211666]]]}}, {"type": "Feature", "properties": {"source": "B79 PCA natural-breaks core area", "Id": 411, "gridcode": 1}, "geometry": {"type": "Polygon", "coordinates": [[[113.77980217792596, 34.831058341211666], [113.78030177807663, 34.8320166863333], [113.7818436739763, 34.83135369037952], [113.77980217792596, 34.831058341211666]]]}}, {"type": "Feature", "properties": {"source": "B79 PCA natural-breaks core area", "Id": 412, "gridcode": 1}, "geometry": {"type": "Polygon", "coordinates": [[[113.8094465823019, 34.831058341211666], [113.80725046899683, 34.83157374451081], [113.80883173198475, 34.83282347835287], [113.8094465823019, 34.831058341211666]]]}}, {"type": "Feature", "properties": {"source": "B79 PCA natural-breaks core area", "Id": 413, "gridcode": 1}, "geometry": {"type": "Polygon", "coordinates": [[[113.83549772554136, 34.831058341211666], [113.83428951780206, 34.83158072034542], [113.83511315624187, 34.83348791386192], [113.83549772554136, 34.831058341211666]]]}}, {"type": "Feature", "properties": {"source": "B79 PCA natural-breaks core area", "Id": 414, "gridcode": 1}, "geometry": {"type": "Polygon", "coordinates": [[[113.8417859325302, 34.83179571077784], [113.84147845254282, 34.830896691944254], [113.84069067214716, 34.83154328710988], [113.8417859325302, 34.83179571077784]]]}}, {"type": "Feature", "properties": {"source": "B79 PCA natural-breaks core area", "Id": 415, "gridcode": 1}, "geometry": {"type": "Polygon", "coordinates": [[[113.8462775089508, 34.831058341211666], [113.84696319809528, 34.832881016846066], [113.84934452313311, 34.83183574295147], [113.8462775089508, 34.831058341211666]]]}}, {"type": "Feature", "properties": {"source": "B79 PCA natural-breaks core area", "Id": 416, "gridcode": 1}, "geometry": {"type": "Polygon", "coordinates": [[[113.75734429582296, 34.831058341211666], [113.75941013586662, 34.83075945802674], [113.75783238192277, 34.83012208297347], [113.75734429582296, 34.831058341211666]]]}}, {"type": "Feature", "properties": {"source": "B79 PCA natural-breaks core area", "Id": 417, "gridcode": 1}, "geometry": {"type": "Polygon", "coordinates": [[[113.78429375434655, 34.83032096504236], [113.78215466300777, 34.83140287013235], [113.78388034509105, 34.83354203156327], [113.78429375434655, 34.83032096504236]]]}}, {"type": "Feature", "properties": {"source": "B79 PCA natural-breaks core area", "Id": 418, "gridcode": 1}, "geometry": {"type": "Polygon", "coordinates": [[[113.79417522247186, 34.83032096504236], [113.79210938242822, 34.830619849818895], [113.79368713637206, 34.83125722101924], [113.79417522247186, 34.83032096504236]]]}}, {"type": "Feature", "properties": {"source": "B79 PCA natural-breaks core area", "Id": 419, "gridcode": 1}, "geometry": {"type": "Polygon", "coordinates": [[[113.80405669059718, 34.835482459559486], [113.80531764365529, 34.834767894855204], [113.80440518253724, 34.83142702682013], [113.80478953252147, 34.83001979511452], [113.8026269744504, 34.830622133868694], [113.80095272179442, 34.83151706020703], [113.79965843281754, 34.831278902444694], [113.79560493861864, 34.83317803589413], [113.79673781156788, 34.83399405361867], [113.79911595653452, 34.833556455443585], [113.8004634294607, 34.83380440627634], [113.80222694342545, 34.83347990308897], [113.8036897761757, 34.83430893519835], [113.80405669059718, 34.835482459559486]]]}}, {"type": "Feature", "properties": {"source": "B79 PCA natural-breaks core area", "Id": 420, "gridcode": 1}, "geometry": {"type": "Polygon", "coordinates": [[[113.8462775089508, 34.831058341211666], [113.84597002896341, 34.83015931432739], [113.84518224856777, 34.83080591528326], [113.8462775089508, 34.831058341211666]]]}}, {"type": "Feature", "properties": {"source": "B79 PCA natural-breaks core area", "Id": 421, "gridcode": 1}, "geometry": {"type": "Polygon", "coordinates": [[[113.9019730565662, 34.83032096504236], [113.90080553180668, 34.830731081845045], [113.90161326989053, 34.83199667029292], [113.9019730565662, 34.83032096504236]]]}}, {"type": "Feature", "properties": {"source": "B79 PCA natural-breaks core area", "Id": 422, "gridcode": 1}, "geometry": {"type": "Polygon", "coordinates": [[[113.75015777355, 34.829583582269976], [113.74746282769765, 34.829583582269976], [113.74870963492182, 34.83357158813898], [113.75162236082231, 34.83296196895998], [113.75130391507219, 34.83179571077784], [113.75161940006636, 34.83064023749264], [113.75052468797148, 34.83001979511452], [113.75015777355, 34.829583582269976]]]}}, {"type": "Feature", "properties": {"source": "B79 PCA natural-breaks core area", "Id": 423, "gridcode": 1}, "geometry": {"type": "Polygon", "coordinates": [[[113.77980217792596, 34.831058341211666], [113.7794381146028, 34.829362600184986], [113.77866162894279, 34.83065768852724], [113.77980217792596, 34.831058341211666]]]}}, {"type": "Feature", "properties": {"source": "B79 PCA natural-breaks core area", "Id": 424, "gridcode": 1}, "geometry": {"type": "Polygon", "coordinates": [[[113.80675163644953, 34.829583582269976], [113.80565637606651, 34.82983601194546], [113.80644415646215, 34.83048261544], [113.80675163644953, 34.829583582269976]]]}}, {"type": "Feature", "properties": {"source": "B79 PCA natural-breaks core area", "Id": 425, "gridcode": 1}, "geometry": {"type": "Polygon", "coordinates": [[[113.8372943561096, 34.829583582269976], [113.83619909572657, 34.82983601194546], [113.83698687612221, 34.83048261544], [113.8372943561096, 34.829583582269976]]]}}, {"type": "Feature", "properties": {"source": "B79 PCA natural-breaks core area", "Id": 426, "gridcode": 1}, "geometry": {"type": "Polygon", "coordinates": [[[113.84088761724608, 34.829583582269976], [113.83788277893854, 34.829904095252495], [113.84027890775607, 34.830532189515196], [113.84088761724608, 34.829583582269976]]]}}, {"type": "Feature", "properties": {"source": "B79 PCA natural-breaks core area", "Id": 427, "gridcode": 1}, "geometry": {"type": "Polygon", "coordinates": [[[113.75734429582296, 34.82884619289462], [113.75527845577932, 34.829145083024], [113.75685620972315, 34.82978246563946], [113.75734429582296, 34.82884619289462]]]}}, {"type": "Feature", "properties": {"source": "B79 PCA natural-breaks core area", "Id": 428, "gridcode": 1}, "geometry": {"type": "Polygon", "coordinates": [[[113.77531060150535, 34.82884619289462], [113.7750088237146, 34.83007325125377], [113.77441228622124, 34.831058341211666], [113.77651069458022, 34.83191452459215], [113.7759071389987, 34.82909391037441], [113.77531060150535, 34.82884619289462]]]}}, {"type": "Feature", "properties": {"source": "B79 PCA natural-breaks core area", "Id": 429, "gridcode": 1}, "geometry": {"type": "Polygon", "coordinates": [[[113.78968364605126, 34.82884619289462], [113.78745496443085, 34.82942538436109], [113.7893918471046, 34.830637930940384], [113.79058196133539, 34.829583582269976], [113.78968364605126, 34.829583582269976], [113.78968364605126, 34.82884619289462]]]}}, {"type": "Feature", "properties": {"source": "B79 PCA natural-breaks core area", "Id": 430, "gridcode": 1}, "geometry": {"type": "Polygon", "coordinates": [[[113.82651457270016, 34.829583582269976], [113.82620709271278, 34.82868453928458], [113.82541931231714, 34.829331151820696], [113.82651457270016, 34.829583582269976]]]}}, {"type": "Feature", "properties": {"source": "B79 PCA natural-breaks core area", "Id": 431, "gridcode": 1}, "geometry": {"type": "Polygon", "coordinates": [[[113.8283112032684, 34.82884619289462], [113.82651457270016, 34.829583582269976], [113.82585882008797, 34.8328602696897], [113.82613570559731, 34.83439798660043], [113.82508178613982, 34.8365984650902], [113.82612320462778, 34.8380156197762], [113.82690594077256, 34.83982662116904], [113.82497476029543, 34.84105001712169], [113.82544102452738, 34.84363926577161], [113.82202299627957, 34.84580447785604], [113.82259080347454, 34.847701825079156], [113.82089703176085, 34.84831727460655], [113.81985945128987, 34.84626014486148], [113.82202299627957, 34.84580447785604], [113.82139509670475, 34.84400213522071], [113.81892856769039, 34.844971972918934], [113.81972753316404, 34.848425557970025], [113.82332079430051, 34.84926868070621], [113.8225104244336, 34.84990900095426], [113.8184297351431, 34.84949059926232], [113.81786488870407, 34.853846450924955], [113.81530273823856, 34.85781967155796], [113.81979563055069, 34.85503271083572], [113.81975878558787, 34.854269251027524], [113.82069262994328, 34.85355919127792], [113.82155673204763, 34.852793918044405], [113.82202299627957, 34.85243937750301], [113.82243870834526, 34.852043373293164], [113.82444675881924, 34.851308086113974], [113.82415967515055, 34.84837607341304], [113.82782728415845, 34.84746985618714], [113.82442921359883, 34.84506723376136], [113.82741288798428, 34.844329983062345], [113.82788726688065, 34.84250756090184], [113.82891135946346, 34.838004549316594], [113.83190446440487, 34.83815097402511], [113.83498003188214, 34.83800052164901], [113.83951492306558, 34.84002309475581], [113.8385600244457, 34.83862260269691], [113.83681997721322, 34.83734650682344], [113.83519879884892, 34.834447367052114], [113.83330106394816, 34.83305562353697], [113.83198977803904, 34.83071039040426], [113.83232840079262, 34.834397187782216], [113.83502334664499, 34.83637359784197], [113.83065623163155, 34.83758715590211], [113.83050347855651, 34.835482459559486], [113.83058484451608, 34.83436162348743], [113.82881299657164, 34.83030826207777], [113.82873513965615, 34.82923562523092], [113.8283112032684, 34.82884619289462]], [[113.82920951855253, 34.833270430100534], [113.82859466823538, 34.83503551981989], [113.82701340524746, 34.83378581955317], [113.82920951855253, 34.833270430100534]]]}}, {"type": "Feature", "properties": {"source": "B79 PCA natural-breaks core area", "Id": 432, "gridcode": 1}, "geometry": {"type": "Polygon", "coordinates": [[[113.74746282769765, 34.829583582269976], [113.74785419577003, 34.82916741760275], [113.74965082633827, 34.82802906648071], [113.74437651377289, 34.828813776684896], [113.7451720798601, 34.83001928879438], [113.74746282769765, 34.829583582269976]]]}}, {"type": "Feature", "properties": {"source": "B79 PCA natural-breaks core area", "Id": 433, "gridcode": 1}, "geometry": {"type": "Polygon", "coordinates": [[[113.75105608883413, 34.82810879691629], [113.75015777355, 34.829583582269976], [113.7523688002924, 34.829037145601674], [113.75105608883413, 34.82810879691629]]]}}, {"type": "Feature", "properties": {"source": "B79 PCA natural-breaks core area", "Id": 434, "gridcode": 1}, "geometry": {"type": "Polygon", "coordinates": [[[113.78968364605126, 34.82884619289462], [113.79058196133539, 34.82884619289462], [113.79058196133539, 34.829583582269976], [113.79183085205449, 34.82892726149236], [113.79044083196885, 34.82787534382268], [113.78968364605126, 34.82884619289462]]]}}, {"type": "Feature", "properties": {"source": "B79 PCA natural-breaks core area", "Id": 435, "gridcode": 1}, "geometry": {"type": "Polygon", "coordinates": [[[113.76542913338004, 34.831058341211666], [113.76573661336742, 34.83015931432739], [113.76652439376306, 34.83080591528326], [113.76542913338004, 34.831058341211666], [113.7659605342427, 34.83209687421028], [113.76675741622141, 34.83464552986552], [113.76992070980063, 34.834007779856904], [113.7695191435689, 34.832374994010756], [113.76723618142289, 34.83142702682013], [113.76932417230726, 34.83056000319116], [113.76872061672576, 34.82835651661425], [113.76722576394828, 34.82810879691629], [113.76685884952681, 34.82928240964527], [113.76360772018799, 34.82988475379321], [113.76142377887959, 34.82728829885793], [113.76057064253797, 34.83003489470525], [113.76542913338004, 34.831058341211666]]]}}, {"type": "Feature", "properties": {"source": "B79 PCA natural-breaks core area", "Id": 436, "gridcode": 1}, "geometry": {"type": "Polygon", "coordinates": [[[113.76542913338004, 34.827371394335074], [113.76433387299701, 34.82762383079171], [113.76512165339265, 34.8282704516565], [113.76542913338004, 34.827371394335074]]]}}, {"type": "Feature", "properties": {"source": "B79 PCA natural-breaks core area", "Id": 437, "gridcode": 1}, "geometry": {"type": "Polygon", "coordinates": [[[113.76722576394828, 34.82810879691629], [113.76691828396089, 34.82720973783007], [113.76613050356525, 34.827856361946225], [113.76722576394828, 34.82810879691629]]]}}, {"type": "Feature", "properties": {"source": "B79 PCA natural-breaks core area", "Id": 438, "gridcode": 1}, "geometry": {"type": "Polygon", "coordinates": [[[113.772615655653, 34.827371394335074], [113.77152039526996, 34.82762383079171], [113.77230817566561, 34.8282704516565], [113.772615655653, 34.827371394335074]]]}}, {"type": "Feature", "properties": {"source": "B79 PCA natural-breaks core area", "Id": 439, "gridcode": 1}, "geometry": {"type": "Polygon", "coordinates": [[[113.79956511417657, 34.827371394335074], [113.79736900087153, 34.82788682071087], [113.79895026385942, 34.82913661050967], [113.79956511417657, 34.827371394335074]]]}}, {"type": "Feature", "properties": {"source": "B79 PCA natural-breaks core area", "Id": 440, "gridcode": 1}, "geometry": {"type": "Polygon", "coordinates": [[[113.84807413951904, 34.827371394335074], [113.846978879136, 34.82762383079171], [113.84776665953166, 34.8282704516565], [113.84807413951904, 34.827371394335074]]]}}, {"type": "Feature", "properties": {"source": "B79 PCA natural-breaks core area", "Id": 441, "gridcode": 1}, "geometry": {"type": "Polygon", "coordinates": [[[113.75105608883413, 34.82810879691629], [113.75069202551097, 34.82641299515099], [113.74991553985096, 34.82770812988092], [113.75105608883413, 34.82810879691629]]]}}, {"type": "Feature", "properties": {"source": "B79 PCA natural-breaks core area", "Id": 442, "gridcode": 1}, "geometry": {"type": "Polygon", "coordinates": [[[113.77441228622124, 34.827371394335074], [113.77441228622124, 34.82884619289462], [113.77531060150535, 34.82884619289462], [113.77654304358033, 34.826587874353756], [113.77441228622124, 34.827371394335074]]]}}, {"type": "Feature", "properties": {"source": "B79 PCA natural-breaks core area", "Id": 443, "gridcode": 1}, "geometry": {"type": "Polygon", "coordinates": [[[113.8004634294607, 34.826633985151055], [113.79956511417657, 34.826633985151055], [113.79956511417657, 34.827371394335074], [113.8004634294607, 34.827371394335074], [113.8004634294607, 34.826633985151055]]]}}, {"type": "Feature", "properties": {"source": "B79 PCA natural-breaks core area", "Id": 444, "gridcode": 1}, "geometry": {"type": "Polygon", "coordinates": [[[113.8049550058813, 34.826633985151055], [113.80531906920446, 34.82832978236585], [113.80609555486447, 34.827034657412355], [113.8049550058813, 34.826633985151055]]]}}, {"type": "Feature", "properties": {"source": "B79 PCA natural-breaks core area", "Id": 445, "gridcode": 1}, "geometry": {"type": "Polygon", "coordinates": [[[113.83100614912077, 34.826633985151055], [113.82714751652584, 34.82692439931566], [113.8283112032684, 34.82884619289462], [113.83045577748857, 34.82839442387329], [113.83100614912077, 34.826633985151055]]]}}, {"type": "Feature", "properties": {"source": "B79 PCA natural-breaks core area", "Id": 446, "gridcode": 1}, "geometry": {"type": "Polygon", "coordinates": [[[113.75734429582296, 34.825896569364275], [113.75798074869272, 34.82688839296573], [113.76030417450326, 34.82621230331129], [113.75734429582296, 34.825896569364275]]]}}, {"type": "Feature", "properties": {"source": "B79 PCA natural-breaks core area", "Id": 447, "gridcode": 1}, "geometry": {"type": "Polygon", "coordinates": [[[113.78429375434655, 34.83032096504236], [113.78571546548652, 34.829995986812335], [113.78556808563522, 34.829177139049726], [113.7866942694692, 34.82846359979406], [113.78293060037964, 34.826173033545565], [113.78210575570593, 34.827050162621184], [113.78005219731655, 34.82774009645105], [113.78385117616214, 34.82901640872845], [113.78429375434655, 34.83032096504236]]]}}, {"type": "Feature", "properties": {"source": "B79 PCA natural-breaks core area", "Id": 448, "gridcode": 1}, "geometry": {"type": "Polygon", "coordinates": [[[113.78788701548302, 34.825896569364275], [113.7867917551, 34.826149010341574], [113.78757953549564, 34.82679564278625], [113.78788701548302, 34.825896569364275]]]}}, {"type": "Feature", "properties": {"source": "B79 PCA natural-breaks core area", "Id": 449, "gridcode": 1}, "geometry": {"type": "Polygon", "coordinates": [[[113.79148027661951, 34.825896569364275], [113.78941443657585, 34.826195470199096], [113.7909921905197, 34.82683287564412], [113.79148027661951, 34.825896569364275]]]}}, {"type": "Feature", "properties": {"source": "B79 PCA natural-breaks core area", "Id": 450, "gridcode": 1}, "geometry": {"type": "Polygon", "coordinates": [[[113.80675163644953, 34.829583582269976], [113.80725046899683, 34.82925567569747], [113.80838608338676, 34.82704347895388], [113.81085557315707, 34.827702481439566], [113.81063263920046, 34.829174101097685], [113.81254101089108, 34.82804600048454], [113.81130056380928, 34.826362855993075], [113.80730453020718, 34.825954844085146], [113.80675163644953, 34.829583582269976]]]}}, {"type": "Feature", "properties": {"source": "B79 PCA natural-breaks core area", "Id": 451, "gridcode": 1}, "geometry": {"type": "Polygon", "coordinates": [[[113.75554766525472, 34.82515914697482], [113.7543801404952, 34.8255692894843], [113.75518787857905, 34.82683495726304], [113.75554766525472, 34.82515914697482]]]}}, {"type": "Feature", "properties": {"source": "B79 PCA natural-breaks core area", "Id": 452, "gridcode": 1}, "geometry": {"type": "Polygon", "coordinates": [[[113.75734429582296, 34.825896569364275], [113.75703681583558, 34.82499748612739], [113.75624903543992, 34.82564412761322], [113.75734429582296, 34.825896569364275]]]}}, {"type": "Feature", "properties": {"source": "B79 PCA natural-breaks core area", "Id": 453, "gridcode": 1}, "geometry": {"type": "Polygon", "coordinates": [[[113.81753141985897, 34.82515914697482], [113.81626619015339, 34.82587624802886], [113.81722887446482, 34.82840997383322], [113.81809012547086, 34.82702636471239], [113.81753141985897, 34.82515914697482]]]}}, {"type": "Feature", "properties": {"source": "B79 PCA natural-breaks core area", "Id": 454, "gridcode": 1}, "geometry": {"type": "Polygon", "coordinates": [[[113.83100614912077, 34.826633985151055], [113.83152132065456, 34.82694853481326], [113.83235362204694, 34.82786705120737], [113.8335068913149, 34.826594389277645], [113.84087785771723, 34.82763607284311], [113.8417859325302, 34.826633985151055], [113.83847098245221, 34.82570257129495], [113.82697272226768, 34.825300722323725], [113.83056598340416, 34.82625790797557], [113.83100614912077, 34.826633985151055]]]}}, {"type": "Feature", "properties": {"source": "B79 PCA natural-breaks core area", "Id": 455, "gridcode": 1}, "geometry": {"type": "Polygon", "coordinates": [[[113.89837979542973, 34.82515914697482], [113.89699076226275, 34.825493753652395], [113.8946121786656, 34.82661204370607], [113.89348062160786, 34.825493753652395], [113.88971267587085, 34.824824538937825], [113.88992124467829, 34.82650401294739], [113.89187128626733, 34.82783368945619], [113.89478653429325, 34.827589771324746], [113.90129537242854, 34.82813437229932], [113.8996857081151, 34.82703679528605], [113.89837979542973, 34.82515914697482]]]}}, {"type": "Feature", "properties": {"source": "B79 PCA natural-breaks core area", "Id": 456, "gridcode": 1}, "geometry": {"type": "Polygon", "coordinates": [[[113.74746282769765, 34.82442171798271], [113.74636756731462, 34.824674163480566], [113.74715534771026, 34.82532080750494], [113.74746282769765, 34.82442171798271]]]}}, {"type": "Feature", "properties": {"source": "B79 PCA natural-breaks core area", "Id": 457, "gridcode": 1}, "geometry": {"type": "Polygon", "coordinates": [[[113.7681240792324, 34.825896569364275], [113.76776001590925, 34.82420072204656], [113.76698353024923, 34.825495891566064], [113.7681240792324, 34.825896569364275]]]}}, {"type": "Feature", "properties": {"source": "B79 PCA natural-breaks core area", "Id": 458, "gridcode": 1}, "geometry": {"type": "Polygon", "coordinates": [[[113.7681240792324, 34.825896569364275], [113.76853858506418, 34.82743034312713], [113.77192810232886, 34.82638155691237], [113.772615655653, 34.827371394335074], [113.77441228622124, 34.827371394335074], [113.77404131446754, 34.82495631415209], [113.77207756567506, 34.82574359661932], [113.77126818272681, 34.82443029225301], [113.770517247294, 34.825648842266794], [113.7681240792324, 34.825896569364275]]]}}, {"type": "Feature", "properties": {"source": "B79 PCA natural-breaks core area", "Id": 459, "gridcode": 1}, "geometry": {"type": "Polygon", "coordinates": [[[113.77620891678947, 34.82442171798271], [113.77511365640645, 34.824674163480566], [113.77590143680209, 34.82532080750494], [113.77620891678947, 34.82442171798271]]]}}, {"type": "Feature", "properties": {"source": "B79 PCA natural-breaks core area", "Id": 460, "gridcode": 1}, "geometry": {"type": "Polygon", "coordinates": [[[113.77800554735771, 34.82442171798271], [113.77675665663861, 34.82507807466774], [113.77759827892935, 34.828370198785166], [113.77800554735771, 34.82442171798271]]]}}, {"type": "Feature", "properties": {"source": "B79 PCA natural-breaks core area", "Id": 461, "gridcode": 1}, "geometry": {"type": "Polygon", "coordinates": [[[113.79687016832423, 34.82442171798271], [113.7959718530401, 34.82442171798271], [113.7959718530401, 34.82515914697482], [113.79687016832423, 34.82515914697482], [113.79687016832423, 34.82442171798271]]]}}, {"type": "Feature", "properties": {"source": "B79 PCA natural-breaks core area", "Id": 462, "gridcode": 1}, "geometry": {"type": "Polygon", "coordinates": [[[113.84897245480315, 34.82442171798271], [113.84960035437797, 34.82622448931213], [113.85112284087757, 34.824926439420864], [113.84897245480315, 34.82442171798271]]]}}, {"type": "Feature", "properties": {"source": "B79 PCA natural-breaks core area", "Id": 463, "gridcode": 1}, "geometry": {"type": "Polygon", "coordinates": [[[113.72590326087878, 34.82368428238805], [113.72480800049576, 34.82393673014616], [113.72559578089138, 34.82458337996029], [113.72590326087878, 34.82368428238805]]]}}, {"type": "Feature", "properties": {"source": "B79 PCA natural-breaks core area", "Id": 464, "gridcode": 1}, "geometry": {"type": "Polygon", "coordinates": [[[113.76003924167533, 34.82368428238805], [113.75784312837025, 34.824199731839386], [113.75942439135818, 34.82544957759226], [113.76003924167533, 34.82368428238805]]]}}, {"type": "Feature", "properties": {"source": "B79 PCA natural-breaks core area", "Id": 465, "gridcode": 1}, "geometry": {"type": "Polygon", "coordinates": [[[113.7824971237783, 34.82368428238805], [113.77937012687377, 34.824174369029265], [113.78067132428116, 34.82623372726725], [113.7824971237783, 34.82368428238805]]]}}, {"type": "Feature", "properties": {"source": "B79 PCA natural-breaks core area", "Id": 466, "gridcode": 1}, "geometry": {"type": "Polygon", "coordinates": [[[113.78878533076714, 34.82368428238805], [113.78479258689386, 34.82409424095178], [113.78961894805106, 34.8254646217601], [113.78878533076714, 34.82368428238805]]]}}, {"type": "Feature", "properties": {"source": "B79 PCA natural-breaks core area", "Id": 467, "gridcode": 1}, "geometry": {"type": "Polygon", "coordinates": [[[113.81303984343837, 34.82368428238805], [113.81187231867885, 34.82409443224204], [113.81268005676269, 34.82536012268577], [113.81303984343837, 34.82368428238805]]]}}, {"type": "Feature", "properties": {"source": "B79 PCA natural-breaks core area", "Id": 468, "gridcode": 1}, "geometry": {"type": "Polygon", "coordinates": [[[113.81573478929073, 34.82368428238805], [113.81366894924709, 34.823983191251656], [113.81524670319092, 34.82462061381827], [113.81573478929073, 34.82368428238805]]]}}, {"type": "Feature", "properties": {"source": "B79 PCA natural-breaks core area", "Id": 469, "gridcode": 1}, "geometry": {"type": "Polygon", "coordinates": [[[113.82022636571133, 34.82368428238805], [113.81816052566768, 34.823983191251656], [113.81973827961151, 34.82462061381827], [113.82022636571133, 34.82368428238805]]]}}, {"type": "Feature", "properties": {"source": "B79 PCA natural-breaks core area", "Id": 470, "gridcode": 1}, "geometry": {"type": "Polygon", "coordinates": [[[113.82561625741604, 34.82368428238805], [113.82418654126927, 34.82398547548552], [113.822773164109, 34.825665911785926], [113.82085185281834, 34.82531233459716], [113.81985945128987, 34.8287103170201], [113.82431308617137, 34.827890758858416], [113.82516709977399, 34.82601730454824], [113.82598317183752, 34.82780761889788], [113.82688148712163, 34.8279127899775], [113.82561625741604, 34.82368428238805]]]}}, {"type": "Feature", "properties": {"source": "B79 PCA natural-breaks core area", "Id": 471, "gridcode": 1}, "geometry": {"type": "Polygon", "coordinates": [[[113.8283112032684, 34.82368428238805], [113.82651457270016, 34.82368428238805], [113.82741288798428, 34.82471315265386], [113.8283112032684, 34.82368428238805]]]}}, {"type": "Feature", "properties": {"source": "B79 PCA natural-breaks core area", "Id": 472, "gridcode": 1}, "geometry": {"type": "Polygon", "coordinates": [[[113.89119327315677, 34.82368428238805], [113.88939664258854, 34.82368428238805], [113.89029495787265, 34.82471315265386], [113.89119327315677, 34.82368428238805]]]}}, {"type": "Feature", "properties": {"source": "B79 PCA natural-breaks core area", "Id": 473, "gridcode": 1}, "geometry": {"type": "Polygon", "coordinates": [[[113.89748148014561, 34.82368428238805], [113.89638621976258, 34.82393673014616], [113.89717400015823, 34.82458337996029], [113.89748148014561, 34.82368428238805]]]}}, {"type": "Feature", "properties": {"source": "B79 PCA natural-breaks core area", "Id": 474, "gridcode": 1}, "geometry": {"type": "Polygon", "coordinates": [[[113.73488641371996, 34.82294684019089], [113.73282057367634, 34.82324575173072], [113.73439832762017, 34.823883180004415], [113.73488641371996, 34.82294684019089]]]}}, {"type": "Feature", "properties": {"source": "B79 PCA natural-breaks core area", "Id": 475, "gridcode": 1}, "geometry": {"type": "Polygon", "coordinates": [[[113.7636325028118, 34.82294684019089], [113.76253724242876, 34.82319929020925], [113.76332502282442, 34.823845945813055], [113.7636325028118, 34.82294684019089]]]}}, {"type": "Feature", "properties": {"source": "B79 PCA natural-breaks core area", "Id": 476, "gridcode": 1}, "geometry": {"type": "Polygon", "coordinates": [[[113.77351397093712, 34.82294684019089], [113.77241871055409, 34.82319929020925], [113.77320649094972, 34.823845945813055], [113.77351397093712, 34.82294684019089]]]}}, {"type": "Feature", "properties": {"source": "B79 PCA natural-breaks core area", "Id": 477, "gridcode": 1}, "geometry": {"type": "Polygon", "coordinates": [[[113.89119327315677, 34.82294684019089], [113.89119327315677, 34.82368428238805], [113.89234380098404, 34.8233155621148], [113.89119327315677, 34.82294684019089]]]}}, {"type": "Feature", "properties": {"source": "B79 PCA natural-breaks core area", "Id": 478, "gridcode": 1}, "geometry": {"type": "Polygon", "coordinates": [[[113.82561625741604, 34.82368428238805], [113.82651457270016, 34.82368428238805], [113.82606541505811, 34.82197019397206], [113.82561625741604, 34.82368428238805]]]}}, {"type": "Feature", "properties": {"source": "B79 PCA natural-breaks core area", "Id": 479, "gridcode": 1}, "geometry": {"type": "Polygon", "coordinates": [[[113.82920951855253, 34.822209391391304], [113.8283112032684, 34.822209391391304], [113.8283112032684, 34.82368428238805], [113.82920951855253, 34.82368428238805], [113.82920951855253, 34.822209391391304]]]}}, {"type": "Feature", "properties": {"source": "B79 PCA natural-breaks core area", "Id": 480, "gridcode": 1}, "geometry": {"type": "Polygon", "coordinates": [[[113.8507690853714, 34.822209391391304], [113.84897245480315, 34.822209391391304], [113.84897245480315, 34.82368428238805], [113.8507690853714, 34.82368428238805], [113.8507690853714, 34.822209391391304]]]}}, {"type": "Feature", "properties": {"source": "B79 PCA natural-breaks core area", "Id": 481, "gridcode": 1}, "geometry": {"type": "Polygon", "coordinates": [[[113.82741288798428, 34.821471935989315], [113.82741288798428, 34.822209391391304], [113.8283112032684, 34.822209391391304], [113.8283112032684, 34.821471935989315], [113.82741288798428, 34.821471935989315]]]}}, {"type": "Feature", "properties": {"source": "B79 PCA natural-breaks core area", "Id": 482, "gridcode": 1}, "geometry": {"type": "Polygon", "coordinates": [[[113.8831084355997, 34.822209391391304], [113.8828009556123, 34.82131026790483], [113.88201317521667, 34.82195693833899], [113.8831084355997, 34.822209391391304]]]}}, {"type": "Feature", "properties": {"source": "B79 PCA natural-breaks core area", "Id": 483, "gridcode": 1}, "geometry": {"type": "Polygon", "coordinates": [[[113.73308978315173, 34.82073447398501], [113.72821210222486, 34.82112537378048], [113.72641437508035, 34.82363594195795], [113.72989600475208, 34.82253732601945], [113.73269030041492, 34.82188145545752], [113.73308978315173, 34.82073447398501]]]}}, {"type": "Feature", "properties": {"source": "B79 PCA natural-breaks core area", "Id": 484, "gridcode": 1}, "geometry": {"type": "Polygon", "coordinates": [[[113.83190446440487, 34.82073447398501], [113.82951129634328, 34.82171967564984], [113.82920951855253, 34.822209391391304], [113.832802779689, 34.822209391391304], [113.832802779689, 34.821471935989315], [113.83190446440487, 34.821471935989315], [113.83190446440487, 34.82073447398501]]]}}, {"type": "Feature", "properties": {"source": "B79 PCA natural-breaks core area", "Id": 485, "gridcode": 1}, "geometry": {"type": "Polygon", "coordinates": [[[113.86154886878083, 34.821471935989315], [113.86091241591107, 34.8204800471615], [113.85858899010053, 34.82115618387029], [113.86154886878083, 34.821471935989315]]]}}, {"type": "Feature", "properties": {"source": "B79 PCA natural-breaks core area", "Id": 486, "gridcode": 1}, "geometry": {"type": "Polygon", "coordinates": [[[113.88939664258854, 34.82368428238805], [113.88939664258854, 34.82294684019089], [113.89119327315677, 34.82294684019089], [113.89233776981453, 34.82123273642856], [113.89365662209994, 34.82320794337423], [113.89354970591317, 34.82047336296102], [113.88728200490067, 34.821054571295164], [113.88881633442404, 34.823423180714734], [113.88939664258854, 34.82368428238805]]]}}, {"type": "Feature", "properties": {"source": "B79 PCA natural-breaks core area", "Id": 487, "gridcode": 1}, "geometry": {"type": "Polygon", "coordinates": [[[113.73308978315173, 34.82073447398501], [113.73609462145929, 34.82041392531613], [113.73369849264174, 34.81978575388503], [113.73308978315173, 34.82073447398501]]]}}, {"type": "Feature", "properties": {"source": "B79 PCA natural-breaks core area", "Id": 488, "gridcode": 1}, "geometry": {"type": "Polygon", "coordinates": [[[113.82381962684781, 34.81999700537848], [113.82265210208828, 34.82040717359305], [113.82345984017212, 34.82167292069737], [113.82381962684781, 34.81999700537848]]]}}, {"type": "Feature", "properties": {"source": "B79 PCA natural-breaks core area", "Id": 489, "gridcode": 1}, "geometry": {"type": "Polygon", "coordinates": [[[113.82920951855253, 34.81999700537848], [113.82811425816949, 34.82024946443754], [113.82890203856515, 34.82089614319959], [113.82920951855253, 34.81999700537848]]]}}, {"type": "Feature", "properties": {"source": "B79 PCA natural-breaks core area", "Id": 490, "gridcode": 1}, "geometry": {"type": "Polygon", "coordinates": [[[113.72769989144702, 34.81925953016973], [113.72833634431677, 34.82025143369392], [113.7306597701273, 34.81957528955886], [113.72769989144702, 34.81925953016973]]]}}, {"type": "Feature", "properties": {"source": "B79 PCA natural-breaks core area", "Id": 491, "gridcode": 1}, "geometry": {"type": "Polygon", "coordinates": [[[113.74386956656117, 34.81925953016973], [113.74297125127705, 34.81925953016973], [113.7434204089191, 34.82020407025147], [113.74386956656117, 34.81925953016973]]]}}, {"type": "Feature", "properties": {"source": "B79 PCA natural-breaks core area", "Id": 492, "gridcode": 1}, "geometry": {"type": "Polygon", "coordinates": [[[113.7815988084942, 34.81925953016973], [113.78050354811116, 34.81951199148894], [113.78129132850681, 34.82015867604039], [113.7815988084942, 34.81925953016973]]]}}, {"type": "Feature", "properties": {"source": "B79 PCA natural-breaks core area", "Id": 493, "gridcode": 1}, "geometry": {"type": "Polygon", "coordinates": [[[113.7869887001989, 34.81925953016973], [113.78589343981588, 34.81951199148894], [113.78668122021152, 34.82015867604039], [113.7869887001989, 34.81925953016973]]]}}, {"type": "Feature", "properties": {"source": "B79 PCA natural-breaks core area", "Id": 494, "gridcode": 1}, "geometry": {"type": "Polygon", "coordinates": [[[113.82202299627957, 34.81925953016973], [113.82092773589653, 34.81951199148894], [113.82171551629219, 34.82015867604039], [113.82202299627957, 34.81925953016973]]]}}, {"type": "Feature", "properties": {"source": "B79 PCA natural-breaks core area", "Id": 495, "gridcode": 1}, "geometry": {"type": "Polygon", "coordinates": [[[113.86154886878083, 34.81925953016973], [113.85948302873719, 34.81955845509026], [113.86106078268102, 34.820195911898594], [113.86154886878083, 34.81925953016973]]]}}, {"type": "Feature", "properties": {"source": "B79 PCA natural-breaks core area", "Id": 496, "gridcode": 1}, "geometry": {"type": "Polygon", "coordinates": [[[113.8831084355997, 34.81925953016973], [113.88201317521667, 34.81951199148894], [113.8828009556123, 34.82015867604039], [113.8831084355997, 34.81925953016973]]]}}, {"type": "Feature", "properties": {"source": "B79 PCA natural-breaks core area", "Id": 497, "gridcode": 1}, "geometry": {"type": "Polygon", "coordinates": [[[113.72769989144702, 34.81925953016973], [113.72739241145963, 34.818360374484996], [113.72660463106399, 34.819007068076836], [113.72769989144702, 34.81925953016973]]]}}, {"type": "Feature", "properties": {"source": "B79 PCA natural-breaks core area", "Id": 498, "gridcode": 1}, "geometry": {"type": "Polygon", "coordinates": [[[113.73398809843586, 34.818522048358886], [113.73289283805282, 34.81877451193817], [113.73368061844847, 34.819421202279024], [113.73398809843586, 34.818522048358886]]]}}, {"type": "Feature", "properties": {"source": "B79 PCA natural-breaks core area", "Id": 499, "gridcode": 1}, "geometry": {"type": "Polygon", "coordinates": [[[113.772615655653, 34.818522048358886], [113.77152039526996, 34.81877451193817], [113.77230817566561, 34.819421202279024], [113.772615655653, 34.818522048358886]]]}}, {"type": "Feature", "properties": {"source": "B79 PCA natural-breaks core area", "Id": 500, "gridcode": 1}, "geometry": {"type": "Polygon", "coordinates": [[[113.82741288798428, 34.821471935989315], [113.82580804860646, 34.81820078213097], [113.82449007358207, 34.82080375761501], [113.82741288798428, 34.821471935989315]]]}}, {"type": "Feature", "properties": {"source": "B79 PCA natural-breaks core area", "Id": 501, "gridcode": 1}, "geometry": {"type": "Polygon", "coordinates": [[[113.74297125127705, 34.81925953016973], [113.74260718795391, 34.817563546202535], [113.74183070229388, 34.81885882008481], [113.74297125127705, 34.81925953016973]]]}}, {"type": "Feature", "properties": {"source": "B79 PCA natural-breaks core area", "Id": 502, "gridcode": 1}, "geometry": {"type": "Polygon", "coordinates": [[[113.74566619712941, 34.81778455994598], [113.74386956656117, 34.81778455994598], [113.74386956656117, 34.81925953016973], [113.74566619712941, 34.81925953016973], [113.74566619712941, 34.81778455994598]]]}}, {"type": "Feature", "properties": {"source": "B79 PCA natural-breaks core area", "Id": 503, "gridcode": 1}, "geometry": {"type": "Polygon", "coordinates": [[[113.75285271940237, 34.81778455994598], [113.75175745901933, 34.818037025785365], [113.75254523941499, 34.81868372191549], [113.75285271940237, 34.81778455994598]]]}}, {"type": "Feature", "properties": {"source": "B79 PCA natural-breaks core area", "Id": 504, "gridcode": 1}, "geometry": {"type": "Polygon", "coordinates": [[[113.80315837531306, 34.81778455994598], [113.80175311281721, 34.81810582779705], [113.79727118626784, 34.819552310958485], [113.79687016832423, 34.82073447398501], [113.79796542870724, 34.82098693078394], [113.79717764831162, 34.821633603756496], [113.79687016832423, 34.82073447398501], [113.79389559552185, 34.82173796127387], [113.78916035985304, 34.822517273917235], [113.78878533076714, 34.82368428238805], [113.79204413613989, 34.8230271944349], [113.79292841524769, 34.82626527808301], [113.79236115634086, 34.828342463132074], [113.79724201733893, 34.82684330624226], [113.79776848360834, 34.82515914697482], [113.79687016832423, 34.82515914697482], [113.79642101068217, 34.82610361940677], [113.7959718530401, 34.82515914697482], [113.794661444392, 34.82416245278169], [113.79588017926355, 34.82185471910726], [113.79687016832423, 34.82442171798271], [113.79776848360834, 34.82442171798271], [113.79776848360834, 34.82515914697482], [113.79829176980657, 34.824851274324104], [113.79956511417657, 34.823392844076366], [113.8008384585466, 34.824851274324104], [113.80198843808573, 34.82552785899489], [113.8008384585466, 34.82620443810757], [113.8004634294607, 34.826633985151055], [113.8049550058813, 34.826633985151055], [113.80460443044632, 34.826184398150176], [113.80335510109671, 34.82552785899489], [113.80530558131628, 34.824502790935895], [113.80366159416546, 34.82319945899661], [113.80101116930985, 34.8238109283291], [113.80171232017979, 34.820284854780915], [113.80616145909858, 34.81900013618943], [113.80350895074803, 34.81823419279674], [113.80315837531306, 34.81778455994598]]]}}, {"type": "Feature", "properties": {"source": "B79 PCA natural-breaks core area", "Id": 505, "gridcode": 1}, "geometry": {"type": "Polygon", "coordinates": [[[113.80675163644953, 34.81778455994598], [113.80725123660024, 34.81874305953089], [113.80879313249989, 34.818079956716936], [113.80675163644953, 34.81778455994598]]]}}, {"type": "Feature", "properties": {"source": "B79 PCA natural-breaks core area", "Id": 506, "gridcode": 1}, "geometry": {"type": "Polygon", "coordinates": [[[113.85885392292847, 34.81778455994598], [113.85764571518916, 34.81830702327483], [113.85846935362899, 34.8202145241949], [113.85885392292847, 34.81778455994598]]]}}, {"type": "Feature", "properties": {"source": "B79 PCA natural-breaks core area", "Id": 507, "gridcode": 1}, "geometry": {"type": "Polygon", "coordinates": [[[113.87771854389497, 34.81778455994598], [113.87655101913545, 34.818194739176484], [113.8773587572193, 34.819460520275875], [113.87771854389497, 34.81778455994598]]]}}, {"type": "Feature", "properties": {"source": "B79 PCA natural-breaks core area", "Id": 508, "gridcode": 1}, "geometry": {"type": "Polygon", "coordinates": [[[113.74207293599292, 34.82442171798271], [113.74158484989313, 34.82535804102955], [113.74000709594928, 34.8247206241701], [113.74207293599292, 34.82442171798271], [113.74061119981894, 34.82136928855154], [113.74079937230765, 34.82032367723866], [113.73887104292884, 34.81967574490261], [113.73672197274595, 34.81672579295118], [113.7370744123606, 34.818938266817824], [113.73810771618412, 34.821096161573635], [113.73704425651304, 34.82409034763217], [113.73898662206818, 34.82474295994877], [113.74067216945981, 34.82812364931742], [113.74246430406532, 34.82621780557781], [113.74515924991769, 34.825312379605975], [113.74437651377289, 34.82474295994877], [113.74207293599292, 34.82442171798271]]]}}, {"type": "Feature", "properties": {"source": "B79 PCA natural-breaks core area", "Id": 509, "gridcode": 1}, "geometry": {"type": "Polygon", "coordinates": [[[113.75375103468649, 34.817047064931046], [113.75285271940237, 34.817047064931046], [113.75285271940237, 34.81778455994598], [113.75375103468649, 34.81778455994598], [113.75375103468649, 34.817047064931046]]]}}, {"type": "Feature", "properties": {"source": "B79 PCA natural-breaks core area", "Id": 510, "gridcode": 1}, "geometry": {"type": "Polygon", "coordinates": [[[113.77620891678947, 34.817047064931046], [113.77436348857701, 34.817435877861115], [113.77497559745346, 34.81967769166677], [113.77376179717517, 34.820365740507036], [113.77494368708388, 34.82103567786899], [113.77742458124744, 34.82398547548552], [113.77803372936798, 34.82227115703253], [113.77657583121093, 34.820433268999665], [113.77620891678947, 34.817047064931046]]]}}, {"type": "Feature", "properties": {"source": "B79 PCA natural-breaks core area", "Id": 511, "gridcode": 1}, "geometry": {"type": "Polygon", "coordinates": [[[113.7357847290041, 34.816309563314206], [113.73371888896045, 34.8166084989388], [113.73529664290429, 34.81724597857385], [113.7357847290041, 34.816309563314206]]]}}, {"type": "Feature", "properties": {"source": "B79 PCA natural-breaks core area", "Id": 512, "gridcode": 1}, "geometry": {"type": "Polygon", "coordinates": [[[113.74297125127705, 34.816309563314206], [113.74187599089402, 34.81656203367369], [113.74266377128967, 34.81720874138228], [113.74297125127705, 34.816309563314206]]]}}, {"type": "Feature", "properties": {"source": "B79 PCA natural-breaks core area", "Id": 513, "gridcode": 1}, "geometry": {"type": "Polygon", "coordinates": [[[113.75375103468649, 34.817047064931046], [113.75675587299403, 34.8167265019138], [113.7543597441765, 34.816098302364914], [113.75375103468649, 34.817047064931046]]]}}, {"type": "Feature", "properties": {"source": "B79 PCA natural-breaks core area", "Id": 514, "gridcode": 1}, "geometry": {"type": "Polygon", "coordinates": [[[113.8193280504272, 34.816309563314206], [113.81963553041459, 34.81720874138228], [113.82042331081024, 34.81656203367369], [113.8193280504272, 34.816309563314206]]]}}, {"type": "Feature", "properties": {"source": "B79 PCA natural-breaks core area", "Id": 515, "gridcode": 1}, "geometry": {"type": "Polygon", "coordinates": [[[113.83190446440487, 34.82073447398501], [113.832802779689, 34.82073447398501], [113.832802779689, 34.821471935989315], [113.83567010733172, 34.821768759881884], [113.83669781861624, 34.823436548636394], [113.83789089360296, 34.8239320153946], [113.83849444918448, 34.824911417659244], [113.84374715919725, 34.82545515867504], [113.84208771032097, 34.82614429571662], [113.8417859325302, 34.826633985151055], [113.84643640285299, 34.826359019041014], [113.84747760202568, 34.82466944877121], [113.84897245480315, 34.82442171798271], [113.84897245480315, 34.82368428238805], [113.84752300028345, 34.823370372901934], [113.84777214241302, 34.822335668264024], [113.84510439165227, 34.82276843120897], [113.84276035020777, 34.82154677784121], [113.84340645294874, 34.81886263488014], [113.82961634835038, 34.816596772904404], [113.82793617418251, 34.8176922046315], [113.83152943531898, 34.818829944666845], [113.83190446440487, 34.82073447398501]]]}}, {"type": "Feature", "properties": {"source": "B79 PCA natural-breaks core area", "Id": 516, "gridcode": 1}, "geometry": {"type": "Polygon", "coordinates": [[[113.72320831502643, 34.815572055095494], [113.72357237834957, 34.81726808006007], [113.72434886400958, 34.815972781167204], [113.72320831502643, 34.815572055095494]]]}}, {"type": "Feature", "properties": {"source": "B79 PCA natural-breaks core area", "Id": 517, "gridcode": 1}, "geometry": {"type": "Polygon", "coordinates": [[[113.7357847290041, 34.816309563314206], [113.73687998938713, 34.816057092181055], [113.73609220899148, 34.81541037543241], [113.7357847290041, 34.816309563314206]]]}}, {"type": "Feature", "properties": {"source": "B79 PCA natural-breaks core area", "Id": 518, "gridcode": 1}, "geometry": {"type": "Polygon", "coordinates": [[[113.77351397093712, 34.815572055095494], [113.77241871055409, 34.81582452771499], [113.77320649094972, 34.81647124121272], [113.77351397093712, 34.815572055095494]]]}}, {"type": "Feature", "properties": {"source": "B79 PCA natural-breaks core area", "Id": 519, "gridcode": 1}, "geometry": {"type": "Polygon", "coordinates": [[[113.80226006002894, 34.815572055095494], [113.80109253526942, 34.81598224534164], [113.80190027335325, 34.81724806043508], [113.80226006002894, 34.815572055095494]]]}}, {"type": "Feature", "properties": {"source": "B79 PCA natural-breaks core area", "Id": 520, "gridcode": 1}, "geometry": {"type": "Polygon", "coordinates": [[[113.80315837531306, 34.81778455994598], [113.80675163644953, 34.81778455994598], [113.8064451433808, 34.81653828900156], [113.80441647727287, 34.815724877927934], [113.80315837531306, 34.81778455994598]]]}}, {"type": "Feature", "properties": {"source": "B79 PCA natural-breaks core area", "Id": 521, "gridcode": 1}, "geometry": {"type": "Polygon", "coordinates": [[[113.84897245480315, 34.815572055095494], [113.84807413951904, 34.815572055095494], [113.84807413951904, 34.816309563314206], [113.84897245480315, 34.816309563314206], [113.84897245480315, 34.815572055095494]]]}}, {"type": "Feature", "properties": {"source": "B79 PCA natural-breaks core area", "Id": 522, "gridcode": 1}, "geometry": {"type": "Polygon", "coordinates": [[[113.85975223821258, 34.815572055095494], [113.85842998654073, 34.81654195761011], [113.86182498668677, 34.81717106529463], [113.86017617460033, 34.81596155019541], [113.85975223821258, 34.815572055095494]]]}}, {"type": "Feature", "properties": {"source": "B79 PCA natural-breaks core area", "Id": 523, "gridcode": 1}, "geometry": {"type": "Polygon", "coordinates": [[[113.7223099997423, 34.81483454027495], [113.7223099997423, 34.815572055095494], [113.72320831502643, 34.815572055095494], [113.72320831502643, 34.81483454027495], [113.7223099997423, 34.81483454027495]]]}}, {"type": "Feature", "properties": {"source": "B79 PCA natural-breaks core area", "Id": 524, "gridcode": 1}, "geometry": {"type": "Polygon", "coordinates": [[[113.72769989144702, 34.81483454027495], [113.72660463106399, 34.81508701515444], [113.72739241145963, 34.81573373444129], [113.72769989144702, 34.81483454027495]]]}}, {"type": "Feature", "properties": {"source": "B79 PCA natural-breaks core area", "Id": 525, "gridcode": 1}, "geometry": {"type": "Polygon", "coordinates": [[[113.76453081809592, 34.81483454027495], [113.7634355577129, 34.81508701515444], [113.76422333810854, 34.81573373444129], [113.76453081809592, 34.81483454027495]]]}}, {"type": "Feature", "properties": {"source": "B79 PCA natural-breaks core area", "Id": 526, "gridcode": 1}, "geometry": {"type": "Polygon", "coordinates": [[[113.77620891678947, 34.81483454027495], [113.77414307674583, 34.81513348125145], [113.77572083068966, 34.815770972299525], [113.77620891678947, 34.81483454027495]]]}}, {"type": "Feature", "properties": {"source": "B79 PCA natural-breaks core area", "Id": 527, "gridcode": 1}, "geometry": {"type": "Polygon", "coordinates": [[[113.8417859325302, 34.81483454027495], [113.83972009248656, 34.81513348125145], [113.8412978464304, 34.815770972299525], [113.8417859325302, 34.81483454027495]]]}}, {"type": "Feature", "properties": {"source": "B79 PCA natural-breaks core area", "Id": 528, "gridcode": 1}, "geometry": {"type": "Polygon", "coordinates": [[[113.84807413951904, 34.815572055095494], [113.84776665953166, 34.81467285916463], [113.846978879136, 34.81531958170232], [113.84807413951904, 34.815572055095494]]]}}, {"type": "Feature", "properties": {"source": "B79 PCA natural-breaks core area", "Id": 529, "gridcode": 1}, "geometry": {"type": "Polygon", "coordinates": [[[113.72141168445819, 34.81483454027495], [113.7223099997423, 34.81483454027495], [113.72186084210024, 34.813889938629835], [113.72141168445819, 34.81483454027495]]]}}, {"type": "Feature", "properties": {"source": "B79 PCA natural-breaks core area", "Id": 530, "gridcode": 1}, "geometry": {"type": "Polygon", "coordinates": [[[113.73219146786762, 34.814097018852664], [113.73109620748458, 34.814349495992154], [113.73188398788024, 34.81499622106802], [113.73219146786762, 34.814097018852664]]]}}, {"type": "Feature", "properties": {"source": "B79 PCA natural-breaks core area", "Id": 531, "gridcode": 1}, "geometry": {"type": "Polygon", "coordinates": [[[113.81303984343837, 34.814097018852664], [113.8090552142295, 34.815414629276006], [113.81370349139974, 34.81644844180113], [113.81303984343837, 34.814097018852664]]]}}, {"type": "Feature", "properties": {"source": "B79 PCA natural-breaks core area", "Id": 532, "gridcode": 1}, "geometry": {"type": "Polygon", "coordinates": [[[113.83549772554136, 34.814097018852664], [113.83440246515833, 34.814349495992154], [113.83519024555397, 34.81499622106802], [113.83549772554136, 34.814097018852664]]]}}, {"type": "Feature", "properties": {"source": "B79 PCA natural-breaks core area", "Id": 533, "gridcode": 1}, "geometry": {"type": "Polygon", "coordinates": [[[113.73758135957233, 34.81335949082872], [113.73641383481281, 34.81376969209016], [113.73722157289666, 34.815035541176734], [113.73758135957233, 34.81335949082872]]]}}, {"type": "Feature", "properties": {"source": "B79 PCA natural-breaks core area", "Id": 534, "gridcode": 1}, "geometry": {"type": "Polygon", "coordinates": [[[113.75195440411825, 34.81483454027495], [113.75312192887777, 34.81442434431482], [113.75231419079392, 34.813158485838194], [113.75195440411825, 34.81483454027495]]]}}, {"type": "Feature", "properties": {"source": "B79 PCA natural-breaks core area", "Id": 535, "gridcode": 1}, "geometry": {"type": "Polygon", "coordinates": [[[113.82561625741604, 34.81335949082872], [113.82441616434117, 34.81384925626849], [113.82292131156369, 34.814097018852664], [113.82321497469002, 34.81533098156508], [113.8244242790056, 34.81581312792049], [113.82517521443842, 34.81802562629699], [113.82740696647241, 34.816996649991694], [113.82672588294827, 34.81594081003008], [113.82762869419511, 34.814541225050746], [113.82590992054237, 34.813855941006416], [113.82561625741604, 34.81335949082872]]]}}, {"type": "Feature", "properties": {"source": "B79 PCA natural-breaks core area", "Id": 536, "gridcode": 1}, "geometry": {"type": "Polygon", "coordinates": [[[113.89478653429325, 34.81335949082872], [113.89361900953372, 34.81376969209016], [113.89442674761757, 34.815035541176734], [113.89478653429325, 34.81335949082872]]]}}, {"type": "Feature", "properties": {"source": "B79 PCA natural-breaks core area", "Id": 537, "gridcode": 1}, "geometry": {"type": "Polygon", "coordinates": [[[113.77171734036887, 34.81262195620314], [113.76952122706382, 34.81313747487448], [113.77110249005173, 34.81438748847355], [113.77171734036887, 34.81262195620314]]]}}, {"type": "Feature", "properties": {"source": "B79 PCA natural-breaks core area", "Id": 538, "gridcode": 1}, "geometry": {"type": "Polygon", "coordinates": [[[113.77800554735771, 34.81262195620314], [113.77691028697468, 34.8128744378625], [113.77769806737032, 34.813521174516275], [113.77800554735771, 34.81262195620314]]]}}, {"type": "Feature", "properties": {"source": "B79 PCA natural-breaks core area", "Id": 539, "gridcode": 1}, "geometry": {"type": "Polygon", "coordinates": [[[113.8193280504272, 34.816309563314206], [113.82022636571133, 34.81483454027495], [113.81897297902951, 34.814097018852664], [113.82022636571133, 34.81335949082872], [113.81942685194954, 34.81233408002649], [113.81358758328751, 34.81298840604074], [113.81432119281519, 34.81384712930631], [113.81768241841198, 34.8130716172288], [113.8185340195468, 34.81430757595011], [113.81628252913987, 34.815490973352425], [113.81716560201377, 34.81708809456653], [113.8193280504272, 34.816309563314206]]]}}, {"type": "Feature", "properties": {"source": "B79 PCA natural-breaks core area", "Id": 540, "gridcode": 1}, "geometry": {"type": "Polygon", "coordinates": [[[113.82292131156369, 34.81262195620314], [113.8217212184888, 34.813111726026776], [113.82022636571133, 34.81335949082872], [113.82022636571133, 34.81483454027495], [113.8217212184888, 34.81458677990854], [113.82292131156369, 34.814097018852664], [113.82292131156369, 34.81262195620314]]]}}, {"type": "Feature", "properties": {"source": "B79 PCA natural-breaks core area", "Id": 541, "gridcode": 1}, "geometry": {"type": "Polygon", "coordinates": [[[113.73668304428821, 34.81188441497599], [113.73461720424457, 34.81218336665597], [113.7361949581884, 34.812820880529465], [113.73668304428821, 34.81188441497599]]]}}, {"type": "Feature", "properties": {"source": "B79 PCA natural-breaks core area", "Id": 542, "gridcode": 1}, "geometry": {"type": "Polygon", "coordinates": [[[113.74836114298176, 34.81262195620314], [113.7494564033648, 34.81236947377013], [113.74866862296915, 34.81172272807677], [113.74836114298176, 34.81262195620314]]]}}, {"type": "Feature", "properties": {"source": "B79 PCA natural-breaks core area", "Id": 543, "gridcode": 1}, "geometry": {"type": "Polygon", "coordinates": [[[113.75375103468649, 34.81188441497599], [113.75265577430345, 34.812136898895254], [113.7534435546991, 34.812783641337894], [113.75375103468649, 34.81188441497599]]]}}, {"type": "Feature", "properties": {"source": "B79 PCA natural-breaks core area", "Id": 544, "gridcode": 1}, "geometry": {"type": "Polygon", "coordinates": [[[113.832802779689, 34.81188441497599], [113.83073693964536, 34.81218336665597], [113.8323146935892, 34.812820880529465], [113.832802779689, 34.81188441497599]]]}}, {"type": "Feature", "properties": {"source": "B79 PCA natural-breaks core area", "Id": 545, "gridcode": 1}, "geometry": {"type": "Polygon", "coordinates": [[[113.855260661792, 34.81188441497599], [113.85416540140896, 34.812136898895254], [113.8549531818046, 34.812783641337894], [113.855260661792, 34.81188441497599]]]}}, {"type": "Feature", "properties": {"source": "B79 PCA natural-breaks core area", "Id": 546, "gridcode": 1}, "geometry": {"type": "Polygon", "coordinates": [[[113.73668304428821, 34.81114686714737], [113.73668304428821, 34.81188441497599], [113.73783357211549, 34.81151564188686], [113.73668304428821, 34.81114686714737]]]}}, {"type": "Feature", "properties": {"source": "B79 PCA natural-breaks core area", "Id": 547, "gridcode": 1}, "geometry": {"type": "Polygon", "coordinates": [[[113.74656451241353, 34.81188441497599], [113.74765977279657, 34.81163193028309], [113.74687199240091, 34.81098516754678], [113.74656451241353, 34.81188441497599]]]}}, {"type": "Feature", "properties": {"source": "B79 PCA natural-breaks core area", "Id": 548, "gridcode": 1}, "geometry": {"type": "Polygon", "coordinates": [[[113.76902239451653, 34.81114686714737], [113.7678141867772, 34.81166937256835], [113.76863782521703, 34.8135770271704], [113.76902239451653, 34.81114686714737]]]}}, {"type": "Feature", "properties": {"source": "B79 PCA natural-breaks core area", "Id": 549, "gridcode": 1}, "geometry": {"type": "Polygon", "coordinates": [[[113.77531060150535, 34.81114686714737], [113.77231387786223, 34.812380682723635], [113.77303542505089, 34.81413622685323], [113.77381574872787, 34.81286972247777], [113.7750088237146, 34.81237418918349], [113.77531060150535, 34.81114686714737]]]}}, {"type": "Feature", "properties": {"source": "B79 PCA natural-breaks core area", "Id": 550, "gridcode": 1}, "geometry": {"type": "Polygon", "coordinates": [[[113.77800554735771, 34.81114686714737], [113.77691028697468, 34.81139935332653], [113.77769806737032, 34.81204610155798], [113.77800554735771, 34.81114686714737]]]}}, {"type": "Feature", "properties": {"source": "B79 PCA natural-breaks core area", "Id": 551, "gridcode": 1}, "geometry": {"type": "Polygon", "coordinates": [[[113.7824971237783, 34.81114686714737], [113.78280460376568, 34.81204610155798], [113.78359238416134, 34.81139935332653], [113.7824971237783, 34.81114686714737]]]}}, {"type": "Feature", "properties": {"source": "B79 PCA natural-breaks core area", "Id": 552, "gridcode": 1}, "geometry": {"type": "Polygon", "coordinates": [[[113.84897245480315, 34.815572055095494], [113.85012298263042, 34.81594081003008], [113.84897245480315, 34.816309563314206], [113.84860554038168, 34.81822083528397], [113.84754273865639, 34.81882326033249], [113.84680890981345, 34.81986111490452], [113.84985947535165, 34.819299692220525], [113.8507690853714, 34.822209391391304], [113.85146442438709, 34.82264998678588], [113.85312387326339, 34.82754179324763], [113.85675606285761, 34.82876208624981], [113.85631600679864, 34.83120628596154], [113.85834697571674, 34.83221186216193], [113.86027530509556, 34.832859695879975], [113.86010347159333, 34.83381443095398], [113.86200109683645, 34.83358425684693], [113.8651421299173, 34.834007779856904], [113.8651421299173, 34.833270430100534], [113.87053202162201, 34.833270430100534], [113.87053202162201, 34.83474512300992], [113.87187949454821, 34.83419534529796], [113.87561772306817, 34.83572057141084], [113.87592191332674, 34.83695711284799], [113.8766826082884, 34.836475214017824], [113.87629683275502, 34.8343327422535], [113.87990654253561, 34.833507682016005], [113.87912380639084, 34.83064218399765], [113.87732717582259, 34.82950385326228], [113.87816353454718, 34.82599234737375], [113.8808626473894, 34.826319760597336], [113.88223687677667, 34.826153049841], [113.88580338145205, 34.826633985151055], [113.88611086143945, 34.825734909964304], [113.88689864183509, 34.826381545660325], [113.88580338145205, 34.826633985151055], [113.88667691411237, 34.82767257394885], [113.88839393324307, 34.82696147458763], [113.88722026765642, 34.82320691939765], [113.88447367306152, 34.821738658940674], [113.8831084355997, 34.822209391391304], [113.88395565042941, 34.82376186781886], [113.87956419142269, 34.82263900428087], [113.88118822088532, 34.821817517756934], [113.87905910839063, 34.82119077487779], [113.8786168591791, 34.82368428238805], [113.88066668920914, 34.824606649716955], [113.87907171901779, 34.82542024314496], [113.8786168591791, 34.82368428238805], [113.87726938625292, 34.82329657918738], [113.87213499682017, 34.82477388120821], [113.87099828585396, 34.82182660992155], [113.86734142329355, 34.82111151036159], [113.86831244158468, 34.82037290858994], [113.86736960530382, 34.81816450189113], [113.86740634060901, 34.81740201674025], [113.86377623450971, 34.81669211159256], [113.86381296981492, 34.815930749416246], [113.86296202662585, 34.81300478044264], [113.86201513301278, 34.82111726052993], [113.86154886878083, 34.821471935989315], [113.86285883879842, 34.82446901148614], [113.85970541440567, 34.8230622797671], [113.8561589770761, 34.82368428238805], [113.85567089097631, 34.82462061381827], [113.85409313703246, 34.823983191251656], [113.8561589770761, 34.82368428238805], [113.85682799826122, 34.82034086039021], [113.85436234650787, 34.81999700537848], [113.85436234650787, 34.82073447398501], [113.85346403122375, 34.82073447398501], [113.85310424454806, 34.82241037429998], [113.85229650646423, 34.821144638527535], [113.85346403122375, 34.82073447398501], [113.85346403122375, 34.81999700537848], [113.85436234650787, 34.81999700537848], [113.8539954320864, 34.81734828229761], [113.8529326303611, 34.816008342149914], [113.85211787418909, 34.81176389541232], [113.84997812490455, 34.81137005889219], [113.85058003562166, 34.81357475390172], [113.84897245480315, 34.815572055095494]], [[113.87682022861087, 34.83179571077784], [113.8762053782937, 34.83356083211191], [113.87462411530579, 34.832311109461536], [113.87682022861087, 34.83179571077784]], [[113.86065055349671, 34.829583582269976], [113.86009963357637, 34.83195210392577], [113.85752355659217, 34.830073633806514], [113.86065055349671, 34.829583582269976]], [[113.86604044520143, 34.82368428238805], [113.8664073596229, 34.82485795816932], [113.86836847663231, 34.82546033467889], [113.86910230547525, 34.826332801739056], [113.87054583848308, 34.8271509464074], [113.86981431245032, 34.829829429768516], [113.86753420140263, 34.830622133868694], [113.86355867377684, 34.828497096311274], [113.86477521549584, 34.82780761889788], [113.86550904433876, 34.8266136639976], [113.86368050340094, 34.82557727852251], [113.864084920731, 34.82409624387336], [113.86604044520143, 34.82368428238805]], [[113.86963370633791, 34.82294684019089], [113.8704608538218, 34.82467399469624], [113.8683440229814, 34.82376401702991], [113.86963370633791, 34.82294684019089]]]}}, {"type": "Feature", "properties": {"source": "B79 PCA natural-breaks core area", "Id": 553, "gridcode": 1}, "geometry": {"type": "Polygon", "coordinates": [[[113.86424381463318, 34.81114686714737], [113.86217797458954, 34.81144582150316], [113.86375572853338, 34.812083341082854], [113.86424381463318, 34.81114686714737]]]}}, {"type": "Feature", "properties": {"source": "B79 PCA natural-breaks core area", "Id": 554, "gridcode": 1}, "geometry": {"type": "Polygon", "coordinates": [[[113.73668304428821, 34.81040931271731], [113.73488641371996, 34.81040931271731], [113.73488641371996, 34.81114686714737], [113.73668304428821, 34.81114686714737], [113.73668304428821, 34.81040931271731]]]}}, {"type": "Feature", "properties": {"source": "B79 PCA natural-breaks core area", "Id": 555, "gridcode": 1}, "geometry": {"type": "Polygon", "coordinates": [[[113.7546493499706, 34.81040931271731], [113.75375103468649, 34.81040931271731], [113.75375103468649, 34.81188441497599], [113.7546493499706, 34.81188441497599], [113.7546493499706, 34.81040931271731]]]}}, {"type": "Feature", "properties": {"source": "B79 PCA natural-breaks core area", "Id": 556, "gridcode": 1}, "geometry": {"type": "Polygon", "coordinates": [[[113.8831084355997, 34.81040931271731], [113.88004657532588, 34.81080550595363], [113.88092822265061, 34.81439824700481], [113.8838672663817, 34.8129458663422], [113.8831084355997, 34.81040931271731]]]}}, {"type": "Feature", "properties": {"source": "B79 PCA natural-breaks core area", "Id": 557, "gridcode": 1}, "geometry": {"type": "Polygon", "coordinates": [[[113.74566619712941, 34.81778455994598], [113.74693142683499, 34.81734828229761], [113.75139218946228, 34.81663313260833], [113.75195440411825, 34.81483454027495], [113.74875251105416, 34.81377573536922], [113.74836114298176, 34.81262195620314], [113.74689315632301, 34.81322104603531], [113.74656451241353, 34.81188441497599], [113.74515924991769, 34.81156312286515], [113.74412517849076, 34.80948875593768], [113.74287409461913, 34.81515581962976], [113.74427277765733, 34.813668182942095], [113.7467433640039, 34.81396793842053], [113.74566619712941, 34.81778455994598]]]}}, {"type": "Feature", "properties": {"source": "B79 PCA natural-breaks core area", "Id": 558, "gridcode": 1}, "geometry": {"type": "Polygon", "coordinates": [[[113.75285271940237, 34.809671751685904], [113.75015777355, 34.809671751685904], [113.75015777355, 34.81040931271731], [113.75285271940237, 34.81040931271731], [113.75285271940237, 34.809671751685904]]]}}, {"type": "Feature", "properties": {"source": "B79 PCA natural-breaks core area", "Id": 559, "gridcode": 1}, "geometry": {"type": "Polygon", "coordinates": [[[113.7546493499706, 34.809671751685904], [113.7546493499706, 34.81040931271731], [113.75579987779787, 34.81004053302677], [113.7546493499706, 34.809671751685904]]]}}, {"type": "Feature", "properties": {"source": "B79 PCA natural-breaks core area", "Id": 560, "gridcode": 1}, "geometry": {"type": "Polygon", "coordinates": [[[113.76902239451653, 34.809671751685904], [113.76792713413349, 34.80992423113045], [113.76871491452913, 34.810571013447884], [113.76902239451653, 34.809671751685904]]]}}, {"type": "Feature", "properties": {"source": "B79 PCA natural-breaks core area", "Id": 561, "gridcode": 1}, "geometry": {"type": "Polygon", "coordinates": [[[113.772615655653, 34.809671751685904], [113.77054981560934, 34.8099707113932], [113.77212756955318, 34.81060824238517], [113.772615655653, 34.809671751685904]]]}}, {"type": "Feature", "properties": {"source": "B79 PCA natural-breaks core area", "Id": 562, "gridcode": 1}, "geometry": {"type": "Polygon", "coordinates": [[[113.7824971237783, 34.81114686714737], [113.7818692242035, 34.80934375459005], [113.7803467377039, 34.81064205002709], [113.7824971237783, 34.81114686714737]]]}}, {"type": "Feature", "properties": {"source": "B79 PCA natural-breaks core area", "Id": 563, "gridcode": 1}, "geometry": {"type": "Polygon", "coordinates": [[[113.7869887001989, 34.809671751685904], [113.78512046319995, 34.8100436842274], [113.78394317891157, 34.81348346298083], [113.78663812476394, 34.81233408002649], [113.7869887001989, 34.809671751685904]]]}}, {"type": "Feature", "properties": {"source": "B79 PCA natural-breaks core area", "Id": 564, "gridcode": 1}, "geometry": {"type": "Polygon", "coordinates": [[[113.87322696747438, 34.809671751685904], [113.86929936023179, 34.81000258355823], [113.87252724215358, 34.81064081206442], [113.87322696747438, 34.809671751685904]]]}}, {"type": "Feature", "properties": {"source": "B79 PCA natural-breaks core area", "Id": 565, "gridcode": 1}, "geometry": {"type": "Polygon", "coordinates": [[[113.71153021633286, 34.80893418405316], [113.70946437628923, 34.80923314643619], [113.71104213023307, 34.809870683134235], [113.71153021633286, 34.80893418405316]]]}}, {"type": "Feature", "properties": {"source": "B79 PCA natural-breaks core area", "Id": 566, "gridcode": 1}, "geometry": {"type": "Polygon", "coordinates": [[[113.72141168445819, 34.80893418405316], [113.71840684615063, 34.8092547773872], [113.72080297496818, 34.8098830178586], [113.72141168445819, 34.80893418405316]]]}}, {"type": "Feature", "properties": {"source": "B79 PCA natural-breaks core area", "Id": 567, "gridcode": 1}, "geometry": {"type": "Polygon", "coordinates": [[[113.73308978315173, 34.80893418405316], [113.73308978315173, 34.81040931271731], [113.73488641371996, 34.81040931271731], [113.73488641371996, 34.80893418405316], [113.73308978315173, 34.80893418405316]]]}}, {"type": "Feature", "properties": {"source": "B79 PCA natural-breaks core area", "Id": 568, "gridcode": 1}, "geometry": {"type": "Polygon", "coordinates": [[[113.73668304428821, 34.81040931271731], [113.73785056904774, 34.80999909472722], [113.7370428309639, 34.808733179522314], [113.73668304428821, 34.81040931271731]]]}}, {"type": "Feature", "properties": {"source": "B79 PCA natural-breaks core area", "Id": 569, "gridcode": 1}, "geometry": {"type": "Polygon", "coordinates": [[[113.75015777355, 34.80893418405316], [113.74900724572274, 34.80930296869468], [113.75015777355, 34.809671751685904], [113.75015777355, 34.80893418405316]]]}}, {"type": "Feature", "properties": {"source": "B79 PCA natural-breaks core area", "Id": 570, "gridcode": 1}, "geometry": {"type": "Polygon", "coordinates": [[[113.77800554735771, 34.80893418405316], [113.77683802259818, 34.8093444073443], [113.77764576068202, 34.81061031315993], [113.77800554735771, 34.80893418405316]]]}}, {"type": "Feature", "properties": {"source": "B79 PCA natural-breaks core area", "Id": 571, "gridcode": 1}, "geometry": {"type": "Polygon", "coordinates": [[[113.82112468099544, 34.80893418405316], [113.82002942061243, 34.80918666575746], [113.82081720100805, 34.809833453863725], [113.82112468099544, 34.80893418405316]]]}}, {"type": "Feature", "properties": {"source": "B79 PCA natural-breaks core area", "Id": 572, "gridcode": 1}, "geometry": {"type": "Polygon", "coordinates": [[[113.72141168445819, 34.81483454027495], [113.72000642196232, 34.81451325966736], [113.71922094437687, 34.810716912971714], [113.7182313939467, 34.81083697264532], [113.71313801646663, 34.80815093888314], [113.7120371635446, 34.81197292792457], [113.71383379411283, 34.81441830108335], [113.71461653025762, 34.81672579295118], [113.71563042468107, 34.8173683356581], [113.71641316082585, 34.821150681265614], [113.71992637189429, 34.82195382135197], [113.72090473724646, 34.82483790663206], [113.72145061291592, 34.82548038606462], [113.72359968309881, 34.82253064198593], [113.72472378343787, 34.821818361707905], [113.72154195771961, 34.821091007801094], [113.72012200110167, 34.81958079226878], [113.71748901180882, 34.81791232902597], [113.72102031638579, 34.81672579295118], [113.72141168445819, 34.81483454027495]]]}}, {"type": "Feature", "properties": {"source": "B79 PCA natural-breaks core area", "Id": 573, "gridcode": 1}, "geometry": {"type": "Polygon", "coordinates": [[[113.73308978315173, 34.80893418405316], [113.73278230316434, 34.80803490442959], [113.73199452276872, 34.80868170157535], [113.73308978315173, 34.80893418405316]]]}}, {"type": "Feature", "properties": {"source": "B79 PCA natural-breaks core area", "Id": 574, "gridcode": 1}, "geometry": {"type": "Polygon", "coordinates": [[[113.78788701548302, 34.80819660981919], [113.78582117543938, 34.80849557487793], [113.78739892938322, 34.80913311728197], [113.78788701548302, 34.80819660981919]]]}}, {"type": "Feature", "properties": {"source": "B79 PCA natural-breaks core area", "Id": 575, "gridcode": 1}, "geometry": {"type": "Polygon", "coordinates": [[[113.8283112032684, 34.80819660981919], [113.82861868325578, 34.80909588767824], [113.82940646365144, 34.80844909378318], [113.8283112032684, 34.80819660981919]]]}}, {"type": "Feature", "properties": {"source": "B79 PCA natural-breaks core area", "Id": 576, "gridcode": 1}, "geometry": {"type": "Polygon", "coordinates": [[[113.73039483729939, 34.80745902898404], [113.72929957691635, 34.8077115152077], [113.73008735731199, 34.80835831489152], [113.73039483729939, 34.80745902898404]]]}}, {"type": "Feature", "properties": {"source": "B79 PCA natural-breaks core area", "Id": 577, "gridcode": 1}, "geometry": {"type": "Polygon", "coordinates": [[[113.74386956656117, 34.80745902898404], [113.74277430617815, 34.8077115152077], [113.74356208657379, 34.80835831489152], [113.74386956656117, 34.80745902898404]]]}}, {"type": "Feature", "properties": {"source": "B79 PCA natural-breaks core area", "Id": 578, "gridcode": 1}, "geometry": {"type": "Polygon", "coordinates": [[[113.76093755695943, 34.80745902898404], [113.75874144365439, 34.80797457995466], [113.7603227066423, 34.80922466061933], [113.76093755695943, 34.80745902898404]]]}}, {"type": "Feature", "properties": {"source": "B79 PCA natural-breaks core area", "Id": 579, "gridcode": 1}, "geometry": {"type": "Polygon", "coordinates": [[[113.86693876048554, 34.80745902898404], [113.8651421299173, 34.80745902898404], [113.86644190177554, 34.809191077484016], [113.86693876048554, 34.80745902898404]]]}}, {"type": "Feature", "properties": {"source": "B79 PCA natural-breaks core area", "Id": 580, "gridcode": 1}, "geometry": {"type": "Polygon", "coordinates": [[[113.712428531617, 34.806721441547786], [113.71023241831192, 34.8072369971324], [113.71181368129984, 34.80848708898512], [113.712428531617, 34.806721441547786]]]}}, {"type": "Feature", "properties": {"source": "B79 PCA natural-breaks core area", "Id": 581, "gridcode": 1}, "geometry": {"type": "Polygon", "coordinates": [[[113.75015777355, 34.80893418405316], [113.75285271940237, 34.80893418405316], [113.75285271940237, 34.809671751685904], [113.7546493499706, 34.809671751685904], [113.75443716246147, 34.80837085242353], [113.75306490691149, 34.808022366846465], [113.75250916205555, 34.80654719545619], [113.75088546156582, 34.8070032147735], [113.75213544886118, 34.80792249378666], [113.75036996105914, 34.80837085242353], [113.75015777355, 34.80893418405316]]]}}, {"type": "Feature", "properties": {"source": "B79 PCA natural-breaks core area", "Id": 582, "gridcode": 1}, "geometry": {"type": "Polygon", "coordinates": [[[113.80315837531306, 34.806721441547786], [113.80109253526942, 34.80702041195786], [113.80267028921325, 34.80765796577372], [113.80315837531306, 34.806721441547786]]]}}, {"type": "Feature", "properties": {"source": "B79 PCA natural-breaks core area", "Id": 583, "gridcode": 1}, "geometry": {"type": "Polygon", "coordinates": [[[113.80585332116542, 34.80598384751046], [113.80468579640589, 34.80639408548737], [113.80549353448973, 34.80766003662259], [113.80585332116542, 34.80598384751046]]]}}, {"type": "Feature", "properties": {"source": "B79 PCA natural-breaks core area", "Id": 584, "gridcode": 1}, "geometry": {"type": "Polygon", "coordinates": [[[113.86693876048554, 34.80598384751046], [113.86693876048554, 34.80745902898404], [113.8681958755267, 34.80701602262449], [113.87266146308959, 34.80631890348143], [113.86693876048554, 34.80598384751046]]]}}, {"type": "Feature", "properties": {"source": "B79 PCA natural-breaks core area", "Id": 585, "gridcode": 1}, "geometry": {"type": "Polygon", "coordinates": [[[113.7178184233217, 34.805246246872166], [113.71665089856218, 34.8056564885204], [113.71745863664601, 34.80692245098526], [113.7178184233217, 34.805246246872166]]]}}, {"type": "Feature", "properties": {"source": "B79 PCA natural-breaks core area", "Id": 586, "gridcode": 1}, "geometry": {"type": "Polygon", "coordinates": [[[113.7582426111071, 34.805246246872166], [113.75435228745782, 34.80558276897828], [113.75388021137164, 34.806827461144216], [113.75790015033654, 34.805702633543746], [113.7582426111071, 34.805246246872166]]]}}, {"type": "Feature", "properties": {"source": "B79 PCA natural-breaks core area", "Id": 587, "gridcode": 1}, "geometry": {"type": "Polygon", "coordinates": [[[113.86693876048554, 34.805246246872166], [113.86578823265828, 34.80561504801644], [113.86693876048554, 34.80598384751046], [113.86693876048554, 34.805246246872166]]]}}, {"type": "Feature", "properties": {"source": "B79 PCA natural-breaks core area", "Id": 588, "gridcode": 1}, "geometry": {"type": "Polygon", "coordinates": [[[113.82202299627957, 34.80450863963294], [113.82202299627957, 34.805246246872166], [113.82112468099544, 34.805246246872166], [113.82157504487141, 34.808497870795726], [113.82266591894934, 34.80782673978608], [113.82348758355187, 34.80481725235166], [113.82202299627957, 34.80450863963294]]]}}, {"type": "Feature", "properties": {"source": "B79 PCA natural-breaks core area", "Id": 589, "gridcode": 1}, "geometry": {"type": "Polygon", "coordinates": [[[113.86693876048554, 34.805246246872166], [113.8690046005292, 34.80494727002636], [113.86742684658536, 34.80430969524156], [113.86693876048554, 34.805246246872166]]]}}, {"type": "Feature", "properties": {"source": "B79 PCA natural-breaks core area", "Id": 590, "gridcode": 1}, "geometry": {"type": "Polygon", "coordinates": [[[113.74836114298176, 34.80450863963294], [113.7455555525833, 34.803498403235416], [113.74389489747311, 34.805628261259244], [113.74698647496398, 34.806271745870895], [113.74836114298176, 34.80450863963294]]]}}, {"type": "Feature", "properties": {"source": "B79 PCA natural-breaks core area", "Id": 591, "gridcode": 1}, "geometry": {"type": "Polygon", "coordinates": [[[113.74836114298176, 34.80450863963294], [113.74885186086463, 34.804843318931], [113.75023014758413, 34.806205702661146], [113.75495310159866, 34.80381368277892], [113.75060693119207, 34.80417742554338], [113.74884539106462, 34.80402998374742], [113.74836114298176, 34.80450863963294]]]}}, {"type": "Feature", "properties": {"source": "B79 PCA natural-breaks core area", "Id": 592, "gridcode": 1}, "geometry": {"type": "Polygon", "coordinates": [[[113.82112468099544, 34.80450863963294], [113.82202299627957, 34.80450863963294], [113.8215738386375, 34.80279414100491], [113.82112468099544, 34.80450863963294]]]}}, {"type": "Feature", "properties": {"source": "B79 PCA natural-breaks core area", "Id": 593, "gridcode": 1}, "geometry": {"type": "Polygon", "coordinates": [[[113.75554766525472, 34.802295778310345], [113.75445240487169, 34.80254828035116], [113.75524018526734, 34.803195120554584], [113.75554766525472, 34.802295778310345]]]}}, {"type": "Feature", "properties": {"source": "B79 PCA natural-breaks core area", "Id": 594, "gridcode": 1}, "geometry": {"type": "Polygon", "coordinates": [[[113.7582426111071, 34.805246246872166], [113.76038718532723, 34.80479433716543], [113.76093755695943, 34.80303340535198], [113.75702913980166, 34.80224512923873], [113.75607906611738, 34.80379135258105], [113.75787569668562, 34.80480991409038], [113.7582426111071, 34.805246246872166]]]}}, {"type": "Feature", "properties": {"source": "B79 PCA natural-breaks core area", "Id": 595, "gridcode": 1}, "geometry": {"type": "Polygon", "coordinates": [[[113.81663310457485, 34.802295778310345], [113.81573478929073, 34.802295778310345], [113.8161839469328, 34.803240501601195], [113.81663310457485, 34.802295778310345]]]}}, {"type": "Feature", "properties": {"source": "B79 PCA natural-breaks core area", "Id": 596, "gridcode": 1}, "geometry": {"type": "Polygon", "coordinates": [[[113.84987077008728, 34.802295778310345], [113.84702899267175, 34.802663534658464], [113.84626884599822, 34.80544809277122], [113.84874316070415, 34.805903555427165], [113.84987077008728, 34.802295778310345]]]}}, {"type": "Feature", "properties": {"source": "B79 PCA natural-breaks core area", "Id": 597, "gridcode": 1}, "geometry": {"type": "Polygon", "coordinates": [[[113.88221012031558, 34.802295778310345], [113.88111485993254, 34.80254828035116], [113.88190264032819, 34.803195120554584], [113.88221012031558, 34.802295778310345]]]}}, {"type": "Feature", "properties": {"source": "B79 PCA natural-breaks core area", "Id": 598, "gridcode": 1}, "geometry": {"type": "Polygon", "coordinates": [[[113.8651421299173, 34.80745902898404], [113.8641703440228, 34.804210245375955], [113.86497665655747, 34.80125685832525], [113.86118195435935, 34.802003881655715], [113.86194177206, 34.8081044350849], [113.8651421299173, 34.80745902898404]]]}}, {"type": "Feature", "properties": {"source": "B79 PCA natural-breaks core area", "Id": 599, "gridcode": 1}, "geometry": {"type": "Polygon", "coordinates": [[[113.87771854389497, 34.801558144668064], [113.87821814404568, 34.80251683300536], [113.87976003994534, 34.801853599609515], [113.87771854389497, 34.801558144668064]]]}}, {"type": "Feature", "properties": {"source": "B79 PCA natural-breaks core area", "Id": 600, "gridcode": 1}, "geometry": {"type": "Polygon", "coordinates": [[[113.74566619712941, 34.80082050442517], [113.74457093674638, 34.801073010984965], [113.74535871714203, 34.80171986276493], [113.74566619712941, 34.80082050442517]]]}}, {"type": "Feature", "properties": {"source": "B79 PCA natural-breaks core area", "Id": 601, "gridcode": 1}, "geometry": {"type": "Polygon", "coordinates": [[[113.77441228622124, 34.80082050442517], [113.77324476146171, 34.80123076810075], [113.77405249954555, 34.80249679854112], [113.77441228622124, 34.80082050442517]]]}}, {"type": "Feature", "properties": {"source": "B79 PCA natural-breaks core area", "Id": 602, "gridcode": 1}, "geometry": {"type": "Polygon", "coordinates": [[[113.81573478929073, 34.802295778310345], [113.81537072596758, 34.8005994451812], [113.81459424030757, 34.80189497447222], [113.81573478929073, 34.802295778310345]]]}}, {"type": "Feature", "properties": {"source": "B79 PCA natural-breaks core area", "Id": 603, "gridcode": 1}, "geometry": {"type": "Polygon", "coordinates": [[[113.81663310457485, 34.802295778310345], [113.81975198681495, 34.80150497392158], [113.81729686219384, 34.800530808641554], [113.81663310457485, 34.802295778310345]]]}}, {"type": "Feature", "properties": {"source": "B79 PCA natural-breaks core area", "Id": 604, "gridcode": 1}, "geometry": {"type": "Polygon", "coordinates": [[[113.87771854389497, 34.801558144668064], [113.87741106390759, 34.80065878456394], [113.87662328351195, 34.801305639594275], [113.87771854389497, 34.801558144668064]]]}}, {"type": "Feature", "properties": {"source": "B79 PCA natural-breaks core area", "Id": 605, "gridcode": 1}, "geometry": {"type": "Polygon", "coordinates": [[[113.84897245480315, 34.80008285758171], [113.8467763414981, 34.800598454690366], [113.848357604486, 34.80184864723064], [113.84897245480315, 34.80008285758171]]]}}, {"type": "Feature", "properties": {"source": "B79 PCA natural-breaks core area", "Id": 606, "gridcode": 1}, "geometry": {"type": "Polygon", "coordinates": [[[113.8507690853714, 34.80008285758171], [113.84960156061187, 34.80049312492839], [113.85040929869571, 34.801759166697664], [113.8507690853714, 34.80008285758171]]]}}, {"type": "Feature", "properties": {"source": "B79 PCA natural-breaks core area", "Id": 607, "gridcode": 1}, "geometry": {"type": "Polygon", "coordinates": [[[113.86424381463318, 34.80008285758171], [113.8603162073906, 34.8004137279447], [113.86354408931238, 34.80105203070651], [113.86424381463318, 34.80008285758171]]]}}, {"type": "Feature", "properties": {"source": "B79 PCA natural-breaks core area", "Id": 608, "gridcode": 1}, "geometry": {"type": "Polygon", "coordinates": [[[113.74656451241353, 34.79934520413777], [113.74449867236989, 34.79964420130295], [113.74607642631372, 34.8002818121747], [113.74656451241353, 34.79934520413777]]]}}, {"type": "Feature", "properties": {"source": "B79 PCA natural-breaks core area", "Id": 609, "gridcode": 1}, "geometry": {"type": "Polygon", "coordinates": [[[113.76902239451653, 34.79934520413777], [113.76695655447287, 34.79964420130295], [113.7685343084167, 34.8002818121747], [113.76902239451653, 34.79934520413777]]]}}, {"type": "Feature", "properties": {"source": "B79 PCA natural-breaks core area", "Id": 610, "gridcode": 1}, "geometry": {"type": "Polygon", "coordinates": [[[113.81483647400661, 34.79860754409343], [113.81374121362359, 34.79886005743155], [113.81452899401923, 34.79950692657589], [113.81483647400661, 34.79860754409343]]]}}, {"type": "Feature", "properties": {"source": "B79 PCA natural-breaks core area", "Id": 611, "gridcode": 1}, "geometry": {"type": "Polygon", "coordinates": [[[113.82202299627957, 34.79934520413777], [113.82171551629219, 34.798445819891], [113.82092773589653, 34.79909269228563], [113.82202299627957, 34.79934520413777]]]}}, {"type": "Feature", "properties": {"source": "B79 PCA natural-breaks core area", "Id": 612, "gridcode": 1}, "geometry": {"type": "Polygon", "coordinates": [[[113.74656451241353, 34.79934520413777], [113.74836114298176, 34.79934520413777], [113.74836114298176, 34.797869877448726], [113.74656451241353, 34.797869877448726], [113.74656451241353, 34.79934520413777]]]}}, {"type": "Feature", "properties": {"source": "B79 PCA natural-breaks core area", "Id": 613, "gridcode": 1}, "geometry": {"type": "Polygon", "coordinates": [[[113.81303984343837, 34.797869877448726], [113.81194458305534, 34.798122393046256], [113.81273236345099, 34.79876926797859], [113.81303984343837, 34.797869877448726]]]}}, {"type": "Feature", "properties": {"source": "B79 PCA natural-breaks core area", "Id": 614, "gridcode": 1}, "geometry": {"type": "Polygon", "coordinates": [[[113.7815988084942, 34.79713220420373], [113.7815988084942, 34.79860754409343], [113.782852195176, 34.797869877448726], [113.7815988084942, 34.79713220420373]]]}}, {"type": "Feature", "properties": {"source": "B79 PCA natural-breaks core area", "Id": 615, "gridcode": 1}, "geometry": {"type": "Polygon", "coordinates": [[[113.74836114298176, 34.79934520413777], [113.74912567596039, 34.800364090721544], [113.7507816157926, 34.799777513798794], [113.75217152622061, 34.79611327767721], [113.75050023432055, 34.79667577008041], [113.74891699749534, 34.79906396752207], [113.74836114298176, 34.79934520413777]]]}}, {"type": "Feature", "properties": {"source": "B79 PCA natural-breaks core area", "Id": 616, "gridcode": 1}, "geometry": {"type": "Polygon", "coordinates": [[[113.85166740065551, 34.7963945243585], [113.8507690853714, 34.7963945243585], [113.8507690853714, 34.80008285758171], [113.85166740065551, 34.80008285758171], [113.85166740065551, 34.7963945243585]]]}}, {"type": "Feature", "properties": {"source": "B79 PCA natural-breaks core area", "Id": 617, "gridcode": 1}, "geometry": {"type": "Polygon", "coordinates": [[[113.74566619712941, 34.79565683791311], [113.74449867236989, 34.79606712728567], [113.74530641045372, 34.79733323702589], [113.74566619712941, 34.79565683791311]]]}}, {"type": "Feature", "properties": {"source": "B79 PCA natural-breaks core area", "Id": 618, "gridcode": 1}, "geometry": {"type": "Polygon", "coordinates": [[[113.82202299627957, 34.79934520413777], [113.82232477407032, 34.79983505286411], [113.8251403433129, 34.80033066155441], [113.82602506105121, 34.79781301236928], [113.82721210486841, 34.799739852252664], [113.8250197199227, 34.80180594420601], [113.82471794213193, 34.80598384751046], [113.82682654865027, 34.80637970186937], [113.82514703242816, 34.80847113010207], [113.82471794213193, 34.80598384751046], [113.82381962684781, 34.80598384751046], [113.82381962684781, 34.80893418405316], [113.82491488723083, 34.80918666575746], [113.82412710683519, 34.809833453863725], [113.82381962684781, 34.80893418405316], [113.82292131156369, 34.80893418405316], [113.82292131156369, 34.81262195620314], [113.82523958346573, 34.81215444388235], [113.82561625741604, 34.81335949082872], [113.82794428884694, 34.81366072167716], [113.82895270038902, 34.81587327785488], [113.82985441505959, 34.813496731231176], [113.82762529480867, 34.812233120555256], [113.82974091941517, 34.81158317763372], [113.83098136649696, 34.8101080587283], [113.83286265275359, 34.8108873238287], [113.83415025261517, 34.81241852981132], [113.8349663246787, 34.811448106084676], [113.83696143555264, 34.810835171976606], [113.8365615141853, 34.80937049500059], [113.83782575697225, 34.8099730072699], [113.8385816269983, 34.81087183808583], [113.84012834783358, 34.81058715199169], [113.8415291143667, 34.81366072167716], [113.8430511622358, 34.812497386295334], [113.84231733339284, 34.81071056560504], [113.84110079167385, 34.810020928054406], [113.84468264841706, 34.80810585315854], [113.84654606048043, 34.81032179971744], [113.8485232971611, 34.80995785898419], [113.85113599979286, 34.81043875379822], [113.85032277882765, 34.808287861579124], [113.84664442337227, 34.80715776421002], [113.8455809637012, 34.80589308841308], [113.84321564867697, 34.80715776421002], [113.84125453166754, 34.80776029265682], [113.84043845960402, 34.80873074855745], [113.8395401443199, 34.80766246761903], [113.83864829883579, 34.80872307301053], [113.8350485678993, 34.809385643394265], [113.83367686063745, 34.80913316229962], [113.82736562554686, 34.8104059364459], [113.8268466159961, 34.808505208728675], [113.8283112032684, 34.80819660981919], [113.82783342498557, 34.802646314054435], [113.82881387383266, 34.801926962314276], [113.82780853270415, 34.80118932537168], [113.83022856688447, 34.79941377413011], [113.83150410440703, 34.797486251265354], [113.83010783383664, 34.79713220420373], [113.82961974773684, 34.79806883738238], [113.82804199379301, 34.79743120939494], [113.83010783383664, 34.79713220420373], [113.82950712935344, 34.79633155742292], [113.82703610437635, 34.79569952161047], [113.82613778909223, 34.7968967497969], [113.8251315707027, 34.79663939031481], [113.82230536467026, 34.7974302638901], [113.82286933384827, 34.79891698932366], [113.82202299627957, 34.79934520413777]]]}}, {"type": "Feature", "properties": {"source": "B79 PCA natural-breaks core area", "Id": 619, "gridcode": 1}, "geometry": {"type": "Polygon", "coordinates": [[[113.84717582423491, 34.79565683791311], [113.8459676164956, 34.79617944153491], [113.84679125493543, 34.798087454676796], [113.84717582423491, 34.79565683791311]]]}}, {"type": "Feature", "properties": {"source": "B79 PCA natural-breaks core area", "Id": 620, "gridcode": 1}, "geometry": {"type": "Polygon", "coordinates": [[[113.76273418752768, 34.794919144867606], [113.76163892714465, 34.7951716695025], [113.76242670754029, 34.79581856758637], [113.76273418752768, 34.794919144867606]]]}}, {"type": "Feature", "properties": {"source": "B79 PCA natural-breaks core area", "Id": 621, "gridcode": 1}, "geometry": {"type": "Polygon", "coordinates": [[[113.7815988084942, 34.79713220420373], [113.78190058628495, 34.7966423394177], [113.7845955321373, 34.79600366482704], [113.78372430228717, 34.79479584268542], [113.78204796613626, 34.7954681153724], [113.78068799224053, 34.79492267936235], [113.77981467889548, 34.79639103495145], [113.7815988084942, 34.79713220420373]]]}}, {"type": "Feature", "properties": {"source": "B79 PCA natural-breaks core area", "Id": 622, "gridcode": 1}, "geometry": {"type": "Polygon", "coordinates": [[[113.78609038491479, 34.794919144867606], [113.78499512453176, 34.7951716695025], [113.7857829049274, 34.79581856758637], [113.78609038491479, 34.794919144867606]]]}}, {"type": "Feature", "properties": {"source": "B79 PCA natural-breaks core area", "Id": 623, "gridcode": 1}, "geometry": {"type": "Polygon", "coordinates": [[[113.85256571593963, 34.794919144867606], [113.85166740065551, 34.794919144867606], [113.85166740065551, 34.7963945243585], [113.85256571593963, 34.7963945243585], [113.85256571593963, 34.794919144867606]]]}}, {"type": "Feature", "properties": {"source": "B79 PCA natural-breaks core area", "Id": 624, "gridcode": 1}, "geometry": {"type": "Polygon", "coordinates": [[[113.8786168591791, 34.794919144867606], [113.8774086514398, 34.79544175316516], [113.8782322898796, 34.79734978337856], [113.8786168591791, 34.794919144867606]]]}}, {"type": "Feature", "properties": {"source": "B79 PCA natural-breaks core area", "Id": 625, "gridcode": 1}, "geometry": {"type": "Polygon", "coordinates": [[[113.75195440411825, 34.79418144522208], [113.75078687935871, 34.794591741936294], [113.75159461744256, 34.795857874332654], [113.75195440411825, 34.79418144522208]]]}}, {"type": "Feature", "properties": {"source": "B79 PCA natural-breaks core area", "Id": 626, "gridcode": 1}, "geometry": {"type": "Polygon", "coordinates": [[[113.8004634294607, 34.79418144522208], [113.79936816907767, 34.79443397211625], [113.80015594947332, 34.79508087598787], [113.8004634294607, 34.79418144522208]]]}}, {"type": "Feature", "properties": {"source": "B79 PCA natural-breaks core area", "Id": 627, "gridcode": 1}, "geometry": {"type": "Polygon", "coordinates": [[[113.72949652201525, 34.79344373897656], [113.72743068197161, 34.79374275754397], [113.72900843591545, 34.794380414056484], [113.72949652201525, 34.79344373897656]]]}}, {"type": "Feature", "properties": {"source": "B79 PCA natural-breaks core area", "Id": 628, "gridcode": 1}, "geometry": {"type": "Polygon", "coordinates": [[[113.75285271940237, 34.79344373897656], [113.75195440411825, 34.79344373897656], [113.75195440411825, 34.79418144522208], [113.75285271940237, 34.79418144522208], [113.75285271940237, 34.79344373897656]]]}}, {"type": "Feature", "properties": {"source": "B79 PCA natural-breaks core area", "Id": 629, "gridcode": 1}, "geometry": {"type": "Polygon", "coordinates": [[[113.75285271940237, 34.79270602613112], [113.75285271940237, 34.79344373897656], [113.75494071028676, 34.79307488337883], [113.75285271940237, 34.79270602613112]]]}}, {"type": "Feature", "properties": {"source": "B79 PCA natural-breaks core area", "Id": 630, "gridcode": 1}, "geometry": {"type": "Polygon", "coordinates": [[[113.82561625741604, 34.79270602613112], [113.8226114191085, 34.793026682583424], [113.82500754792603, 34.79365504674395], [113.82561625741604, 34.79270602613112]]]}}, {"type": "Feature", "properties": {"source": "B79 PCA natural-breaks core area", "Id": 631, "gridcode": 1}, "geometry": {"type": "Polygon", "coordinates": [[[113.71512347746935, 34.790492847995985], [113.71395595270981, 34.79090316306382], [113.71476369079366, 34.79216935209855], [113.71512347746935, 34.790492847995985]]]}}, {"type": "Feature", "properties": {"source": "B79 PCA natural-breaks core area", "Id": 632, "gridcode": 1}, "geometry": {"type": "Polygon", "coordinates": [[[113.72051336917406, 34.790492847995985], [113.71657764726704, 34.79083337024711], [113.71731246302862, 34.79174927244147], [113.72017090840352, 34.79094931634561], [113.72051336917406, 34.790492847995985]]]}}, {"type": "Feature", "properties": {"source": "B79 PCA natural-breaks core area", "Id": 633, "gridcode": 1}, "geometry": {"type": "Polygon", "coordinates": [[[113.82202299627957, 34.790492847995985], [113.82085547152005, 34.79090316306382], [113.82166320960388, 34.79216935209855], [113.82202299627957, 34.790492847995985]]]}}, {"type": "Feature", "properties": {"source": "B79 PCA natural-breaks core area", "Id": 634, "gridcode": 1}, "geometry": {"type": "Polygon", "coordinates": [[[113.85256571593963, 34.790492847995985], [113.85047772505524, 34.79143277604861], [113.85233576389486, 34.79226919921823], [113.8517288089269, 34.79347849920904], [113.85256571593963, 34.794919144867606], [113.8537658090145, 34.79442057697638], [113.853162253433, 34.79147841122019], [113.85256571593963, 34.790492847995985]]]}}, {"type": "Feature", "properties": {"source": "B79 PCA natural-breaks core area", "Id": 635, "gridcode": 1}, "geometry": {"type": "Polygon", "coordinates": [[[113.82741288798428, 34.789755108751535], [113.82777695130744, 34.79145166500527], [113.82855343696745, 34.79015597160785], [113.82741288798428, 34.789755108751535]]]}}, {"type": "Feature", "properties": {"source": "B79 PCA natural-breaks core area", "Id": 636, "gridcode": 1}, "geometry": {"type": "Polygon", "coordinates": [[[113.85346403122375, 34.789755108751535], [113.85256571593963, 34.789755108751535], [113.85256571593963, 34.790492847995985], [113.85346403122375, 34.790492847995985], [113.85346403122375, 34.789755108751535]]]}}, {"type": "Feature", "properties": {"source": "B79 PCA natural-breaks core area", "Id": 637, "gridcode": 1}, "geometry": {"type": "Polygon", "coordinates": [[[113.8741252827585, 34.789755108751535], [113.87205944271486, 34.790054140694515], [113.87363719665869, 34.790691825730754], [113.8741252827585, 34.789755108751535]]]}}, {"type": "Feature", "properties": {"source": "B79 PCA natural-breaks core area", "Id": 638, "gridcode": 1}, "geometry": {"type": "Polygon", "coordinates": [[[113.87771854389497, 34.789755108751535], [113.87645331418939, 34.79047251792883], [113.87741599850082, 34.793007343722984], [113.87846465439219, 34.79224959001893], [113.87771854389497, 34.789755108751535]]]}}, {"type": "Feature", "properties": {"source": "B79 PCA natural-breaks core area", "Id": 639, "gridcode": 1}, "geometry": {"type": "Polygon", "coordinates": [[[113.88221012031558, 34.789755108751535], [113.87977308920298, 34.79085363268386], [113.88093677594556, 34.791538590171996], [113.8819215014401, 34.7926669205022], [113.88436182228152, 34.791230580640764], [113.88258514940148, 34.790184834558886], [113.88221012031558, 34.789755108751535]]]}}, {"type": "Feature", "properties": {"source": "B79 PCA natural-breaks core area", "Id": 640, "gridcode": 1}, "geometry": {"type": "Polygon", "coordinates": [[[113.78339543906243, 34.788279610463896], [113.78125634772364, 34.788693358733184], [113.78210849714661, 34.791500046830436], [113.78472547642585, 34.79216946466583], [113.78580801652409, 34.78931545192762], [113.78373789983297, 34.788736091063896], [113.78339543906243, 34.788279610463896]]]}}, {"type": "Feature", "properties": {"source": "B79 PCA natural-breaks core area", "Id": 641, "gridcode": 1}, "geometry": {"type": "Polygon", "coordinates": [[[113.85436234650787, 34.788279610463896], [113.85346403122375, 34.788279610463896], [113.85346403122375, 34.789755108751535], [113.85436234650787, 34.789755108751535], [113.85436234650787, 34.788279610463896]]]}}, {"type": "Feature", "properties": {"source": "B79 PCA natural-breaks core area", "Id": 642, "gridcode": 1}, "geometry": {"type": "Polygon", "coordinates": [[[113.87771854389497, 34.789755108751535], [113.8788860686545, 34.78934478797159], [113.87807833057066, 34.78807855556833], [113.87771854389497, 34.789755108751535]]]}}, {"type": "Feature", "properties": {"source": "B79 PCA natural-breaks core area", "Id": 643, "gridcode": 1}, "geometry": {"type": "Polygon", "coordinates": [[[113.82292131156369, 34.7868040857784], [113.82202299627957, 34.7868040857784], [113.82202299627957, 34.78901736290748], [113.82292131156369, 34.78901736290748], [113.82292131156369, 34.7868040857784]]]}}, {"type": "Feature", "properties": {"source": "B79 PCA natural-breaks core area", "Id": 644, "gridcode": 1}, "geometry": {"type": "Polygon", "coordinates": [[[113.85436234650787, 34.788279610463896], [113.85655845981293, 34.78776393631928], [113.85497719682502, 34.78651353020684], [113.85436234650787, 34.788279610463896]]]}}, {"type": "Feature", "properties": {"source": "B79 PCA natural-breaks core area", "Id": 645, "gridcode": 1}, "geometry": {"type": "Polygon", "coordinates": [[[113.80405669059718, 34.801558144668064], [113.80436417058456, 34.80065878456394], [113.8051519509802, 34.801305639594275], [113.80405669059718, 34.801558144668064], [113.80472275102635, 34.80337477622822], [113.80633592438384, 34.801954402965556], [113.80716734851522, 34.80042424067702], [113.80983038399799, 34.79944850933426], [113.8109123758081, 34.794577738976464], [113.81262413137269, 34.79526054934511], [113.81345555550406, 34.79605312457639], [113.81531907722504, 34.79673592272697], [113.81617747713277, 34.799077226838165], [113.81704881664054, 34.797473599517616], [113.82083540417422, 34.79676719218045], [113.81794713192465, 34.79605312457639], [113.81482594687438, 34.79462305722854], [113.81056519975958, 34.79356958715809], [113.81093255281155, 34.78981468108024], [113.8072044127933, 34.78626084396753], [113.79714113232166, 34.78559673680034], [113.79279430396932, 34.78640775466597], [113.79192943426156, 34.78723225092596], [113.79103111897744, 34.786375918408105], [113.7901662492697, 34.78720041498633], [113.78697301915818, 34.78837061409762], [113.78837455329469, 34.789362349067375], [113.78802770621905, 34.79290772262962], [113.79009935811695, 34.79437345758463], [113.78926793398558, 34.79531543507647], [113.78826401840621, 34.79602568196083], [113.78926793398558, 34.79673592272697], [113.79009935811695, 34.79974147307269], [113.79465782569031, 34.80042424067702], [113.79638756510579, 34.801216766268496], [113.80004771739502, 34.801899521653894], [113.80182263575303, 34.8027126977749], [113.80267577209462, 34.801899521653894], [113.80405669059718, 34.801558144668064]], [[113.79866679889247, 34.79934520413777], [113.79823562510131, 34.800991205877686], [113.79655216120459, 34.80029702977259], [113.79866679889247, 34.79934520413777]], [[113.80585332116542, 34.79344373897656], [113.80443742187971, 34.79822714053038], [113.80458008645303, 34.79902011496404], [113.80175311281721, 34.799666555135694], [113.80036627280278, 34.80114184967221], [113.7998395872181, 34.8003159166986], [113.80008851003242, 34.79893263489408], [113.79694298098885, 34.79821336330604], [113.79267203571469, 34.79677795301194], [113.79449816418472, 34.79562041267288], [113.79469752175144, 34.794512541884586], [113.79301142607167, 34.79344373897656], [113.79505500561694, 34.79214834704085], [113.7944337951574, 34.788695970404184], [113.8034884447717, 34.7893943868004], [113.8053463739537, 34.79312236372376], [113.80585332116542, 34.79344373897656], [113.80680043409376, 34.79092500144915], [113.80807388812141, 34.792880639179394], [113.80585332116542, 34.79344373897656]], [[113.80764995173367, 34.79860754409343], [113.80734247174628, 34.79950692657589], [113.80655469135063, 34.79886005743155], [113.80764995173367, 34.79860754409343]], [[113.79148027661951, 34.797869877448726], [113.79117279663211, 34.79876926797859], [113.79038501623647, 34.798122393046256], [113.79148027661951, 34.797869877448726]]]}}, {"type": "Feature", "properties": {"source": "B79 PCA natural-breaks core area", "Id": 646, "gridcode": 1}, "geometry": {"type": "Polygon", "coordinates": [[[113.7268015761629, 34.7868040857784], [113.72601576960454, 34.78428940091132], [113.72340580841347, 34.78493390766569], [113.7268015761629, 34.7868040857784]]]}}, {"type": "Feature", "properties": {"source": "B79 PCA natural-breaks core area", "Id": 647, "gridcode": 1}, "geometry": {"type": "Polygon", "coordinates": [[[113.75554766525472, 34.78459074925521], [113.75166929428686, 34.78488279761957], [113.75355847589267, 34.78794981713705], [113.75554766525472, 34.788279610463896], [113.75529468510818, 34.78627403779728], [113.75350331810606, 34.78569742494097], [113.75529468510818, 34.78512080805362], [113.75554766525472, 34.78459074925521]]]}}, {"type": "Feature", "properties": {"source": "B79 PCA natural-breaks core area", "Id": 648, "gridcode": 1}, "geometry": {"type": "Polygon", "coordinates": [[[113.85795560764434, 34.78459074925521], [113.85826308763173, 34.785490284625375], [113.85905086802738, 34.784843305518194], [113.85795560764434, 34.78459074925521]]]}}, {"type": "Feature", "properties": {"source": "B79 PCA natural-breaks core area", "Id": 649, "gridcode": 1}, "geometry": {"type": "Polygon", "coordinates": [[[113.74836114298176, 34.78311515857719], [113.74866862296915, 34.78401471003918], [113.7494564033648, 34.78336771935815], [113.74836114298176, 34.78311515857719]]]}}, {"type": "Feature", "properties": {"source": "B79 PCA natural-breaks core area", "Id": 650, "gridcode": 1}, "geometry": {"type": "Polygon", "coordinates": [[[113.8193280504272, 34.78311515857719], [113.81813607201677, 34.783590558517126], [113.8188263667816, 34.78621696208517], [113.82073046182475, 34.7870452427482], [113.82116415774134, 34.78496477631695], [113.81962171355353, 34.78434958510893], [113.8193280504272, 34.78311515857719]]]}}, {"type": "Feature", "properties": {"source": "B79 PCA natural-breaks core area", "Id": 651, "gridcode": 1}, "geometry": {"type": "Polygon", "coordinates": [[[113.85795560764434, 34.78459074925521], [113.8587997520605, 34.78278705581769], [113.85486117905516, 34.78453576632358], [113.85606445220124, 34.7863467839435], [113.85745677509705, 34.78491884484039], [113.85795560764434, 34.78459074925521]]]}}, {"type": "Feature", "properties": {"source": "B79 PCA natural-breaks core area", "Id": 652, "gridcode": 1}, "geometry": {"type": "Polygon", "coordinates": [[[113.86065055349671, 34.78311515857719], [113.86065055349671, 34.78385295721576], [113.86334549934907, 34.78385295721576], [113.86334549934907, 34.78311515857719], [113.86065055349671, 34.78311515857719]]]}}, {"type": "Feature", "properties": {"source": "B79 PCA natural-breaks core area", "Id": 653, "gridcode": 1}, "geometry": {"type": "Polygon", "coordinates": [[[113.86334549934907, 34.78385295721576], [113.86395256397466, 34.78483859978765], [113.86707956087919, 34.78426116633436], [113.86469165638371, 34.78330336900702], [113.86334549934907, 34.78385295721576]]]}}, {"type": "Feature", "properties": {"source": "B79 PCA natural-breaks core area", "Id": 654, "gridcode": 1}, "geometry": {"type": "Polygon", "coordinates": [[[113.77171734036887, 34.78237735333963], [113.76965150032524, 34.78267641203182], [113.77122925426907, 34.78331415411136], [113.77171734036887, 34.78237735333963]]]}}, {"type": "Feature", "properties": {"source": "B79 PCA natural-breaks core area", "Id": 655, "gridcode": 1}, "geometry": {"type": "Polygon", "coordinates": [[[113.80136174474482, 34.78237735333963], [113.79929590470118, 34.78267641203182], [113.80087365864502, 34.78331415411136], [113.80136174474482, 34.78237735333963]]]}}, {"type": "Feature", "properties": {"source": "B79 PCA natural-breaks core area", "Id": 656, "gridcode": 1}, "geometry": {"type": "Polygon", "coordinates": [[[113.80675163644953, 34.78237735333963], [113.80468579640589, 34.78267641203182], [113.80626355034973, 34.78331415411136], [113.80675163644953, 34.78237735333963]]]}}, {"type": "Feature", "properties": {"source": "B79 PCA natural-breaks core area", "Id": 657, "gridcode": 1}, "geometry": {"type": "Polygon", "coordinates": [[[113.86065055349671, 34.78311515857719], [113.86034307350933, 34.78221559730547], [113.85955529311367, 34.782862597022984], [113.86065055349671, 34.78311515857719]]]}}, {"type": "Feature", "properties": {"source": "B79 PCA natural-breaks core area", "Id": 658, "gridcode": 1}, "geometry": {"type": "Polygon", "coordinates": [[[113.88221012031558, 34.78237735333963], [113.88014428027194, 34.78267641203182], [113.88172203421577, 34.78331415411136], [113.88221012031558, 34.78237735333963]]]}}, {"type": "Feature", "properties": {"source": "B79 PCA natural-breaks core area", "Id": 659, "gridcode": 1}, "geometry": {"type": "Polygon", "coordinates": [[[113.82651457270016, 34.78311515857719], [113.82861298105917, 34.7827672192036], [113.8276693771749, 34.78139168135848], [113.82579291585388, 34.781922796461444], [113.82651457270016, 34.78311515857719]]]}}, {"type": "Feature", "properties": {"source": "B79 PCA natural-breaks core area", "Id": 660, "gridcode": 1}, "geometry": {"type": "Polygon", "coordinates": [[[113.78968364605126, 34.78090172306766], [113.78774139015377, 34.78200313441569], [113.78715417355873, 34.78415430715409], [113.78949920192188, 34.783500765463735], [113.79216618507924, 34.781988386282535], [113.79005056047274, 34.78133818237781], [113.78968364605126, 34.78090172306766]]]}}, {"type": "Feature", "properties": {"source": "B79 PCA natural-breaks core area", "Id": 661, "gridcode": 1}, "geometry": {"type": "Polygon", "coordinates": [[[113.83549772554136, 34.78090172306766], [113.83440246515833, 34.78115429062535], [113.83519024555397, 34.7818012986668], [113.83549772554136, 34.78090172306766]]]}}, {"type": "Feature", "properties": {"source": "B79 PCA natural-breaks core area", "Id": 662, "gridcode": 1}, "geometry": {"type": "Polygon", "coordinates": [[[113.74836114298176, 34.78311515857719], [113.74795080413983, 34.7814983414702], [113.74545499653892, 34.77990934596488], [113.74453551733271, 34.78115041779353], [113.74625461995834, 34.781894088232946], [113.74687440486872, 34.7828606156152], [113.74836114298176, 34.78311515857719]]]}}, {"type": "Feature", "properties": {"source": "B79 PCA natural-breaks core area", "Id": 663, "gridcode": 1}, "geometry": {"type": "Polygon", "coordinates": [[[113.81483647400661, 34.780163898033365], [113.81520053732976, 34.781860651577716], [113.81597702298977, 34.78056480750484], [113.81483647400661, 34.780163898033365]]]}}, {"type": "Feature", "properties": {"source": "B79 PCA natural-breaks core area", "Id": 664, "gridcode": 1}, "geometry": {"type": "Polygon", "coordinates": [[[113.79237859190363, 34.779426066400305], [113.79031275185999, 34.7797251357915], [113.79189050580382, 34.78036290068681], [113.79237859190363, 34.779426066400305]]]}}, {"type": "Feature", "properties": {"source": "B79 PCA natural-breaks core area", "Id": 665, "gridcode": 1}, "geometry": {"type": "Polygon", "coordinates": [[[113.87143033690614, 34.779426066400305], [113.8703350765231, 34.779678638475765], [113.87112285691876, 34.78032565809052], [113.87143033690614, 34.779426066400305]]]}}, {"type": "Feature", "properties": {"source": "B79 PCA natural-breaks core area", "Id": 666, "gridcode": 1}, "geometry": {"type": "Polygon", "coordinates": [[[113.8139381587225, 34.77868822816857], [113.8139381587225, 34.780163898033365], [113.81483647400661, 34.780163898033365], [113.81483647400661, 34.77868822816857], [113.8139381587225, 34.77868822816857]]]}}, {"type": "Feature", "properties": {"source": "B79 PCA natural-breaks core area", "Id": 667, "gridcode": 1}, "geometry": {"type": "Polygon", "coordinates": [[[113.8741252827585, 34.77868822816857], [113.87494475420849, 34.7819744036989], [113.86739691005305, 34.78283981083064], [113.86828689135749, 34.784244437230356], [113.87175459451053, 34.784186301878925], [113.87640363928415, 34.78516484812675], [113.87636175007047, 34.78347683114039], [113.8790570248957, 34.78240284159447], [113.87817669346249, 34.78126324772028], [113.87634968773145, 34.780535243171705], [113.87811100854364, 34.779145257223625], [113.8741252827585, 34.77868822816857]]]}}, {"type": "Feature", "properties": {"source": "B79 PCA natural-breaks core area", "Id": 668, "gridcode": 1}, "geometry": {"type": "Polygon", "coordinates": [[[113.83100614912077, 34.777950383338144], [113.82983862436124, 34.778360760801554], [113.83064636244508, 34.779627142386566], [113.83100614912077, 34.777950383338144]]]}}, {"type": "Feature", "properties": {"source": "B79 PCA natural-breaks core area", "Id": 669, "gridcode": 1}, "geometry": {"type": "Polygon", "coordinates": [[[113.8741252827585, 34.77868822816857], [113.87381780277111, 34.777788618623795], [113.87303002237547, 34.778435653061045], [113.8741252827585, 34.77868822816857]]]}}, {"type": "Feature", "properties": {"source": "B79 PCA natural-breaks core area", "Id": 670, "gridcode": 1}, "geometry": {"type": "Polygon", "coordinates": [[[113.74297125127705, 34.777212531909136], [113.74027630542469, 34.777212531909136], [113.74027630542469, 34.77868822816857], [113.74297125127705, 34.77868822816857], [113.74297125127705, 34.777212531909136]]]}}, {"type": "Feature", "properties": {"source": "B79 PCA natural-breaks core area", "Id": 671, "gridcode": 1}, "geometry": {"type": "Polygon", "coordinates": [[[113.73847967485645, 34.77647467388165], [113.73731215009694, 34.776885058685025], [113.73811988818076, 34.778151462920945], [113.73847967485645, 34.77647467388165]]]}}, {"type": "Feature", "properties": {"source": "B79 PCA natural-breaks core area", "Id": 672, "gridcode": 1}, "geometry": {"type": "Polygon", "coordinates": [[[113.7546493499706, 34.777212531909136], [113.75574461035363, 34.77695995228406], [113.75495682995799, 34.77631290627399], [113.7546493499706, 34.777212531909136]]]}}, {"type": "Feature", "properties": {"source": "B79 PCA natural-breaks core area", "Id": 673, "gridcode": 1}, "geometry": {"type": "Polygon", "coordinates": [[[113.8193280504272, 34.77647467388165], [113.8185359933841, 34.77699566520301], [113.82008874538887, 34.78031367921075], [113.8191658667962, 34.78122983332581], [113.81798057750103, 34.77891947883704], [113.81641982048946, 34.78196168202249], [113.82231216344317, 34.78280387528131], [113.82292131156369, 34.7868040857784], [113.82381962684781, 34.7868040857784], [113.82381962684781, 34.78901736290748], [113.82292131156369, 34.78901736290748], [113.82330610017843, 34.79218211722748], [113.82414585828948, 34.7900230037795], [113.82741288798428, 34.789755108751535], [113.82697546370837, 34.78822962821761], [113.82498748058022, 34.78722369529982], [113.8238491247496, 34.78422185406038], [113.82617211192962, 34.78357166776], [113.82651457270016, 34.78311515857719], [113.82413763396742, 34.78285392836359], [113.82350161972819, 34.781449345835426], [113.82538630537127, 34.780600789062774], [113.82481312495256, 34.77945862588219], [113.82197332137433, 34.78042002548294], [113.82269135951891, 34.77898916914994], [113.82144268811507, 34.778426983936484], [113.82080667387582, 34.77747377998669], [113.81964605754683, 34.776951283004436], [113.8193280504272, 34.77647467388165]]]}}, {"type": "Feature", "properties": {"source": "B79 PCA natural-breaks core area", "Id": 674, "gridcode": 1}, "geometry": {"type": "Polygon", "coordinates": [[[113.8193280504272, 34.77647467388165], [113.82042331081024, 34.776222091997774], [113.81963553041459, 34.77557504020138], [113.8193280504272, 34.77647467388165]]]}}, {"type": "Feature", "properties": {"source": "B79 PCA natural-breaks core area", "Id": 675, "gridcode": 1}, "geometry": {"type": "Polygon", "coordinates": [[[113.82381962684781, 34.77573680925566], [113.82272436646477, 34.775989392625064], [113.82351214686042, 34.77663644117215], [113.82381962684781, 34.77573680925566]]]}}, {"type": "Feature", "properties": {"source": "B79 PCA natural-breaks core area", "Id": 676, "gridcode": 1}, "geometry": {"type": "Polygon", "coordinates": [[[113.78519206963067, 34.77573680925566], [113.78488458964328, 34.77483716753039], [113.78409680924763, 34.775484225113075], [113.78519206963067, 34.77573680925566]]]}}, {"type": "Feature", "properties": {"source": "B79 PCA natural-breaks core area", "Id": 677, "gridcode": 1}, "geometry": {"type": "Polygon", "coordinates": [[[113.73758135957233, 34.77426106020859], [113.73526144280586, 34.77456913310848], [113.73049418710985, 34.77575867417451], [113.73094597653497, 34.777636288393325], [113.72807492053292, 34.77825844246343], [113.72553842995224, 34.779581140387265], [113.72179241574071, 34.778973137005636], [113.7207379479951, 34.783292989187125], [113.72558996903715, 34.782505515050154], [113.72900876488833, 34.780722806506894], [113.72987155110116, 34.779734120015576], [113.73181643878172, 34.77911801163482], [113.73439865659304, 34.777771460376854], [113.73526144280586, 34.77678273851683], [113.73712353897771, 34.775686504157775], [113.73758135957233, 34.77426106020859]]]}}, {"type": "Feature", "properties": {"source": "B79 PCA natural-breaks core area", "Id": 678, "gridcode": 1}, "geometry": {"type": "Polygon", "coordinates": [[[113.7824971237783, 34.77426106020859], [113.78043128373467, 34.774560148321974], [113.7820090376785, 34.77519795314284], [113.7824971237783, 34.77426106020859]]]}}, {"type": "Feature", "properties": {"source": "B79 PCA natural-breaks core area", "Id": 679, "gridcode": 1}, "geometry": {"type": "Polygon", "coordinates": [[[113.810344897586, 34.77352317578764], [113.80827905754238, 34.773822266575515], [113.80985681148621, 34.7744600770998], [113.810344897586, 34.77352317578764]]]}}, {"type": "Feature", "properties": {"source": "B79 PCA natural-breaks core area", "Id": 680, "gridcode": 1}, "geometry": {"type": "Polygon", "coordinates": [[[113.81483647400661, 34.77352317578764], [113.81284531080726, 34.7737518287884], [113.81395537497, 34.77462999994475], [113.81281943160718, 34.77552863061878], [113.81460707024998, 34.77563881111366], [113.81483647400661, 34.77352317578764]]]}}, {"type": "Feature", "properties": {"source": "B79 PCA natural-breaks core area", "Id": 681, "gridcode": 1}, "geometry": {"type": "Polygon", "coordinates": [[[113.77980217792596, 34.77278528476847], [113.77620891678947, 34.77278528476847], [113.77620891678947, 34.77426106020859], [113.77980217792596, 34.77426106020859], [113.77980217792596, 34.77278528476847]]]}}, {"type": "Feature", "properties": {"source": "B79 PCA natural-breaks core area", "Id": 682, "gridcode": 1}, "geometry": {"type": "Polygon", "coordinates": [[[113.8193280504272, 34.77278528476847], [113.81663310457485, 34.77278528476847], [113.81663310457485, 34.77426106020859], [113.8193280504272, 34.77426106020859], [113.8193280504272, 34.77278528476847]]]}}, {"type": "Feature", "properties": {"source": "B79 PCA natural-breaks core area", "Id": 683, "gridcode": 1}, "geometry": {"type": "Polygon", "coordinates": [[[113.77800554735771, 34.77130948293576], [113.77593970731407, 34.77160858174698], [113.7775174612579, 34.77224640938123], [113.77800554735771, 34.77130948293576]]]}}, {"type": "Feature", "properties": {"source": "B79 PCA natural-breaks core area", "Id": 684, "gridcode": 1}, "geometry": {"type": "Polygon", "coordinates": [[[113.77441228622124, 34.77057157212237], [113.7733170258382, 34.770824171302415], [113.77410480623385, 34.771471260352385], [113.77441228622124, 34.77057157212237]]]}}, {"type": "Feature", "properties": {"source": "B79 PCA natural-breaks core area", "Id": 685, "gridcode": 1}, "geometry": {"type": "Polygon", "coordinates": [[[113.77441228622124, 34.78311515857719], [113.77463269805241, 34.78182052757356], [113.77634379567125, 34.781363715986544], [113.77509611118606, 34.780376703410184], [113.77800554735771, 34.780163898033365], [113.77761417928532, 34.77974749502404], [113.77506452978933, 34.778890364255915], [113.77402091814884, 34.773844627407755], [113.77276873770091, 34.77305066778109], [113.77100566236669, 34.76951218746691], [113.76952934172824, 34.77245101580348], [113.77031207787303, 34.778366795417874], [113.77297730650835, 34.780056515659915], [113.7739053390095, 34.78279374307475], [113.77441228622124, 34.78311515857719]]]}}, {"type": "Feature", "properties": {"source": "B79 PCA natural-breaks core area", "Id": 686, "gridcode": 1}, "geometry": {"type": "Polygon", "coordinates": [[[113.80405669059718, 34.76983365471102], [113.80105185228963, 34.77015440008009], [113.80344798110717, 34.770782938485574], [113.80405669059718, 34.76983365471102]]]}}, {"type": "Feature", "properties": {"source": "B79 PCA natural-breaks core area", "Id": 687, "gridcode": 1}, "geometry": {"type": "Polygon", "coordinates": [[[113.79148027661951, 34.768357800094726], [113.79097332940778, 34.76867927183523], [113.78994167044867, 34.77172257319352], [113.79056748652856, 34.77520164610936], [113.7892344884092, 34.77378308443792], [113.7877315209673, 34.775382466158696], [113.78519206963067, 34.77573680925566], [113.78445824078774, 34.77660980273284], [113.78286403819978, 34.77751390610493], [113.78120294445908, 34.779489946920734], [113.77800554735771, 34.780163898033365], [113.7767158640012, 34.78279374307475], [113.77441228622124, 34.78311515857719], [113.77402091814884, 34.78353154458807], [113.77121039315713, 34.78417436859104], [113.77042765701236, 34.7864826846502], [113.7685154473048, 34.787125485654165], [113.767692686126, 34.78877639181916], [113.76677660630622, 34.78780171590892], [113.76593608059177, 34.788695970404184], [113.76434418081398, 34.78933875415832], [113.76284987632465, 34.786340209549785], [113.76132892503183, 34.784269339502366], [113.76054618888705, 34.78269877046452], [113.7595322944636, 34.7820559349624], [113.75689809893684, 34.77894490060904], [113.75605461246646, 34.77984247103199], [113.75399480359232, 34.780485323782436], [113.7546493499706, 34.777212531909136], [113.75022839306209, 34.77688951717538], [113.74889254384442, 34.77530032031243], [113.74782974211912, 34.7746975546494], [113.74692243490955, 34.77361818147912], [113.74154153513028, 34.77248389330148], [113.73799674266515, 34.77126090911445], [113.73758135957233, 34.77426106020859], [113.73981267297582, 34.77467737831672], [113.74149920728608, 34.77450504611362], [113.74337073401387, 34.77540867715163], [113.74707540729985, 34.776067079250765], [113.746953796991, 34.77687015201348], [113.74959632649743, 34.780562488292475], [113.75393624641926, 34.781333724127855], [113.75554766525472, 34.78459074925521], [113.75902765006204, 34.78679681345849], [113.7604306097477, 34.78920882443814], [113.75554766525472, 34.788279610463896], [113.75513195318904, 34.78941368147971], [113.75398482474823, 34.790096534609816], [113.75243700733668, 34.78862104243073], [113.74233567566831, 34.78777483341364], [113.73283746095096, 34.78840161654959], [113.73177575580193, 34.78941368147971], [113.72836595187619, 34.790096534609816], [113.72728417938133, 34.787145523853624], [113.7268015761629, 34.7868040857784], [113.72640209342607, 34.78942703240453], [113.72191051700548, 34.79022513460619], [113.72348333635608, 34.79155864981284], [113.72909703927843, 34.79090251016354], [113.73384225379134, 34.790017307726515], [113.73533557136203, 34.79016986274856], [113.73623388664616, 34.79007809562333], [113.73717288491005, 34.79017402783894], [113.73862058490774, 34.788689283625665], [113.74167345325611, 34.7893454408842], [113.74257352306226, 34.7902684515066], [113.75078435723329, 34.78931916677644], [113.75235388685506, 34.79237796152375], [113.75285271940237, 34.79270602613112], [113.75317895084405, 34.792236194524186], [113.75522143381305, 34.791700417977225], [113.75623521857887, 34.79024030903232], [113.7591409263912, 34.791139782786594], [113.76183587224357, 34.79030555453002], [113.76459200705204, 34.79115873935156], [113.76776593742113, 34.789940895025275], [113.76845031067407, 34.791700417977225], [113.77049279364309, 34.792236194524186], [113.77081902508476, 34.79418144522208], [113.7728605211351, 34.7944769266006], [113.77131862523544, 34.79514021934275], [113.77081902508476, 34.79418144522208], [113.76935136739888, 34.79479118254823], [113.76902239451653, 34.79934520413777], [113.76961893200988, 34.79959301032781], [113.7702224875914, 34.80127036490932], [113.76167489484645, 34.80183660394444], [113.76093755695943, 34.80303340535198], [113.76502625125677, 34.80261394381123], [113.76582861611686, 34.804918232163196], [113.76632744866416, 34.805246246872166], [113.7669422989813, 34.80348053000513], [113.76852356196922, 34.804730678834716], [113.76632744866416, 34.805246246872166], [113.76672693140098, 34.80565583573697], [113.76789840383509, 34.80642611660258], [113.76520345798274, 34.808198050400314], [113.76618653861289, 34.80999974747625], [113.7676252466851, 34.808524611480735], [113.76862291177969, 34.80786860685222], [113.76942187725334, 34.80409904506729], [113.77008289343165, 34.80344300521308], [113.77121850782157, 34.80565583573697], [113.77227823913331, 34.806352645354266], [113.77115644160443, 34.807090236091064], [113.77221617291616, 34.807787033581135], [113.77301513838981, 34.808606184021734], [113.77401280348441, 34.80926218277913], [113.77489774053798, 34.810169462051526], [113.77582204467981, 34.80410127357697], [113.77141907162219, 34.8033190404666], [113.77041954234792, 34.800260516537435], [113.77549680015677, 34.798503697561706], [113.77441228622124, 34.80082050442517], [113.77491111876853, 34.801148535440944], [113.77571501883541, 34.80271503887495], [113.77761812695991, 34.80252065981257], [113.78469323708337, 34.80418167996686], [113.78389427160973, 34.804918232163196], [113.78198655786487, 34.805578312038975], [113.7821089357771, 34.80638604956964], [113.7803839116396, 34.80752025420694], [113.78499994946736, 34.80799168689978], [113.7874875327462, 34.80713102308152], [113.78833617312509, 34.806260896240204], [113.79044127059936, 34.808419291847116], [113.79335838280494, 34.80942859008816], [113.7964706855874, 34.811474845812334], [113.79777045744564, 34.81280744336164], [113.80577360007027, 34.813624743290646], [113.80728380491558, 34.81207631858081], [113.81287250589888, 34.81076440566442], [113.81433764145932, 34.80926218277913], [113.81985418772375, 34.807967129428754], [113.81964419336717, 34.806580802178416], [113.82062584844815, 34.80557426027573], [113.82112468099544, 34.805246246872166], [113.82112468099544, 34.80450863963294], [113.81976130771329, 34.804048622205805], [113.8180547060572, 34.80493828854886], [113.81521150309251, 34.805554204044846], [113.81446144492071, 34.80641348873644], [113.81118290117503, 34.80797421980839], [113.8098879542524, 34.809457693888426], [113.80805732981965, 34.806865231999346], [113.80721472061028, 34.81114470635302], [113.80093978219436, 34.81012665079506], [113.79635609336671, 34.80898338844704], [113.79290187810184, 34.80481659956156], [113.78744421798336, 34.80363432069616], [113.786613671113, 34.801866115620236], [113.78556709871657, 34.8012501725653], [113.78467931056468, 34.79935994916722], [113.78198118464113, 34.799797751526256], [113.7815988084942, 34.79860754409343], [113.77753928312578, 34.79825278146957], [113.77667518102142, 34.796749294978504], [113.77482657273775, 34.79454313679703], [113.77681631038796, 34.79377195693488], [113.77658284929909, 34.78893457772184], [113.77843759840988, 34.78346998632792], [113.7812601857406, 34.78273603450551], [113.78373406181602, 34.78054303392617], [113.78655664914673, 34.77980905606204], [113.78823342392816, 34.77689082319777], [113.79274879605391, 34.77674380547936], [113.79379174974865, 34.78568335292511], [113.79464258328008, 34.782017679900164], [113.79453599606619, 34.77980905606204], [113.79643811727205, 34.78051873847845], [113.79771003609291, 34.78273218426397], [113.79823606373182, 34.782020787139544], [113.79816423798583, 34.780532811375366], [113.80003137840852, 34.77980905606204], [113.8013947516907, 34.77860050135784], [113.80360753295513, 34.780562060476605], [113.80526785909242, 34.779090270662394], [113.8139381587225, 34.77868822816857], [113.81259693628108, 34.77677742434971], [113.80537071794699, 34.77755400968621], [113.80451758160537, 34.77836742590017], [113.8022818818968, 34.77734286332375], [113.7947001535345, 34.77784324577466], [113.79744214250904, 34.77683826703936], [113.79375951040618, 34.775927558522326], [113.79459093453755, 34.77312678086777], [113.79603863453522, 34.772102265811284], [113.79728588038991, 34.77091307738241], [113.79825108682678, 34.77023006544917], [113.79866679889247, 34.76983365471102], [113.79552576581162, 34.770257516647774], [113.79197823190579, 34.769826876325304], [113.79148027661951, 34.768357800094726]], [[113.77351397093712, 34.790492847995985], [113.77315418426143, 34.79216935209855], [113.77234644617758, 34.79090316306382], [113.77351397093712, 34.790492847995985]], [[113.78429375434655, 34.77868822816857], [113.78398627435915, 34.77958782790415], [113.78319849396352, 34.77894080250283], [113.78429375434655, 34.77868822816857]]]}}, {"type": "Feature", "properties": {"source": "B79 PCA natural-breaks core area", "Id": 688, "gridcode": 1}, "geometry": {"type": "Polygon", "coordinates": [[[113.7959718530401, 34.768357800094726], [113.79390601299646, 34.76865690960335], [113.7954837669403, 34.76929476005011], [113.7959718530401, 34.768357800094726]]]}}, {"type": "Feature", "properties": {"source": "B79 PCA natural-breaks core area", "Id": 689, "gridcode": 1}, "geometry": {"type": "Polygon", "coordinates": [[[113.810344897586, 34.7676198628899], [113.80917737282648, 34.76803029173027], [113.8098663516998, 34.77005479642449], [113.81238913507705, 34.76949856308321], [113.81061410706143, 34.76887458641851], [113.810344897586, 34.7676198628899]]]}}, {"type": "Feature", "properties": {"source": "B79 PCA natural-breaks core area", "Id": 690, "gridcode": 1}, "geometry": {"type": "Polygon", "coordinates": [[[113.79148027661951, 34.768357800094726], [113.7926884843588, 34.76783502018918], [113.791864845919, 34.76592630719112], [113.79148027661951, 34.768357800094726]]]}}, {"type": "Feature", "properties": {"source": "B79 PCA natural-breaks core area", "Id": 691, "gridcode": 1}, "geometry": {"type": "Polygon", "coordinates": [[[113.79058196133539, 34.76466804809427], [113.78757712302783, 34.76498881353768], [113.78997325184538, 34.7656173912816], [113.79058196133539, 34.76466804809427]]]}}, {"type": "Feature", "properties": {"source": "B79 PCA natural-breaks core area", "Id": 692, "gridcode": 1}, "geometry": {"type": "Polygon", "coordinates": [[[113.79866679889247, 34.76983365471102], [113.8006559882545, 34.769503787640545], [113.80136174474482, 34.768357800094726], [113.80022119576164, 34.767956831310826], [113.80099768142168, 34.76666076887243], [113.80136174474482, 34.768357800094726], [113.80258629147062, 34.76778425987207], [113.80148127155874, 34.76545983629076], [113.79878533878774, 34.76629460857334], [113.79565976743237, 34.764400070728435], [113.79239383431383, 34.76499241687756], [113.79442118453025, 34.765941959019884], [113.79552269539803, 34.767529039046856], [113.79642101068217, 34.76623479405438], [113.79723982418638, 34.76741456888363], [113.79833168518294, 34.767076494753894], [113.79866679889247, 34.76983365471102]]]}}, {"type": "Feature", "properties": {"source": "B79 PCA natural-breaks core area", "Id": 693, "gridcode": 1}, "geometry": {"type": "Polygon", "coordinates": [[[113.8049550058813, 34.76466804809427], [113.80385974549826, 34.76492066534231], [113.80464752589391, 34.76556780067801], [113.8049550058813, 34.76466804809427]]]}}]}